Copyright 1986-2022 Xilinx, Inc. All Rights Reserved. Copyright 2022-2026 Advanced Micro Devices, Inc. All Rights Reserved.
---------------------------------------------------------------------------------------------------------------------------------------------
| Tool Version : Vivado v.2026.1 (lin64) Build 6511674 Tue Jun 16 11:01:26 MDT 2026
| Date         : Wed Sep 30 17:44:59 2026
| Host         : vagrant-devbox running 64-bit Ubuntu 24.04.4 LTS
| Command      : report_timing -from [all_registers] -to [all_registers] -max_paths 10 -file internal_paths.rpt
| Design       : bench
| Device       : 7a200t-fbg676
| Speed File   : -1  PRODUCTION 1.23 2018-06-13
| Design State : Routed
---------------------------------------------------------------------------------------------------------------------------------------------

Timing Report

Slack (MET) :             5.180ns  (required time - arrival time)
  Source:                 dut/remainder_reg[4]/C
                            (rising edge-triggered cell FDRE clocked by clock  {rise@0.000ns fall@10.000ns period=20.000ns})
  Destination:            dut/ctor_result_reg[63]/D
                            (rising edge-triggered cell FDRE clocked by clock  {rise@0.000ns fall@10.000ns period=20.000ns})
  Path Group:             clock
  Path Type:              Setup (Max at Slow Process Corner)
  Requirement:            20.000ns  (clock rise@20.000ns - clock rise@0.000ns)
  Data Path Delay:        14.833ns  (logic 6.985ns (47.091%)  route 7.848ns (52.909%))
  Logic Levels:           38  (CARRY4=32 LUT2=2 LUT4=1 LUT6=3)
  Clock Path Skew:        -0.031ns (DCD - SCD + CPR)
    Destination Clock Delay (DCD):    1.822ns = ( 21.822 - 20.000 ) 
    Source Clock Delay      (SCD):    1.940ns
    Clock Pessimism Removal (CPR):    0.087ns
  Clock Uncertainty:      0.035ns  ((TSJ^2 + TIJ^2)^1/2 + DJ) / 2 + PE
    Total System Jitter     (TSJ):    0.071ns
    Total Input Jitter      (TIJ):    0.000ns
    Discrete Jitter          (DJ):    0.000ns
    Phase Error              (PE):    0.000ns

    Location             Delay type                Incr(ns)  Path(ns)    Netlist Resource(s)
  -------------------------------------------------------------------    -------------------
                         (clock clock rise edge)      0.000     0.000 r  <hidden>
                                                      0.000     0.000 r  clk
                         net (fo=774, unset)          1.940     1.940    dut/clk
    SLICE_X25Y93         FDRE                                         r  dut/remainder_reg[4]/C
  -------------------------------------------------------------------    -------------------
    SLICE_X25Y93         FDRE (Prop_fdre_C_Q)         0.456     2.396 r  dut/remainder_reg[4]/Q
                         net (fo=9, routed)           1.214     3.610    dut/p_0_in1_in[5]
    SLICE_X21Y92         LUT2 (Prop_lut2_I1_O)        0.124     3.734 r  dut/ctor_result[0]_i_279/O
                         net (fo=1, routed)           0.000     3.734    dut/ctor_result[0]_i_279_n_0
    SLICE_X21Y92         CARRY4 (Prop_carry4_S[0]_CO[3])
                                                      0.532     4.266 r  dut/ctor_result_reg[0]_i_244/CO[3]
                         net (fo=1, routed)           0.000     4.266    dut/ctor_result_reg[0]_i_244_n_0
    SLICE_X21Y93         CARRY4 (Prop_carry4_CI_CO[3])
                                                      0.114     4.380 r  dut/ctor_result_reg[0]_i_243/CO[3]
                         net (fo=1, routed)           0.000     4.380    dut/ctor_result_reg[0]_i_243_n_0
    SLICE_X21Y94         CARRY4 (Prop_carry4_CI_CO[3])
                                                      0.114     4.494 r  dut/ctor_result_reg[0]_i_216/CO[3]
                         net (fo=1, routed)           0.000     4.494    dut/ctor_result_reg[0]_i_216_n_0
    SLICE_X21Y95         CARRY4 (Prop_carry4_CI_CO[3])
                                                      0.114     4.608 r  dut/ctor_result_reg[0]_i_215/CO[3]
                         net (fo=1, routed)           0.000     4.608    dut/ctor_result_reg[0]_i_215_n_0
    SLICE_X21Y96         CARRY4 (Prop_carry4_CI_CO[3])
                                                      0.114     4.722 r  dut/ctor_result_reg[0]_i_214/CO[3]
                         net (fo=1, routed)           0.000     4.722    dut/ctor_result_reg[0]_i_214_n_0
    SLICE_X21Y97         CARRY4 (Prop_carry4_CI_CO[3])
                                                      0.114     4.836 r  dut/ctor_result_reg[0]_i_175/CO[3]
                         net (fo=1, routed)           0.000     4.836    dut/ctor_result_reg[0]_i_175_n_0
    SLICE_X21Y98         CARRY4 (Prop_carry4_CI_CO[3])
                                                      0.114     4.950 r  dut/ctor_result_reg[0]_i_174/CO[3]
                         net (fo=1, routed)           0.000     4.950    dut/ctor_result_reg[0]_i_174_n_0
    SLICE_X21Y99         CARRY4 (Prop_carry4_CI_CO[3])
                                                      0.114     5.064 r  dut/ctor_result_reg[0]_i_173/CO[3]
                         net (fo=1, routed)           0.001     5.064    dut/ctor_result_reg[0]_i_173_n_0
    SLICE_X21Y100        CARRY4 (Prop_carry4_CI_CO[3])
                                                      0.114     5.178 r  dut/ctor_result_reg[0]_i_128/CO[3]
                         net (fo=1, routed)           0.000     5.178    dut/ctor_result_reg[0]_i_128_n_0
    SLICE_X21Y101        CARRY4 (Prop_carry4_CI_CO[3])
                                                      0.114     5.292 r  dut/ctor_result_reg[0]_i_127/CO[3]
                         net (fo=1, routed)           0.000     5.292    dut/ctor_result_reg[0]_i_127_n_0
    SLICE_X21Y102        CARRY4 (Prop_carry4_CI_CO[3])
                                                      0.114     5.406 r  dut/ctor_result_reg[0]_i_126/CO[3]
                         net (fo=1, routed)           0.000     5.406    dut/ctor_result_reg[0]_i_126_n_0
    SLICE_X21Y103        CARRY4 (Prop_carry4_CI_CO[3])
                                                      0.114     5.520 r  dut/ctor_result_reg[0]_i_88/CO[3]
                         net (fo=1, routed)           0.000     5.520    dut/ctor_result_reg[0]_i_88_n_0
    SLICE_X21Y104        CARRY4 (Prop_carry4_CI_CO[3])
                                                      0.114     5.634 r  dut/ctor_result_reg[0]_i_87/CO[3]
                         net (fo=1, routed)           0.000     5.634    dut/ctor_result_reg[0]_i_87_n_0
    SLICE_X21Y105        CARRY4 (Prop_carry4_CI_O[3])
                                                      0.313     5.947 r  dut/ctor_result_reg[0]_i_86/O[3]
                         net (fo=3, routed)           1.215     7.162    dut/ctor_result_reg[0]_i_86_n_4
    SLICE_X18Y101        LUT6 (Prop_lut6_I1_O)        0.306     7.468 r  dut/ctor_result[0]_i_48/O
                         net (fo=1, routed)           0.000     7.468    dut/ctor_result[0]_i_48_n_0
    SLICE_X18Y101        CARRY4 (Prop_carry4_S[3]_CO[3])
                                                      0.376     7.844 r  dut/ctor_result_reg[0]_i_23/CO[3]
                         net (fo=1, routed)           0.000     7.844    dut/ctor_result_reg[0]_i_23_n_0
    SLICE_X18Y102        CARRY4 (Prop_carry4_CI_CO[1])
                                                      0.157     8.001 r  dut/ctor_result_reg[0]_i_9/CO[1]
                         net (fo=1, routed)           0.875     8.877    dut/q_next4
    SLICE_X15Y100        LUT4 (Prop_lut4_I0_O)        0.332     9.209 r  dut/ctor_result[0]_i_4/O
                         net (fo=128, routed)         1.700    10.909    dut/ctor_result[0]_i_4_n_0
    SLICE_X10Y82         LUT2 (Prop_lut2_I0_O)        0.124    11.033 r  dut/ctor_result[4]_i_8/O
                         net (fo=1, routed)           0.617    11.650    dut/ctor_result[4]_i_8_n_0
    SLICE_X8Y82          CARRY4 (Prop_carry4_CYINIT_CO[3])
                                                      0.595    12.245 r  dut/ctor_result_reg[4]_i_5/CO[3]
                         net (fo=1, routed)           0.000    12.245    dut/ctor_result_reg[4]_i_5_n_0
    SLICE_X8Y83          CARRY4 (Prop_carry4_CI_CO[3])
                                                      0.117    12.362 r  dut/ctor_result_reg[8]_i_6/CO[3]
                         net (fo=1, routed)           0.000    12.362    dut/ctor_result_reg[8]_i_6_n_0
    SLICE_X8Y84          CARRY4 (Prop_carry4_CI_CO[3])
                                                      0.117    12.479 r  dut/ctor_result_reg[12]_i_6/CO[3]
                         net (fo=1, routed)           0.000    12.479    dut/ctor_result_reg[12]_i_6_n_0
    SLICE_X8Y85          CARRY4 (Prop_carry4_CI_CO[3])
                                                      0.117    12.596 r  dut/ctor_result_reg[16]_i_6/CO[3]
                         net (fo=1, routed)           0.000    12.596    dut/ctor_result_reg[16]_i_6_n_0
    SLICE_X8Y86          CARRY4 (Prop_carry4_CI_CO[3])
                                                      0.117    12.713 r  dut/ctor_result_reg[24]_i_5/CO[3]
                         net (fo=1, routed)           0.000    12.713    dut/ctor_result_reg[24]_i_5_n_0
    SLICE_X8Y87          CARRY4 (Prop_carry4_CI_CO[3])
                                                      0.117    12.830 r  dut/ctor_result_reg[24]_i_2/CO[3]
                         net (fo=1, routed)           0.000    12.830    dut/ctor_result_reg[24]_i_2_n_0
    SLICE_X8Y88          CARRY4 (Prop_carry4_CI_CO[3])
                                                      0.117    12.947 r  dut/ctor_result_reg[28]_i_2/CO[3]
                         net (fo=1, routed)           0.000    12.947    dut/ctor_result_reg[28]_i_2_n_0
    SLICE_X8Y89          CARRY4 (Prop_carry4_CI_CO[3])
                                                      0.117    13.064 r  dut/ctor_result_reg[31]_i_4/CO[3]
                         net (fo=1, routed)           0.000    13.064    dut/ctor_result_reg[31]_i_4_n_0
    SLICE_X8Y90          CARRY4 (Prop_carry4_CI_CO[3])
                                                      0.117    13.181 r  dut/ctor_result_reg[36]_i_5/CO[3]
                         net (fo=1, routed)           0.000    13.181    dut/ctor_result_reg[36]_i_5_n_0
    SLICE_X8Y91          CARRY4 (Prop_carry4_CI_CO[3])
                                                      0.117    13.298 r  dut/ctor_result_reg[40]_i_6/CO[3]
                         net (fo=1, routed)           0.000    13.298    dut/ctor_result_reg[40]_i_6_n_0
    SLICE_X8Y92          CARRY4 (Prop_carry4_CI_CO[3])
                                                      0.117    13.415 r  dut/ctor_result_reg[44]_i_5/CO[3]
                         net (fo=1, routed)           0.000    13.415    dut/ctor_result_reg[44]_i_5_n_0
    SLICE_X8Y93          CARRY4 (Prop_carry4_CI_CO[3])
                                                      0.117    13.532 r  dut/ctor_result_reg[48]_i_5/CO[3]
                         net (fo=1, routed)           0.000    13.532    dut/ctor_result_reg[48]_i_5_n_0
    SLICE_X8Y94          CARRY4 (Prop_carry4_CI_CO[3])
                                                      0.117    13.649 r  dut/ctor_result_reg[52]_i_5/CO[3]
                         net (fo=1, routed)           0.000    13.649    dut/ctor_result_reg[52]_i_5_n_0
    SLICE_X8Y95          CARRY4 (Prop_carry4_CI_CO[3])
                                                      0.117    13.766 r  dut/ctor_result_reg[56]_i_6/CO[3]
                         net (fo=1, routed)           0.000    13.766    dut/ctor_result_reg[56]_i_6_n_0
    SLICE_X8Y96          CARRY4 (Prop_carry4_CI_CO[3])
                                                      0.117    13.883 r  dut/ctor_result_reg[60]_i_5/CO[3]
                         net (fo=1, routed)           0.000    13.883    dut/ctor_result_reg[60]_i_5_n_0
    SLICE_X8Y97          CARRY4 (Prop_carry4_CI_O[2])
                                                      0.239    14.122 r  dut/ctor_result_reg[63]_i_13/O[2]
                         net (fo=1, routed)           0.461    14.584    dut/ctor_result01_in[63]
    SLICE_X9Y98          LUT6 (Prop_lut6_I3_O)        0.301    14.885 r  dut/ctor_result[63]_i_7/O
                         net (fo=1, routed)           1.764    16.649    dut/ctor_result[63]_i_7_n_0
    SLICE_X8Y99          LUT6 (Prop_lut6_I4_O)        0.124    16.773 r  dut/ctor_result[63]_i_2/O
                         net (fo=1, routed)           0.000    16.773    dut/ctor_result[63]_i_2_n_0
    SLICE_X8Y99          FDRE                                         r  dut/ctor_result_reg[63]/D
  -------------------------------------------------------------------    -------------------

                         (clock clock rise edge)     20.000    20.000 r  <hidden>
                                                      0.000    20.000 r  clk
                         net (fo=774, unset)          1.822    21.822    dut/clk
    SLICE_X8Y99          FDRE                                         r  dut/ctor_result_reg[63]/C
                         clock pessimism              0.087    21.909    <hidden>
                         clock uncertainty           -0.035    21.874    <hidden>
    SLICE_X8Y99          FDRE (Setup_fdre_C_D)        0.079    21.953    dut/ctor_result_reg[63]
  -------------------------------------------------------------------
                         required time                         21.953    <hidden>
                         arrival time                         -16.773    <hidden>
  -------------------------------------------------------------------
                         slack                                  5.180    <hidden>

Slack (MET) :             5.906ns  (required time - arrival time)
  Source:                 dut/remainder_reg[4]/C
                            (rising edge-triggered cell FDRE clocked by clock  {rise@0.000ns fall@10.000ns period=20.000ns})
  Destination:            dut/ctor_result_reg[54]/D
                            (rising edge-triggered cell FDRE clocked by clock  {rise@0.000ns fall@10.000ns period=20.000ns})
  Path Group:             clock
  Path Type:              Setup (Max at Slow Process Corner)
  Requirement:            20.000ns  (clock rise@20.000ns - clock rise@0.000ns)
  Data Path Delay:        14.183ns  (logic 6.840ns (48.227%)  route 7.343ns (51.773%))
  Logic Levels:           36  (CARRY4=30 LUT2=2 LUT4=1 LUT5=1 LUT6=2)
  Clock Path Skew:        0.047ns (DCD - SCD + CPR)
    Destination Clock Delay (DCD):    1.900ns = ( 21.900 - 20.000 ) 
    Source Clock Delay      (SCD):    1.940ns
    Clock Pessimism Removal (CPR):    0.087ns
  Clock Uncertainty:      0.035ns  ((TSJ^2 + TIJ^2)^1/2 + DJ) / 2 + PE
    Total System Jitter     (TSJ):    0.071ns
    Total Input Jitter      (TIJ):    0.000ns
    Discrete Jitter          (DJ):    0.000ns
    Phase Error              (PE):    0.000ns

    Location             Delay type                Incr(ns)  Path(ns)    Netlist Resource(s)
  -------------------------------------------------------------------    -------------------
                         (clock clock rise edge)      0.000     0.000 r  <hidden>
                                                      0.000     0.000 r  clk
                         net (fo=774, unset)          1.940     1.940    dut/clk
    SLICE_X25Y93         FDRE                                         r  dut/remainder_reg[4]/C
  -------------------------------------------------------------------    -------------------
    SLICE_X25Y93         FDRE (Prop_fdre_C_Q)         0.456     2.396 r  dut/remainder_reg[4]/Q
                         net (fo=9, routed)           1.214     3.610    dut/p_0_in1_in[5]
    SLICE_X21Y92         LUT2 (Prop_lut2_I1_O)        0.124     3.734 r  dut/ctor_result[0]_i_279/O
                         net (fo=1, routed)           0.000     3.734    dut/ctor_result[0]_i_279_n_0
    SLICE_X21Y92         CARRY4 (Prop_carry4_S[0]_CO[3])
                                                      0.532     4.266 r  dut/ctor_result_reg[0]_i_244/CO[3]
                         net (fo=1, routed)           0.000     4.266    dut/ctor_result_reg[0]_i_244_n_0
    SLICE_X21Y93         CARRY4 (Prop_carry4_CI_CO[3])
                                                      0.114     4.380 r  dut/ctor_result_reg[0]_i_243/CO[3]
                         net (fo=1, routed)           0.000     4.380    dut/ctor_result_reg[0]_i_243_n_0
    SLICE_X21Y94         CARRY4 (Prop_carry4_CI_CO[3])
                                                      0.114     4.494 r  dut/ctor_result_reg[0]_i_216/CO[3]
                         net (fo=1, routed)           0.000     4.494    dut/ctor_result_reg[0]_i_216_n_0
    SLICE_X21Y95         CARRY4 (Prop_carry4_CI_CO[3])
                                                      0.114     4.608 r  dut/ctor_result_reg[0]_i_215/CO[3]
                         net (fo=1, routed)           0.000     4.608    dut/ctor_result_reg[0]_i_215_n_0
    SLICE_X21Y96         CARRY4 (Prop_carry4_CI_CO[3])
                                                      0.114     4.722 r  dut/ctor_result_reg[0]_i_214/CO[3]
                         net (fo=1, routed)           0.000     4.722    dut/ctor_result_reg[0]_i_214_n_0
    SLICE_X21Y97         CARRY4 (Prop_carry4_CI_CO[3])
                                                      0.114     4.836 r  dut/ctor_result_reg[0]_i_175/CO[3]
                         net (fo=1, routed)           0.000     4.836    dut/ctor_result_reg[0]_i_175_n_0
    SLICE_X21Y98         CARRY4 (Prop_carry4_CI_CO[3])
                                                      0.114     4.950 r  dut/ctor_result_reg[0]_i_174/CO[3]
                         net (fo=1, routed)           0.000     4.950    dut/ctor_result_reg[0]_i_174_n_0
    SLICE_X21Y99         CARRY4 (Prop_carry4_CI_CO[3])
                                                      0.114     5.064 r  dut/ctor_result_reg[0]_i_173/CO[3]
                         net (fo=1, routed)           0.001     5.064    dut/ctor_result_reg[0]_i_173_n_0
    SLICE_X21Y100        CARRY4 (Prop_carry4_CI_CO[3])
                                                      0.114     5.178 r  dut/ctor_result_reg[0]_i_128/CO[3]
                         net (fo=1, routed)           0.000     5.178    dut/ctor_result_reg[0]_i_128_n_0
    SLICE_X21Y101        CARRY4 (Prop_carry4_CI_CO[3])
                                                      0.114     5.292 r  dut/ctor_result_reg[0]_i_127/CO[3]
                         net (fo=1, routed)           0.000     5.292    dut/ctor_result_reg[0]_i_127_n_0
    SLICE_X21Y102        CARRY4 (Prop_carry4_CI_CO[3])
                                                      0.114     5.406 r  dut/ctor_result_reg[0]_i_126/CO[3]
                         net (fo=1, routed)           0.000     5.406    dut/ctor_result_reg[0]_i_126_n_0
    SLICE_X21Y103        CARRY4 (Prop_carry4_CI_CO[3])
                                                      0.114     5.520 r  dut/ctor_result_reg[0]_i_88/CO[3]
                         net (fo=1, routed)           0.000     5.520    dut/ctor_result_reg[0]_i_88_n_0
    SLICE_X21Y104        CARRY4 (Prop_carry4_CI_CO[3])
                                                      0.114     5.634 r  dut/ctor_result_reg[0]_i_87/CO[3]
                         net (fo=1, routed)           0.000     5.634    dut/ctor_result_reg[0]_i_87_n_0
    SLICE_X21Y105        CARRY4 (Prop_carry4_CI_O[3])
                                                      0.313     5.947 r  dut/ctor_result_reg[0]_i_86/O[3]
                         net (fo=3, routed)           1.215     7.162    dut/ctor_result_reg[0]_i_86_n_4
    SLICE_X18Y101        LUT6 (Prop_lut6_I1_O)        0.306     7.468 r  dut/ctor_result[0]_i_48/O
                         net (fo=1, routed)           0.000     7.468    dut/ctor_result[0]_i_48_n_0
    SLICE_X18Y101        CARRY4 (Prop_carry4_S[3]_CO[3])
                                                      0.376     7.844 r  dut/ctor_result_reg[0]_i_23/CO[3]
                         net (fo=1, routed)           0.000     7.844    dut/ctor_result_reg[0]_i_23_n_0
    SLICE_X18Y102        CARRY4 (Prop_carry4_CI_CO[1])
                                                      0.157     8.001 r  dut/ctor_result_reg[0]_i_9/CO[1]
                         net (fo=1, routed)           0.875     8.877    dut/q_next4
    SLICE_X15Y100        LUT4 (Prop_lut4_I0_O)        0.332     9.209 r  dut/ctor_result[0]_i_4/O
                         net (fo=128, routed)         1.700    10.909    dut/ctor_result[0]_i_4_n_0
    SLICE_X10Y82         LUT2 (Prop_lut2_I0_O)        0.124    11.033 r  dut/ctor_result[4]_i_8/O
                         net (fo=1, routed)           0.617    11.650    dut/ctor_result[4]_i_8_n_0
    SLICE_X8Y82          CARRY4 (Prop_carry4_CYINIT_CO[3])
                                                      0.595    12.245 r  dut/ctor_result_reg[4]_i_5/CO[3]
                         net (fo=1, routed)           0.000    12.245    dut/ctor_result_reg[4]_i_5_n_0
    SLICE_X8Y83          CARRY4 (Prop_carry4_CI_CO[3])
                                                      0.117    12.362 r  dut/ctor_result_reg[8]_i_6/CO[3]
                         net (fo=1, routed)           0.000    12.362    dut/ctor_result_reg[8]_i_6_n_0
    SLICE_X8Y84          CARRY4 (Prop_carry4_CI_CO[3])
                                                      0.117    12.479 r  dut/ctor_result_reg[12]_i_6/CO[3]
                         net (fo=1, routed)           0.000    12.479    dut/ctor_result_reg[12]_i_6_n_0
    SLICE_X8Y85          CARRY4 (Prop_carry4_CI_CO[3])
                                                      0.117    12.596 r  dut/ctor_result_reg[16]_i_6/CO[3]
                         net (fo=1, routed)           0.000    12.596    dut/ctor_result_reg[16]_i_6_n_0
    SLICE_X8Y86          CARRY4 (Prop_carry4_CI_CO[3])
                                                      0.117    12.713 r  dut/ctor_result_reg[24]_i_5/CO[3]
                         net (fo=1, routed)           0.000    12.713    dut/ctor_result_reg[24]_i_5_n_0
    SLICE_X8Y87          CARRY4 (Prop_carry4_CI_CO[3])
                                                      0.117    12.830 r  dut/ctor_result_reg[24]_i_2/CO[3]
                         net (fo=1, routed)           0.000    12.830    dut/ctor_result_reg[24]_i_2_n_0
    SLICE_X8Y88          CARRY4 (Prop_carry4_CI_CO[3])
                                                      0.117    12.947 r  dut/ctor_result_reg[28]_i_2/CO[3]
                         net (fo=1, routed)           0.000    12.947    dut/ctor_result_reg[28]_i_2_n_0
    SLICE_X8Y89          CARRY4 (Prop_carry4_CI_CO[3])
                                                      0.117    13.064 r  dut/ctor_result_reg[31]_i_4/CO[3]
                         net (fo=1, routed)           0.000    13.064    dut/ctor_result_reg[31]_i_4_n_0
    SLICE_X8Y90          CARRY4 (Prop_carry4_CI_CO[3])
                                                      0.117    13.181 r  dut/ctor_result_reg[36]_i_5/CO[3]
                         net (fo=1, routed)           0.000    13.181    dut/ctor_result_reg[36]_i_5_n_0
    SLICE_X8Y91          CARRY4 (Prop_carry4_CI_CO[3])
                                                      0.117    13.298 r  dut/ctor_result_reg[40]_i_6/CO[3]
                         net (fo=1, routed)           0.000    13.298    dut/ctor_result_reg[40]_i_6_n_0
    SLICE_X8Y92          CARRY4 (Prop_carry4_CI_CO[3])
                                                      0.117    13.415 r  dut/ctor_result_reg[44]_i_5/CO[3]
                         net (fo=1, routed)           0.000    13.415    dut/ctor_result_reg[44]_i_5_n_0
    SLICE_X8Y93          CARRY4 (Prop_carry4_CI_CO[3])
                                                      0.117    13.532 r  dut/ctor_result_reg[48]_i_5/CO[3]
                         net (fo=1, routed)           0.000    13.532    dut/ctor_result_reg[48]_i_5_n_0
    SLICE_X8Y94          CARRY4 (Prop_carry4_CI_CO[3])
                                                      0.117    13.649 r  dut/ctor_result_reg[52]_i_5/CO[3]
                         net (fo=1, routed)           0.000    13.649    dut/ctor_result_reg[52]_i_5_n_0
    SLICE_X8Y95          CARRY4 (Prop_carry4_CI_O[1])
                                                      0.323    13.972 r  dut/ctor_result_reg[56]_i_6/O[1]
                         net (fo=1, routed)           0.923    14.895    dut/ctor_result01_in[54]
    SLICE_X6Y97          LUT5 (Prop_lut5_I3_O)        0.306    15.201 r  dut/ctor_result[54]_i_2/O
                         net (fo=1, routed)           0.798    15.999    dut/ctor_result[54]_i_2_n_0
    SLICE_X6Y97          LUT6 (Prop_lut6_I3_O)        0.124    16.123 r  dut/ctor_result[54]_i_1/O
                         net (fo=1, routed)           0.000    16.123    dut/ctor_result[54]_i_1_n_0
    SLICE_X6Y97          FDRE                                         r  dut/ctor_result_reg[54]/D
  -------------------------------------------------------------------    -------------------

                         (clock clock rise edge)     20.000    20.000 r  <hidden>
                                                      0.000    20.000 r  clk
                         net (fo=774, unset)          1.900    21.900    dut/clk
    SLICE_X6Y97          FDRE                                         r  dut/ctor_result_reg[54]/C
                         clock pessimism              0.087    21.987    <hidden>
                         clock uncertainty           -0.035    21.952    <hidden>
    SLICE_X6Y97          FDRE (Setup_fdre_C_D)        0.077    22.029    dut/ctor_result_reg[54]
  -------------------------------------------------------------------
                         required time                         22.029    <hidden>
                         arrival time                         -16.123    <hidden>
  -------------------------------------------------------------------
                         slack                                  5.906    <hidden>

Slack (MET) :             6.018ns  (required time - arrival time)
  Source:                 dut/remainder_reg[4]/C
                            (rising edge-triggered cell FDRE clocked by clock  {rise@0.000ns fall@10.000ns period=20.000ns})
  Destination:            dut/ctor_result_reg[62]/D
                            (rising edge-triggered cell FDRE clocked by clock  {rise@0.000ns fall@10.000ns period=20.000ns})
  Path Group:             clock
  Path Type:              Setup (Max at Slow Process Corner)
  Requirement:            20.000ns  (clock rise@20.000ns - clock rise@0.000ns)
  Data Path Delay:        13.996ns  (logic 7.074ns (50.541%)  route 6.922ns (49.459%))
  Logic Levels:           38  (CARRY4=32 LUT2=2 LUT4=1 LUT5=1 LUT6=2)
  Clock Path Skew:        -0.031ns (DCD - SCD + CPR)
    Destination Clock Delay (DCD):    1.822ns = ( 21.822 - 20.000 ) 
    Source Clock Delay      (SCD):    1.940ns
    Clock Pessimism Removal (CPR):    0.087ns
  Clock Uncertainty:      0.035ns  ((TSJ^2 + TIJ^2)^1/2 + DJ) / 2 + PE
    Total System Jitter     (TSJ):    0.071ns
    Total Input Jitter      (TIJ):    0.000ns
    Discrete Jitter          (DJ):    0.000ns
    Phase Error              (PE):    0.000ns

    Location             Delay type                Incr(ns)  Path(ns)    Netlist Resource(s)
  -------------------------------------------------------------------    -------------------
                         (clock clock rise edge)      0.000     0.000 r  <hidden>
                                                      0.000     0.000 r  clk
                         net (fo=774, unset)          1.940     1.940    dut/clk
    SLICE_X25Y93         FDRE                                         r  dut/remainder_reg[4]/C
  -------------------------------------------------------------------    -------------------
    SLICE_X25Y93         FDRE (Prop_fdre_C_Q)         0.456     2.396 r  dut/remainder_reg[4]/Q
                         net (fo=9, routed)           1.214     3.610    dut/p_0_in1_in[5]
    SLICE_X21Y92         LUT2 (Prop_lut2_I1_O)        0.124     3.734 r  dut/ctor_result[0]_i_279/O
                         net (fo=1, routed)           0.000     3.734    dut/ctor_result[0]_i_279_n_0
    SLICE_X21Y92         CARRY4 (Prop_carry4_S[0]_CO[3])
                                                      0.532     4.266 r  dut/ctor_result_reg[0]_i_244/CO[3]
                         net (fo=1, routed)           0.000     4.266    dut/ctor_result_reg[0]_i_244_n_0
    SLICE_X21Y93         CARRY4 (Prop_carry4_CI_CO[3])
                                                      0.114     4.380 r  dut/ctor_result_reg[0]_i_243/CO[3]
                         net (fo=1, routed)           0.000     4.380    dut/ctor_result_reg[0]_i_243_n_0
    SLICE_X21Y94         CARRY4 (Prop_carry4_CI_CO[3])
                                                      0.114     4.494 r  dut/ctor_result_reg[0]_i_216/CO[3]
                         net (fo=1, routed)           0.000     4.494    dut/ctor_result_reg[0]_i_216_n_0
    SLICE_X21Y95         CARRY4 (Prop_carry4_CI_CO[3])
                                                      0.114     4.608 r  dut/ctor_result_reg[0]_i_215/CO[3]
                         net (fo=1, routed)           0.000     4.608    dut/ctor_result_reg[0]_i_215_n_0
    SLICE_X21Y96         CARRY4 (Prop_carry4_CI_CO[3])
                                                      0.114     4.722 r  dut/ctor_result_reg[0]_i_214/CO[3]
                         net (fo=1, routed)           0.000     4.722    dut/ctor_result_reg[0]_i_214_n_0
    SLICE_X21Y97         CARRY4 (Prop_carry4_CI_CO[3])
                                                      0.114     4.836 r  dut/ctor_result_reg[0]_i_175/CO[3]
                         net (fo=1, routed)           0.000     4.836    dut/ctor_result_reg[0]_i_175_n_0
    SLICE_X21Y98         CARRY4 (Prop_carry4_CI_CO[3])
                                                      0.114     4.950 r  dut/ctor_result_reg[0]_i_174/CO[3]
                         net (fo=1, routed)           0.000     4.950    dut/ctor_result_reg[0]_i_174_n_0
    SLICE_X21Y99         CARRY4 (Prop_carry4_CI_CO[3])
                                                      0.114     5.064 r  dut/ctor_result_reg[0]_i_173/CO[3]
                         net (fo=1, routed)           0.001     5.064    dut/ctor_result_reg[0]_i_173_n_0
    SLICE_X21Y100        CARRY4 (Prop_carry4_CI_CO[3])
                                                      0.114     5.178 r  dut/ctor_result_reg[0]_i_128/CO[3]
                         net (fo=1, routed)           0.000     5.178    dut/ctor_result_reg[0]_i_128_n_0
    SLICE_X21Y101        CARRY4 (Prop_carry4_CI_CO[3])
                                                      0.114     5.292 r  dut/ctor_result_reg[0]_i_127/CO[3]
                         net (fo=1, routed)           0.000     5.292    dut/ctor_result_reg[0]_i_127_n_0
    SLICE_X21Y102        CARRY4 (Prop_carry4_CI_CO[3])
                                                      0.114     5.406 r  dut/ctor_result_reg[0]_i_126/CO[3]
                         net (fo=1, routed)           0.000     5.406    dut/ctor_result_reg[0]_i_126_n_0
    SLICE_X21Y103        CARRY4 (Prop_carry4_CI_CO[3])
                                                      0.114     5.520 r  dut/ctor_result_reg[0]_i_88/CO[3]
                         net (fo=1, routed)           0.000     5.520    dut/ctor_result_reg[0]_i_88_n_0
    SLICE_X21Y104        CARRY4 (Prop_carry4_CI_CO[3])
                                                      0.114     5.634 r  dut/ctor_result_reg[0]_i_87/CO[3]
                         net (fo=1, routed)           0.000     5.634    dut/ctor_result_reg[0]_i_87_n_0
    SLICE_X21Y105        CARRY4 (Prop_carry4_CI_O[3])
                                                      0.313     5.947 r  dut/ctor_result_reg[0]_i_86/O[3]
                         net (fo=3, routed)           1.215     7.162    dut/ctor_result_reg[0]_i_86_n_4
    SLICE_X18Y101        LUT6 (Prop_lut6_I1_O)        0.306     7.468 r  dut/ctor_result[0]_i_48/O
                         net (fo=1, routed)           0.000     7.468    dut/ctor_result[0]_i_48_n_0
    SLICE_X18Y101        CARRY4 (Prop_carry4_S[3]_CO[3])
                                                      0.376     7.844 r  dut/ctor_result_reg[0]_i_23/CO[3]
                         net (fo=1, routed)           0.000     7.844    dut/ctor_result_reg[0]_i_23_n_0
    SLICE_X18Y102        CARRY4 (Prop_carry4_CI_CO[1])
                                                      0.157     8.001 r  dut/ctor_result_reg[0]_i_9/CO[1]
                         net (fo=1, routed)           0.875     8.877    dut/q_next4
    SLICE_X15Y100        LUT4 (Prop_lut4_I0_O)        0.332     9.209 r  dut/ctor_result[0]_i_4/O
                         net (fo=128, routed)         1.700    10.909    dut/ctor_result[0]_i_4_n_0
    SLICE_X10Y82         LUT2 (Prop_lut2_I0_O)        0.124    11.033 r  dut/ctor_result[4]_i_8/O
                         net (fo=1, routed)           0.617    11.650    dut/ctor_result[4]_i_8_n_0
    SLICE_X8Y82          CARRY4 (Prop_carry4_CYINIT_CO[3])
                                                      0.595    12.245 r  dut/ctor_result_reg[4]_i_5/CO[3]
                         net (fo=1, routed)           0.000    12.245    dut/ctor_result_reg[4]_i_5_n_0
    SLICE_X8Y83          CARRY4 (Prop_carry4_CI_CO[3])
                                                      0.117    12.362 r  dut/ctor_result_reg[8]_i_6/CO[3]
                         net (fo=1, routed)           0.000    12.362    dut/ctor_result_reg[8]_i_6_n_0
    SLICE_X8Y84          CARRY4 (Prop_carry4_CI_CO[3])
                                                      0.117    12.479 r  dut/ctor_result_reg[12]_i_6/CO[3]
                         net (fo=1, routed)           0.000    12.479    dut/ctor_result_reg[12]_i_6_n_0
    SLICE_X8Y85          CARRY4 (Prop_carry4_CI_CO[3])
                                                      0.117    12.596 r  dut/ctor_result_reg[16]_i_6/CO[3]
                         net (fo=1, routed)           0.000    12.596    dut/ctor_result_reg[16]_i_6_n_0
    SLICE_X8Y86          CARRY4 (Prop_carry4_CI_CO[3])
                                                      0.117    12.713 r  dut/ctor_result_reg[24]_i_5/CO[3]
                         net (fo=1, routed)           0.000    12.713    dut/ctor_result_reg[24]_i_5_n_0
    SLICE_X8Y87          CARRY4 (Prop_carry4_CI_CO[3])
                                                      0.117    12.830 r  dut/ctor_result_reg[24]_i_2/CO[3]
                         net (fo=1, routed)           0.000    12.830    dut/ctor_result_reg[24]_i_2_n_0
    SLICE_X8Y88          CARRY4 (Prop_carry4_CI_CO[3])
                                                      0.117    12.947 r  dut/ctor_result_reg[28]_i_2/CO[3]
                         net (fo=1, routed)           0.000    12.947    dut/ctor_result_reg[28]_i_2_n_0
    SLICE_X8Y89          CARRY4 (Prop_carry4_CI_CO[3])
                                                      0.117    13.064 r  dut/ctor_result_reg[31]_i_4/CO[3]
                         net (fo=1, routed)           0.000    13.064    dut/ctor_result_reg[31]_i_4_n_0
    SLICE_X8Y90          CARRY4 (Prop_carry4_CI_CO[3])
                                                      0.117    13.181 r  dut/ctor_result_reg[36]_i_5/CO[3]
                         net (fo=1, routed)           0.000    13.181    dut/ctor_result_reg[36]_i_5_n_0
    SLICE_X8Y91          CARRY4 (Prop_carry4_CI_CO[3])
                                                      0.117    13.298 r  dut/ctor_result_reg[40]_i_6/CO[3]
                         net (fo=1, routed)           0.000    13.298    dut/ctor_result_reg[40]_i_6_n_0
    SLICE_X8Y92          CARRY4 (Prop_carry4_CI_CO[3])
                                                      0.117    13.415 r  dut/ctor_result_reg[44]_i_5/CO[3]
                         net (fo=1, routed)           0.000    13.415    dut/ctor_result_reg[44]_i_5_n_0
    SLICE_X8Y93          CARRY4 (Prop_carry4_CI_CO[3])
                                                      0.117    13.532 r  dut/ctor_result_reg[48]_i_5/CO[3]
                         net (fo=1, routed)           0.000    13.532    dut/ctor_result_reg[48]_i_5_n_0
    SLICE_X8Y94          CARRY4 (Prop_carry4_CI_CO[3])
                                                      0.117    13.649 r  dut/ctor_result_reg[52]_i_5/CO[3]
                         net (fo=1, routed)           0.000    13.649    dut/ctor_result_reg[52]_i_5_n_0
    SLICE_X8Y95          CARRY4 (Prop_carry4_CI_CO[3])
                                                      0.117    13.766 r  dut/ctor_result_reg[56]_i_6/CO[3]
                         net (fo=1, routed)           0.000    13.766    dut/ctor_result_reg[56]_i_6_n_0
    SLICE_X8Y96          CARRY4 (Prop_carry4_CI_CO[3])
                                                      0.117    13.883 r  dut/ctor_result_reg[60]_i_5/CO[3]
                         net (fo=1, routed)           0.000    13.883    dut/ctor_result_reg[60]_i_5_n_0
    SLICE_X8Y97          CARRY4 (Prop_carry4_CI_O[1])
                                                      0.323    14.206 r  dut/ctor_result_reg[63]_i_13/O[1]
                         net (fo=1, routed)           0.505    14.712    dut/ctor_result01_in[62]
    SLICE_X8Y99          LUT5 (Prop_lut5_I3_O)        0.306    15.018 r  dut/ctor_result[62]_i_2/O
                         net (fo=1, routed)           0.795    15.812    dut/ctor_result[62]_i_2_n_0
    SLICE_X8Y99          LUT6 (Prop_lut6_I3_O)        0.124    15.936 r  dut/ctor_result[62]_i_1/O
                         net (fo=1, routed)           0.000    15.936    dut/ctor_result[62]_i_1_n_0
    SLICE_X8Y99          FDRE                                         r  dut/ctor_result_reg[62]/D
  -------------------------------------------------------------------    -------------------

                         (clock clock rise edge)     20.000    20.000 r  <hidden>
                                                      0.000    20.000 r  clk
                         net (fo=774, unset)          1.822    21.822    dut/clk
    SLICE_X8Y99          FDRE                                         r  dut/ctor_result_reg[62]/C
                         clock pessimism              0.087    21.909    <hidden>
                         clock uncertainty           -0.035    21.874    <hidden>
    SLICE_X8Y99          FDRE (Setup_fdre_C_D)        0.081    21.955    dut/ctor_result_reg[62]
  -------------------------------------------------------------------
                         required time                         21.955    <hidden>
                         arrival time                         -15.936    <hidden>
  -------------------------------------------------------------------
                         slack                                  6.018    <hidden>

Slack (MET) :             6.124ns  (required time - arrival time)
  Source:                 dut/remainder_reg[4]/C
                            (rising edge-triggered cell FDRE clocked by clock  {rise@0.000ns fall@10.000ns period=20.000ns})
  Destination:            dut/ctor_result_reg[57]/D
                            (rising edge-triggered cell FDRE clocked by clock  {rise@0.000ns fall@10.000ns period=20.000ns})
  Path Group:             clock
  Path Type:              Setup (Max at Slow Process Corner)
  Requirement:            20.000ns  (clock rise@20.000ns - clock rise@0.000ns)
  Data Path Delay:        13.919ns  (logic 6.842ns (49.157%)  route 7.077ns (50.843%))
  Logic Levels:           37  (CARRY4=31 LUT2=2 LUT4=1 LUT5=1 LUT6=2)
  Clock Path Skew:        0.049ns (DCD - SCD + CPR)
    Destination Clock Delay (DCD):    1.902ns = ( 21.902 - 20.000 ) 
    Source Clock Delay      (SCD):    1.940ns
    Clock Pessimism Removal (CPR):    0.087ns
  Clock Uncertainty:      0.035ns  ((TSJ^2 + TIJ^2)^1/2 + DJ) / 2 + PE
    Total System Jitter     (TSJ):    0.071ns
    Total Input Jitter      (TIJ):    0.000ns
    Discrete Jitter          (DJ):    0.000ns
    Phase Error              (PE):    0.000ns

    Location             Delay type                Incr(ns)  Path(ns)    Netlist Resource(s)
  -------------------------------------------------------------------    -------------------
                         (clock clock rise edge)      0.000     0.000 r  <hidden>
                                                      0.000     0.000 r  clk
                         net (fo=774, unset)          1.940     1.940    dut/clk
    SLICE_X25Y93         FDRE                                         r  dut/remainder_reg[4]/C
  -------------------------------------------------------------------    -------------------
    SLICE_X25Y93         FDRE (Prop_fdre_C_Q)         0.456     2.396 r  dut/remainder_reg[4]/Q
                         net (fo=9, routed)           1.214     3.610    dut/p_0_in1_in[5]
    SLICE_X21Y92         LUT2 (Prop_lut2_I1_O)        0.124     3.734 r  dut/ctor_result[0]_i_279/O
                         net (fo=1, routed)           0.000     3.734    dut/ctor_result[0]_i_279_n_0
    SLICE_X21Y92         CARRY4 (Prop_carry4_S[0]_CO[3])
                                                      0.532     4.266 r  dut/ctor_result_reg[0]_i_244/CO[3]
                         net (fo=1, routed)           0.000     4.266    dut/ctor_result_reg[0]_i_244_n_0
    SLICE_X21Y93         CARRY4 (Prop_carry4_CI_CO[3])
                                                      0.114     4.380 r  dut/ctor_result_reg[0]_i_243/CO[3]
                         net (fo=1, routed)           0.000     4.380    dut/ctor_result_reg[0]_i_243_n_0
    SLICE_X21Y94         CARRY4 (Prop_carry4_CI_CO[3])
                                                      0.114     4.494 r  dut/ctor_result_reg[0]_i_216/CO[3]
                         net (fo=1, routed)           0.000     4.494    dut/ctor_result_reg[0]_i_216_n_0
    SLICE_X21Y95         CARRY4 (Prop_carry4_CI_CO[3])
                                                      0.114     4.608 r  dut/ctor_result_reg[0]_i_215/CO[3]
                         net (fo=1, routed)           0.000     4.608    dut/ctor_result_reg[0]_i_215_n_0
    SLICE_X21Y96         CARRY4 (Prop_carry4_CI_CO[3])
                                                      0.114     4.722 r  dut/ctor_result_reg[0]_i_214/CO[3]
                         net (fo=1, routed)           0.000     4.722    dut/ctor_result_reg[0]_i_214_n_0
    SLICE_X21Y97         CARRY4 (Prop_carry4_CI_CO[3])
                                                      0.114     4.836 r  dut/ctor_result_reg[0]_i_175/CO[3]
                         net (fo=1, routed)           0.000     4.836    dut/ctor_result_reg[0]_i_175_n_0
    SLICE_X21Y98         CARRY4 (Prop_carry4_CI_CO[3])
                                                      0.114     4.950 r  dut/ctor_result_reg[0]_i_174/CO[3]
                         net (fo=1, routed)           0.000     4.950    dut/ctor_result_reg[0]_i_174_n_0
    SLICE_X21Y99         CARRY4 (Prop_carry4_CI_CO[3])
                                                      0.114     5.064 r  dut/ctor_result_reg[0]_i_173/CO[3]
                         net (fo=1, routed)           0.001     5.064    dut/ctor_result_reg[0]_i_173_n_0
    SLICE_X21Y100        CARRY4 (Prop_carry4_CI_CO[3])
                                                      0.114     5.178 r  dut/ctor_result_reg[0]_i_128/CO[3]
                         net (fo=1, routed)           0.000     5.178    dut/ctor_result_reg[0]_i_128_n_0
    SLICE_X21Y101        CARRY4 (Prop_carry4_CI_CO[3])
                                                      0.114     5.292 r  dut/ctor_result_reg[0]_i_127/CO[3]
                         net (fo=1, routed)           0.000     5.292    dut/ctor_result_reg[0]_i_127_n_0
    SLICE_X21Y102        CARRY4 (Prop_carry4_CI_CO[3])
                                                      0.114     5.406 r  dut/ctor_result_reg[0]_i_126/CO[3]
                         net (fo=1, routed)           0.000     5.406    dut/ctor_result_reg[0]_i_126_n_0
    SLICE_X21Y103        CARRY4 (Prop_carry4_CI_CO[3])
                                                      0.114     5.520 r  dut/ctor_result_reg[0]_i_88/CO[3]
                         net (fo=1, routed)           0.000     5.520    dut/ctor_result_reg[0]_i_88_n_0
    SLICE_X21Y104        CARRY4 (Prop_carry4_CI_CO[3])
                                                      0.114     5.634 r  dut/ctor_result_reg[0]_i_87/CO[3]
                         net (fo=1, routed)           0.000     5.634    dut/ctor_result_reg[0]_i_87_n_0
    SLICE_X21Y105        CARRY4 (Prop_carry4_CI_O[3])
                                                      0.313     5.947 r  dut/ctor_result_reg[0]_i_86/O[3]
                         net (fo=3, routed)           1.215     7.162    dut/ctor_result_reg[0]_i_86_n_4
    SLICE_X18Y101        LUT6 (Prop_lut6_I1_O)        0.306     7.468 r  dut/ctor_result[0]_i_48/O
                         net (fo=1, routed)           0.000     7.468    dut/ctor_result[0]_i_48_n_0
    SLICE_X18Y101        CARRY4 (Prop_carry4_S[3]_CO[3])
                                                      0.376     7.844 r  dut/ctor_result_reg[0]_i_23/CO[3]
                         net (fo=1, routed)           0.000     7.844    dut/ctor_result_reg[0]_i_23_n_0
    SLICE_X18Y102        CARRY4 (Prop_carry4_CI_CO[1])
                                                      0.157     8.001 r  dut/ctor_result_reg[0]_i_9/CO[1]
                         net (fo=1, routed)           0.875     8.877    dut/q_next4
    SLICE_X15Y100        LUT4 (Prop_lut4_I0_O)        0.332     9.209 r  dut/ctor_result[0]_i_4/O
                         net (fo=128, routed)         1.700    10.909    dut/ctor_result[0]_i_4_n_0
    SLICE_X10Y82         LUT2 (Prop_lut2_I0_O)        0.124    11.033 r  dut/ctor_result[4]_i_8/O
                         net (fo=1, routed)           0.617    11.650    dut/ctor_result[4]_i_8_n_0
    SLICE_X8Y82          CARRY4 (Prop_carry4_CYINIT_CO[3])
                                                      0.595    12.245 r  dut/ctor_result_reg[4]_i_5/CO[3]
                         net (fo=1, routed)           0.000    12.245    dut/ctor_result_reg[4]_i_5_n_0
    SLICE_X8Y83          CARRY4 (Prop_carry4_CI_CO[3])
                                                      0.117    12.362 r  dut/ctor_result_reg[8]_i_6/CO[3]
                         net (fo=1, routed)           0.000    12.362    dut/ctor_result_reg[8]_i_6_n_0
    SLICE_X8Y84          CARRY4 (Prop_carry4_CI_CO[3])
                                                      0.117    12.479 r  dut/ctor_result_reg[12]_i_6/CO[3]
                         net (fo=1, routed)           0.000    12.479    dut/ctor_result_reg[12]_i_6_n_0
    SLICE_X8Y85          CARRY4 (Prop_carry4_CI_CO[3])
                                                      0.117    12.596 r  dut/ctor_result_reg[16]_i_6/CO[3]
                         net (fo=1, routed)           0.000    12.596    dut/ctor_result_reg[16]_i_6_n_0
    SLICE_X8Y86          CARRY4 (Prop_carry4_CI_CO[3])
                                                      0.117    12.713 r  dut/ctor_result_reg[24]_i_5/CO[3]
                         net (fo=1, routed)           0.000    12.713    dut/ctor_result_reg[24]_i_5_n_0
    SLICE_X8Y87          CARRY4 (Prop_carry4_CI_CO[3])
                                                      0.117    12.830 r  dut/ctor_result_reg[24]_i_2/CO[3]
                         net (fo=1, routed)           0.000    12.830    dut/ctor_result_reg[24]_i_2_n_0
    SLICE_X8Y88          CARRY4 (Prop_carry4_CI_CO[3])
                                                      0.117    12.947 r  dut/ctor_result_reg[28]_i_2/CO[3]
                         net (fo=1, routed)           0.000    12.947    dut/ctor_result_reg[28]_i_2_n_0
    SLICE_X8Y89          CARRY4 (Prop_carry4_CI_CO[3])
                                                      0.117    13.064 r  dut/ctor_result_reg[31]_i_4/CO[3]
                         net (fo=1, routed)           0.000    13.064    dut/ctor_result_reg[31]_i_4_n_0
    SLICE_X8Y90          CARRY4 (Prop_carry4_CI_CO[3])
                                                      0.117    13.181 r  dut/ctor_result_reg[36]_i_5/CO[3]
                         net (fo=1, routed)           0.000    13.181    dut/ctor_result_reg[36]_i_5_n_0
    SLICE_X8Y91          CARRY4 (Prop_carry4_CI_CO[3])
                                                      0.117    13.298 r  dut/ctor_result_reg[40]_i_6/CO[3]
                         net (fo=1, routed)           0.000    13.298    dut/ctor_result_reg[40]_i_6_n_0
    SLICE_X8Y92          CARRY4 (Prop_carry4_CI_CO[3])
                                                      0.117    13.415 r  dut/ctor_result_reg[44]_i_5/CO[3]
                         net (fo=1, routed)           0.000    13.415    dut/ctor_result_reg[44]_i_5_n_0
    SLICE_X8Y93          CARRY4 (Prop_carry4_CI_CO[3])
                                                      0.117    13.532 r  dut/ctor_result_reg[48]_i_5/CO[3]
                         net (fo=1, routed)           0.000    13.532    dut/ctor_result_reg[48]_i_5_n_0
    SLICE_X8Y94          CARRY4 (Prop_carry4_CI_CO[3])
                                                      0.117    13.649 r  dut/ctor_result_reg[52]_i_5/CO[3]
                         net (fo=1, routed)           0.000    13.649    dut/ctor_result_reg[52]_i_5_n_0
    SLICE_X8Y95          CARRY4 (Prop_carry4_CI_CO[3])
                                                      0.117    13.766 r  dut/ctor_result_reg[56]_i_6/CO[3]
                         net (fo=1, routed)           0.000    13.766    dut/ctor_result_reg[56]_i_6_n_0
    SLICE_X8Y96          CARRY4 (Prop_carry4_CI_O[0])
                                                      0.219    13.985 r  dut/ctor_result_reg[60]_i_5/O[0]
                         net (fo=1, routed)           0.668    14.653    dut/ctor_result01_in[57]
    SLICE_X3Y97          LUT5 (Prop_lut5_I3_O)        0.295    14.948 r  dut/ctor_result[57]_i_2/O
                         net (fo=1, routed)           0.787    15.735    dut/ctor_result[57]_i_2_n_0
    SLICE_X3Y97          LUT6 (Prop_lut6_I3_O)        0.124    15.859 r  dut/ctor_result[57]_i_1/O
                         net (fo=1, routed)           0.000    15.859    dut/ctor_result[57]_i_1_n_0
    SLICE_X3Y97          FDRE                                         r  dut/ctor_result_reg[57]/D
  -------------------------------------------------------------------    -------------------

                         (clock clock rise edge)     20.000    20.000 r  <hidden>
                                                      0.000    20.000 r  clk
                         net (fo=774, unset)          1.902    21.902    dut/clk
    SLICE_X3Y97          FDRE                                         r  dut/ctor_result_reg[57]/C
                         clock pessimism              0.087    21.989    <hidden>
                         clock uncertainty           -0.035    21.954    <hidden>
    SLICE_X3Y97          FDRE (Setup_fdre_C_D)        0.029    21.983    dut/ctor_result_reg[57]
  -------------------------------------------------------------------
                         required time                         21.983    <hidden>
                         arrival time                         -15.859    <hidden>
  -------------------------------------------------------------------
                         slack                                  6.124    <hidden>

Slack (MET) :             6.202ns  (required time - arrival time)
  Source:                 dut/remainder_reg[4]/C
                            (rising edge-triggered cell FDRE clocked by clock  {rise@0.000ns fall@10.000ns period=20.000ns})
  Destination:            dut/ctor_result_reg[51]/D
                            (rising edge-triggered cell FDRE clocked by clock  {rise@0.000ns fall@10.000ns period=20.000ns})
  Path Group:             clock
  Path Type:              Setup (Max at Slow Process Corner)
  Requirement:            20.000ns  (clock rise@20.000ns - clock rise@0.000ns)
  Data Path Delay:        13.886ns  (logic 6.634ns (47.776%)  route 7.252ns (52.224%))
  Logic Levels:           35  (CARRY4=29 LUT2=2 LUT4=1 LUT5=1 LUT6=2)
  Clock Path Skew:        0.046ns (DCD - SCD + CPR)
    Destination Clock Delay (DCD):    1.899ns = ( 21.899 - 20.000 ) 
    Source Clock Delay      (SCD):    1.940ns
    Clock Pessimism Removal (CPR):    0.087ns
  Clock Uncertainty:      0.035ns  ((TSJ^2 + TIJ^2)^1/2 + DJ) / 2 + PE
    Total System Jitter     (TSJ):    0.071ns
    Total Input Jitter      (TIJ):    0.000ns
    Discrete Jitter          (DJ):    0.000ns
    Phase Error              (PE):    0.000ns

    Location             Delay type                Incr(ns)  Path(ns)    Netlist Resource(s)
  -------------------------------------------------------------------    -------------------
                         (clock clock rise edge)      0.000     0.000 r  <hidden>
                                                      0.000     0.000 r  clk
                         net (fo=774, unset)          1.940     1.940    dut/clk
    SLICE_X25Y93         FDRE                                         r  dut/remainder_reg[4]/C
  -------------------------------------------------------------------    -------------------
    SLICE_X25Y93         FDRE (Prop_fdre_C_Q)         0.456     2.396 r  dut/remainder_reg[4]/Q
                         net (fo=9, routed)           1.214     3.610    dut/p_0_in1_in[5]
    SLICE_X21Y92         LUT2 (Prop_lut2_I1_O)        0.124     3.734 r  dut/ctor_result[0]_i_279/O
                         net (fo=1, routed)           0.000     3.734    dut/ctor_result[0]_i_279_n_0
    SLICE_X21Y92         CARRY4 (Prop_carry4_S[0]_CO[3])
                                                      0.532     4.266 r  dut/ctor_result_reg[0]_i_244/CO[3]
                         net (fo=1, routed)           0.000     4.266    dut/ctor_result_reg[0]_i_244_n_0
    SLICE_X21Y93         CARRY4 (Prop_carry4_CI_CO[3])
                                                      0.114     4.380 r  dut/ctor_result_reg[0]_i_243/CO[3]
                         net (fo=1, routed)           0.000     4.380    dut/ctor_result_reg[0]_i_243_n_0
    SLICE_X21Y94         CARRY4 (Prop_carry4_CI_CO[3])
                                                      0.114     4.494 r  dut/ctor_result_reg[0]_i_216/CO[3]
                         net (fo=1, routed)           0.000     4.494    dut/ctor_result_reg[0]_i_216_n_0
    SLICE_X21Y95         CARRY4 (Prop_carry4_CI_CO[3])
                                                      0.114     4.608 r  dut/ctor_result_reg[0]_i_215/CO[3]
                         net (fo=1, routed)           0.000     4.608    dut/ctor_result_reg[0]_i_215_n_0
    SLICE_X21Y96         CARRY4 (Prop_carry4_CI_CO[3])
                                                      0.114     4.722 r  dut/ctor_result_reg[0]_i_214/CO[3]
                         net (fo=1, routed)           0.000     4.722    dut/ctor_result_reg[0]_i_214_n_0
    SLICE_X21Y97         CARRY4 (Prop_carry4_CI_CO[3])
                                                      0.114     4.836 r  dut/ctor_result_reg[0]_i_175/CO[3]
                         net (fo=1, routed)           0.000     4.836    dut/ctor_result_reg[0]_i_175_n_0
    SLICE_X21Y98         CARRY4 (Prop_carry4_CI_CO[3])
                                                      0.114     4.950 r  dut/ctor_result_reg[0]_i_174/CO[3]
                         net (fo=1, routed)           0.000     4.950    dut/ctor_result_reg[0]_i_174_n_0
    SLICE_X21Y99         CARRY4 (Prop_carry4_CI_CO[3])
                                                      0.114     5.064 r  dut/ctor_result_reg[0]_i_173/CO[3]
                         net (fo=1, routed)           0.001     5.064    dut/ctor_result_reg[0]_i_173_n_0
    SLICE_X21Y100        CARRY4 (Prop_carry4_CI_CO[3])
                                                      0.114     5.178 r  dut/ctor_result_reg[0]_i_128/CO[3]
                         net (fo=1, routed)           0.000     5.178    dut/ctor_result_reg[0]_i_128_n_0
    SLICE_X21Y101        CARRY4 (Prop_carry4_CI_CO[3])
                                                      0.114     5.292 r  dut/ctor_result_reg[0]_i_127/CO[3]
                         net (fo=1, routed)           0.000     5.292    dut/ctor_result_reg[0]_i_127_n_0
    SLICE_X21Y102        CARRY4 (Prop_carry4_CI_CO[3])
                                                      0.114     5.406 r  dut/ctor_result_reg[0]_i_126/CO[3]
                         net (fo=1, routed)           0.000     5.406    dut/ctor_result_reg[0]_i_126_n_0
    SLICE_X21Y103        CARRY4 (Prop_carry4_CI_CO[3])
                                                      0.114     5.520 r  dut/ctor_result_reg[0]_i_88/CO[3]
                         net (fo=1, routed)           0.000     5.520    dut/ctor_result_reg[0]_i_88_n_0
    SLICE_X21Y104        CARRY4 (Prop_carry4_CI_CO[3])
                                                      0.114     5.634 r  dut/ctor_result_reg[0]_i_87/CO[3]
                         net (fo=1, routed)           0.000     5.634    dut/ctor_result_reg[0]_i_87_n_0
    SLICE_X21Y105        CARRY4 (Prop_carry4_CI_O[3])
                                                      0.313     5.947 r  dut/ctor_result_reg[0]_i_86/O[3]
                         net (fo=3, routed)           1.215     7.162    dut/ctor_result_reg[0]_i_86_n_4
    SLICE_X18Y101        LUT6 (Prop_lut6_I1_O)        0.306     7.468 r  dut/ctor_result[0]_i_48/O
                         net (fo=1, routed)           0.000     7.468    dut/ctor_result[0]_i_48_n_0
    SLICE_X18Y101        CARRY4 (Prop_carry4_S[3]_CO[3])
                                                      0.376     7.844 r  dut/ctor_result_reg[0]_i_23/CO[3]
                         net (fo=1, routed)           0.000     7.844    dut/ctor_result_reg[0]_i_23_n_0
    SLICE_X18Y102        CARRY4 (Prop_carry4_CI_CO[1])
                                                      0.157     8.001 r  dut/ctor_result_reg[0]_i_9/CO[1]
                         net (fo=1, routed)           0.875     8.877    dut/q_next4
    SLICE_X15Y100        LUT4 (Prop_lut4_I0_O)        0.332     9.209 r  dut/ctor_result[0]_i_4/O
                         net (fo=128, routed)         1.700    10.909    dut/ctor_result[0]_i_4_n_0
    SLICE_X10Y82         LUT2 (Prop_lut2_I0_O)        0.124    11.033 r  dut/ctor_result[4]_i_8/O
                         net (fo=1, routed)           0.617    11.650    dut/ctor_result[4]_i_8_n_0
    SLICE_X8Y82          CARRY4 (Prop_carry4_CYINIT_CO[3])
                                                      0.595    12.245 r  dut/ctor_result_reg[4]_i_5/CO[3]
                         net (fo=1, routed)           0.000    12.245    dut/ctor_result_reg[4]_i_5_n_0
    SLICE_X8Y83          CARRY4 (Prop_carry4_CI_CO[3])
                                                      0.117    12.362 r  dut/ctor_result_reg[8]_i_6/CO[3]
                         net (fo=1, routed)           0.000    12.362    dut/ctor_result_reg[8]_i_6_n_0
    SLICE_X8Y84          CARRY4 (Prop_carry4_CI_CO[3])
                                                      0.117    12.479 r  dut/ctor_result_reg[12]_i_6/CO[3]
                         net (fo=1, routed)           0.000    12.479    dut/ctor_result_reg[12]_i_6_n_0
    SLICE_X8Y85          CARRY4 (Prop_carry4_CI_CO[3])
                                                      0.117    12.596 r  dut/ctor_result_reg[16]_i_6/CO[3]
                         net (fo=1, routed)           0.000    12.596    dut/ctor_result_reg[16]_i_6_n_0
    SLICE_X8Y86          CARRY4 (Prop_carry4_CI_CO[3])
                                                      0.117    12.713 r  dut/ctor_result_reg[24]_i_5/CO[3]
                         net (fo=1, routed)           0.000    12.713    dut/ctor_result_reg[24]_i_5_n_0
    SLICE_X8Y87          CARRY4 (Prop_carry4_CI_CO[3])
                                                      0.117    12.830 r  dut/ctor_result_reg[24]_i_2/CO[3]
                         net (fo=1, routed)           0.000    12.830    dut/ctor_result_reg[24]_i_2_n_0
    SLICE_X8Y88          CARRY4 (Prop_carry4_CI_CO[3])
                                                      0.117    12.947 r  dut/ctor_result_reg[28]_i_2/CO[3]
                         net (fo=1, routed)           0.000    12.947    dut/ctor_result_reg[28]_i_2_n_0
    SLICE_X8Y89          CARRY4 (Prop_carry4_CI_CO[3])
                                                      0.117    13.064 r  dut/ctor_result_reg[31]_i_4/CO[3]
                         net (fo=1, routed)           0.000    13.064    dut/ctor_result_reg[31]_i_4_n_0
    SLICE_X8Y90          CARRY4 (Prop_carry4_CI_CO[3])
                                                      0.117    13.181 r  dut/ctor_result_reg[36]_i_5/CO[3]
                         net (fo=1, routed)           0.000    13.181    dut/ctor_result_reg[36]_i_5_n_0
    SLICE_X8Y91          CARRY4 (Prop_carry4_CI_CO[3])
                                                      0.117    13.298 r  dut/ctor_result_reg[40]_i_6/CO[3]
                         net (fo=1, routed)           0.000    13.298    dut/ctor_result_reg[40]_i_6_n_0
    SLICE_X8Y92          CARRY4 (Prop_carry4_CI_CO[3])
                                                      0.117    13.415 r  dut/ctor_result_reg[44]_i_5/CO[3]
                         net (fo=1, routed)           0.000    13.415    dut/ctor_result_reg[44]_i_5_n_0
    SLICE_X8Y93          CARRY4 (Prop_carry4_CI_CO[3])
                                                      0.117    13.532 r  dut/ctor_result_reg[48]_i_5/CO[3]
                         net (fo=1, routed)           0.000    13.532    dut/ctor_result_reg[48]_i_5_n_0
    SLICE_X8Y94          CARRY4 (Prop_carry4_CI_O[2])
                                                      0.239    13.771 r  dut/ctor_result_reg[52]_i_5/O[2]
                         net (fo=1, routed)           1.036    14.808    dut/ctor_result01_in[51]
    SLICE_X6Y95          LUT5 (Prop_lut5_I3_O)        0.301    15.109 r  dut/ctor_result[51]_i_2/O
                         net (fo=1, routed)           0.593    15.702    dut/ctor_result[51]_i_2_n_0
    SLICE_X6Y96          LUT6 (Prop_lut6_I3_O)        0.124    15.826 r  dut/ctor_result[51]_i_1/O
                         net (fo=1, routed)           0.000    15.826    dut/ctor_result[51]_i_1_n_0
    SLICE_X6Y96          FDRE                                         r  dut/ctor_result_reg[51]/D
  -------------------------------------------------------------------    -------------------

                         (clock clock rise edge)     20.000    20.000 r  <hidden>
                                                      0.000    20.000 r  clk
                         net (fo=774, unset)          1.899    21.899    dut/clk
    SLICE_X6Y96          FDRE                                         r  dut/ctor_result_reg[51]/C
                         clock pessimism              0.087    21.986    <hidden>
                         clock uncertainty           -0.035    21.951    <hidden>
    SLICE_X6Y96          FDRE (Setup_fdre_C_D)        0.077    22.028    dut/ctor_result_reg[51]
  -------------------------------------------------------------------
                         required time                         22.028    <hidden>
                         arrival time                         -15.826    <hidden>
  -------------------------------------------------------------------
                         slack                                  6.202    <hidden>

Slack (MET) :             6.205ns  (required time - arrival time)
  Source:                 dut/remainder_reg[4]/C
                            (rising edge-triggered cell FDRE clocked by clock  {rise@0.000ns fall@10.000ns period=20.000ns})
  Destination:            dut/ctor_result_reg[59]/D
                            (rising edge-triggered cell FDRE clocked by clock  {rise@0.000ns fall@10.000ns period=20.000ns})
  Path Group:             clock
  Path Type:              Setup (Max at Slow Process Corner)
  Requirement:            20.000ns  (clock rise@20.000ns - clock rise@0.000ns)
  Data Path Delay:        13.760ns  (logic 6.868ns (49.913%)  route 6.892ns (50.087%))
  Logic Levels:           37  (CARRY4=31 LUT2=2 LUT4=1 LUT5=1 LUT6=2)
  Clock Path Skew:        -0.031ns (DCD - SCD + CPR)
    Destination Clock Delay (DCD):    1.822ns = ( 21.822 - 20.000 ) 
    Source Clock Delay      (SCD):    1.940ns
    Clock Pessimism Removal (CPR):    0.087ns
  Clock Uncertainty:      0.035ns  ((TSJ^2 + TIJ^2)^1/2 + DJ) / 2 + PE
    Total System Jitter     (TSJ):    0.071ns
    Total Input Jitter      (TIJ):    0.000ns
    Discrete Jitter          (DJ):    0.000ns
    Phase Error              (PE):    0.000ns

    Location             Delay type                Incr(ns)  Path(ns)    Netlist Resource(s)
  -------------------------------------------------------------------    -------------------
                         (clock clock rise edge)      0.000     0.000 r  <hidden>
                                                      0.000     0.000 r  clk
                         net (fo=774, unset)          1.940     1.940    dut/clk
    SLICE_X25Y93         FDRE                                         r  dut/remainder_reg[4]/C
  -------------------------------------------------------------------    -------------------
    SLICE_X25Y93         FDRE (Prop_fdre_C_Q)         0.456     2.396 r  dut/remainder_reg[4]/Q
                         net (fo=9, routed)           1.214     3.610    dut/p_0_in1_in[5]
    SLICE_X21Y92         LUT2 (Prop_lut2_I1_O)        0.124     3.734 r  dut/ctor_result[0]_i_279/O
                         net (fo=1, routed)           0.000     3.734    dut/ctor_result[0]_i_279_n_0
    SLICE_X21Y92         CARRY4 (Prop_carry4_S[0]_CO[3])
                                                      0.532     4.266 r  dut/ctor_result_reg[0]_i_244/CO[3]
                         net (fo=1, routed)           0.000     4.266    dut/ctor_result_reg[0]_i_244_n_0
    SLICE_X21Y93         CARRY4 (Prop_carry4_CI_CO[3])
                                                      0.114     4.380 r  dut/ctor_result_reg[0]_i_243/CO[3]
                         net (fo=1, routed)           0.000     4.380    dut/ctor_result_reg[0]_i_243_n_0
    SLICE_X21Y94         CARRY4 (Prop_carry4_CI_CO[3])
                                                      0.114     4.494 r  dut/ctor_result_reg[0]_i_216/CO[3]
                         net (fo=1, routed)           0.000     4.494    dut/ctor_result_reg[0]_i_216_n_0
    SLICE_X21Y95         CARRY4 (Prop_carry4_CI_CO[3])
                                                      0.114     4.608 r  dut/ctor_result_reg[0]_i_215/CO[3]
                         net (fo=1, routed)           0.000     4.608    dut/ctor_result_reg[0]_i_215_n_0
    SLICE_X21Y96         CARRY4 (Prop_carry4_CI_CO[3])
                                                      0.114     4.722 r  dut/ctor_result_reg[0]_i_214/CO[3]
                         net (fo=1, routed)           0.000     4.722    dut/ctor_result_reg[0]_i_214_n_0
    SLICE_X21Y97         CARRY4 (Prop_carry4_CI_CO[3])
                                                      0.114     4.836 r  dut/ctor_result_reg[0]_i_175/CO[3]
                         net (fo=1, routed)           0.000     4.836    dut/ctor_result_reg[0]_i_175_n_0
    SLICE_X21Y98         CARRY4 (Prop_carry4_CI_CO[3])
                                                      0.114     4.950 r  dut/ctor_result_reg[0]_i_174/CO[3]
                         net (fo=1, routed)           0.000     4.950    dut/ctor_result_reg[0]_i_174_n_0
    SLICE_X21Y99         CARRY4 (Prop_carry4_CI_CO[3])
                                                      0.114     5.064 r  dut/ctor_result_reg[0]_i_173/CO[3]
                         net (fo=1, routed)           0.001     5.064    dut/ctor_result_reg[0]_i_173_n_0
    SLICE_X21Y100        CARRY4 (Prop_carry4_CI_CO[3])
                                                      0.114     5.178 r  dut/ctor_result_reg[0]_i_128/CO[3]
                         net (fo=1, routed)           0.000     5.178    dut/ctor_result_reg[0]_i_128_n_0
    SLICE_X21Y101        CARRY4 (Prop_carry4_CI_CO[3])
                                                      0.114     5.292 r  dut/ctor_result_reg[0]_i_127/CO[3]
                         net (fo=1, routed)           0.000     5.292    dut/ctor_result_reg[0]_i_127_n_0
    SLICE_X21Y102        CARRY4 (Prop_carry4_CI_CO[3])
                                                      0.114     5.406 r  dut/ctor_result_reg[0]_i_126/CO[3]
                         net (fo=1, routed)           0.000     5.406    dut/ctor_result_reg[0]_i_126_n_0
    SLICE_X21Y103        CARRY4 (Prop_carry4_CI_CO[3])
                                                      0.114     5.520 r  dut/ctor_result_reg[0]_i_88/CO[3]
                         net (fo=1, routed)           0.000     5.520    dut/ctor_result_reg[0]_i_88_n_0
    SLICE_X21Y104        CARRY4 (Prop_carry4_CI_CO[3])
                                                      0.114     5.634 r  dut/ctor_result_reg[0]_i_87/CO[3]
                         net (fo=1, routed)           0.000     5.634    dut/ctor_result_reg[0]_i_87_n_0
    SLICE_X21Y105        CARRY4 (Prop_carry4_CI_O[3])
                                                      0.313     5.947 r  dut/ctor_result_reg[0]_i_86/O[3]
                         net (fo=3, routed)           1.215     7.162    dut/ctor_result_reg[0]_i_86_n_4
    SLICE_X18Y101        LUT6 (Prop_lut6_I1_O)        0.306     7.468 r  dut/ctor_result[0]_i_48/O
                         net (fo=1, routed)           0.000     7.468    dut/ctor_result[0]_i_48_n_0
    SLICE_X18Y101        CARRY4 (Prop_carry4_S[3]_CO[3])
                                                      0.376     7.844 r  dut/ctor_result_reg[0]_i_23/CO[3]
                         net (fo=1, routed)           0.000     7.844    dut/ctor_result_reg[0]_i_23_n_0
    SLICE_X18Y102        CARRY4 (Prop_carry4_CI_CO[1])
                                                      0.157     8.001 r  dut/ctor_result_reg[0]_i_9/CO[1]
                         net (fo=1, routed)           0.875     8.877    dut/q_next4
    SLICE_X15Y100        LUT4 (Prop_lut4_I0_O)        0.332     9.209 r  dut/ctor_result[0]_i_4/O
                         net (fo=128, routed)         1.700    10.909    dut/ctor_result[0]_i_4_n_0
    SLICE_X10Y82         LUT2 (Prop_lut2_I0_O)        0.124    11.033 r  dut/ctor_result[4]_i_8/O
                         net (fo=1, routed)           0.617    11.650    dut/ctor_result[4]_i_8_n_0
    SLICE_X8Y82          CARRY4 (Prop_carry4_CYINIT_CO[3])
                                                      0.595    12.245 r  dut/ctor_result_reg[4]_i_5/CO[3]
                         net (fo=1, routed)           0.000    12.245    dut/ctor_result_reg[4]_i_5_n_0
    SLICE_X8Y83          CARRY4 (Prop_carry4_CI_CO[3])
                                                      0.117    12.362 r  dut/ctor_result_reg[8]_i_6/CO[3]
                         net (fo=1, routed)           0.000    12.362    dut/ctor_result_reg[8]_i_6_n_0
    SLICE_X8Y84          CARRY4 (Prop_carry4_CI_CO[3])
                                                      0.117    12.479 r  dut/ctor_result_reg[12]_i_6/CO[3]
                         net (fo=1, routed)           0.000    12.479    dut/ctor_result_reg[12]_i_6_n_0
    SLICE_X8Y85          CARRY4 (Prop_carry4_CI_CO[3])
                                                      0.117    12.596 r  dut/ctor_result_reg[16]_i_6/CO[3]
                         net (fo=1, routed)           0.000    12.596    dut/ctor_result_reg[16]_i_6_n_0
    SLICE_X8Y86          CARRY4 (Prop_carry4_CI_CO[3])
                                                      0.117    12.713 r  dut/ctor_result_reg[24]_i_5/CO[3]
                         net (fo=1, routed)           0.000    12.713    dut/ctor_result_reg[24]_i_5_n_0
    SLICE_X8Y87          CARRY4 (Prop_carry4_CI_CO[3])
                                                      0.117    12.830 r  dut/ctor_result_reg[24]_i_2/CO[3]
                         net (fo=1, routed)           0.000    12.830    dut/ctor_result_reg[24]_i_2_n_0
    SLICE_X8Y88          CARRY4 (Prop_carry4_CI_CO[3])
                                                      0.117    12.947 r  dut/ctor_result_reg[28]_i_2/CO[3]
                         net (fo=1, routed)           0.000    12.947    dut/ctor_result_reg[28]_i_2_n_0
    SLICE_X8Y89          CARRY4 (Prop_carry4_CI_CO[3])
                                                      0.117    13.064 r  dut/ctor_result_reg[31]_i_4/CO[3]
                         net (fo=1, routed)           0.000    13.064    dut/ctor_result_reg[31]_i_4_n_0
    SLICE_X8Y90          CARRY4 (Prop_carry4_CI_CO[3])
                                                      0.117    13.181 r  dut/ctor_result_reg[36]_i_5/CO[3]
                         net (fo=1, routed)           0.000    13.181    dut/ctor_result_reg[36]_i_5_n_0
    SLICE_X8Y91          CARRY4 (Prop_carry4_CI_CO[3])
                                                      0.117    13.298 r  dut/ctor_result_reg[40]_i_6/CO[3]
                         net (fo=1, routed)           0.000    13.298    dut/ctor_result_reg[40]_i_6_n_0
    SLICE_X8Y92          CARRY4 (Prop_carry4_CI_CO[3])
                                                      0.117    13.415 r  dut/ctor_result_reg[44]_i_5/CO[3]
                         net (fo=1, routed)           0.000    13.415    dut/ctor_result_reg[44]_i_5_n_0
    SLICE_X8Y93          CARRY4 (Prop_carry4_CI_CO[3])
                                                      0.117    13.532 r  dut/ctor_result_reg[48]_i_5/CO[3]
                         net (fo=1, routed)           0.000    13.532    dut/ctor_result_reg[48]_i_5_n_0
    SLICE_X8Y94          CARRY4 (Prop_carry4_CI_CO[3])
                                                      0.117    13.649 r  dut/ctor_result_reg[52]_i_5/CO[3]
                         net (fo=1, routed)           0.000    13.649    dut/ctor_result_reg[52]_i_5_n_0
    SLICE_X8Y95          CARRY4 (Prop_carry4_CI_CO[3])
                                                      0.117    13.766 r  dut/ctor_result_reg[56]_i_6/CO[3]
                         net (fo=1, routed)           0.000    13.766    dut/ctor_result_reg[56]_i_6_n_0
    SLICE_X8Y96          CARRY4 (Prop_carry4_CI_O[2])
                                                      0.239    14.005 r  dut/ctor_result_reg[60]_i_5/O[2]
                         net (fo=1, routed)           0.489    14.494    dut/ctor_result01_in[59]
    SLICE_X9Y98          LUT5 (Prop_lut5_I3_O)        0.301    14.795 r  dut/ctor_result[59]_i_2/O
                         net (fo=1, routed)           0.781    15.576    dut/ctor_result[59]_i_2_n_0
    SLICE_X9Y98          LUT6 (Prop_lut6_I3_O)        0.124    15.700 r  dut/ctor_result[59]_i_1/O
                         net (fo=1, routed)           0.000    15.700    dut/ctor_result[59]_i_1_n_0
    SLICE_X9Y98          FDRE                                         r  dut/ctor_result_reg[59]/D
  -------------------------------------------------------------------    -------------------

                         (clock clock rise edge)     20.000    20.000 r  <hidden>
                                                      0.000    20.000 r  clk
                         net (fo=774, unset)          1.822    21.822    dut/clk
    SLICE_X9Y98          FDRE                                         r  dut/ctor_result_reg[59]/C
                         clock pessimism              0.087    21.909    <hidden>
                         clock uncertainty           -0.035    21.874    <hidden>
    SLICE_X9Y98          FDRE (Setup_fdre_C_D)        0.031    21.905    dut/ctor_result_reg[59]
  -------------------------------------------------------------------
                         required time                         21.905    <hidden>
                         arrival time                         -15.700    <hidden>
  -------------------------------------------------------------------
                         slack                                  6.205    <hidden>

Slack (MET) :             6.296ns  (required time - arrival time)
  Source:                 dut/remainder_reg[4]/C
                            (rising edge-triggered cell FDRE clocked by clock  {rise@0.000ns fall@10.000ns period=20.000ns})
  Destination:            dut/ctor_result_reg[42]/D
                            (rising edge-triggered cell FDRE clocked by clock  {rise@0.000ns fall@10.000ns period=20.000ns})
  Path Group:             clock
  Path Type:              Setup (Max at Slow Process Corner)
  Requirement:            20.000ns  (clock rise@20.000ns - clock rise@0.000ns)
  Data Path Delay:        13.744ns  (logic 6.489ns (47.214%)  route 7.255ns (52.786%))
  Logic Levels:           33  (CARRY4=27 LUT2=2 LUT4=1 LUT5=1 LUT6=2)
  Clock Path Skew:        0.046ns (DCD - SCD + CPR)
    Destination Clock Delay (DCD):    1.899ns = ( 21.899 - 20.000 ) 
    Source Clock Delay      (SCD):    1.940ns
    Clock Pessimism Removal (CPR):    0.087ns
  Clock Uncertainty:      0.035ns  ((TSJ^2 + TIJ^2)^1/2 + DJ) / 2 + PE
    Total System Jitter     (TSJ):    0.071ns
    Total Input Jitter      (TIJ):    0.000ns
    Discrete Jitter          (DJ):    0.000ns
    Phase Error              (PE):    0.000ns

    Location             Delay type                Incr(ns)  Path(ns)    Netlist Resource(s)
  -------------------------------------------------------------------    -------------------
                         (clock clock rise edge)      0.000     0.000 r  <hidden>
                                                      0.000     0.000 r  clk
                         net (fo=774, unset)          1.940     1.940    dut/clk
    SLICE_X25Y93         FDRE                                         r  dut/remainder_reg[4]/C
  -------------------------------------------------------------------    -------------------
    SLICE_X25Y93         FDRE (Prop_fdre_C_Q)         0.456     2.396 r  dut/remainder_reg[4]/Q
                         net (fo=9, routed)           1.214     3.610    dut/p_0_in1_in[5]
    SLICE_X21Y92         LUT2 (Prop_lut2_I1_O)        0.124     3.734 r  dut/ctor_result[0]_i_279/O
                         net (fo=1, routed)           0.000     3.734    dut/ctor_result[0]_i_279_n_0
    SLICE_X21Y92         CARRY4 (Prop_carry4_S[0]_CO[3])
                                                      0.532     4.266 r  dut/ctor_result_reg[0]_i_244/CO[3]
                         net (fo=1, routed)           0.000     4.266    dut/ctor_result_reg[0]_i_244_n_0
    SLICE_X21Y93         CARRY4 (Prop_carry4_CI_CO[3])
                                                      0.114     4.380 r  dut/ctor_result_reg[0]_i_243/CO[3]
                         net (fo=1, routed)           0.000     4.380    dut/ctor_result_reg[0]_i_243_n_0
    SLICE_X21Y94         CARRY4 (Prop_carry4_CI_CO[3])
                                                      0.114     4.494 r  dut/ctor_result_reg[0]_i_216/CO[3]
                         net (fo=1, routed)           0.000     4.494    dut/ctor_result_reg[0]_i_216_n_0
    SLICE_X21Y95         CARRY4 (Prop_carry4_CI_CO[3])
                                                      0.114     4.608 r  dut/ctor_result_reg[0]_i_215/CO[3]
                         net (fo=1, routed)           0.000     4.608    dut/ctor_result_reg[0]_i_215_n_0
    SLICE_X21Y96         CARRY4 (Prop_carry4_CI_CO[3])
                                                      0.114     4.722 r  dut/ctor_result_reg[0]_i_214/CO[3]
                         net (fo=1, routed)           0.000     4.722    dut/ctor_result_reg[0]_i_214_n_0
    SLICE_X21Y97         CARRY4 (Prop_carry4_CI_CO[3])
                                                      0.114     4.836 r  dut/ctor_result_reg[0]_i_175/CO[3]
                         net (fo=1, routed)           0.000     4.836    dut/ctor_result_reg[0]_i_175_n_0
    SLICE_X21Y98         CARRY4 (Prop_carry4_CI_CO[3])
                                                      0.114     4.950 r  dut/ctor_result_reg[0]_i_174/CO[3]
                         net (fo=1, routed)           0.000     4.950    dut/ctor_result_reg[0]_i_174_n_0
    SLICE_X21Y99         CARRY4 (Prop_carry4_CI_CO[3])
                                                      0.114     5.064 r  dut/ctor_result_reg[0]_i_173/CO[3]
                         net (fo=1, routed)           0.001     5.064    dut/ctor_result_reg[0]_i_173_n_0
    SLICE_X21Y100        CARRY4 (Prop_carry4_CI_CO[3])
                                                      0.114     5.178 r  dut/ctor_result_reg[0]_i_128/CO[3]
                         net (fo=1, routed)           0.000     5.178    dut/ctor_result_reg[0]_i_128_n_0
    SLICE_X21Y101        CARRY4 (Prop_carry4_CI_CO[3])
                                                      0.114     5.292 r  dut/ctor_result_reg[0]_i_127/CO[3]
                         net (fo=1, routed)           0.000     5.292    dut/ctor_result_reg[0]_i_127_n_0
    SLICE_X21Y102        CARRY4 (Prop_carry4_CI_CO[3])
                                                      0.114     5.406 r  dut/ctor_result_reg[0]_i_126/CO[3]
                         net (fo=1, routed)           0.000     5.406    dut/ctor_result_reg[0]_i_126_n_0
    SLICE_X21Y103        CARRY4 (Prop_carry4_CI_CO[3])
                                                      0.114     5.520 r  dut/ctor_result_reg[0]_i_88/CO[3]
                         net (fo=1, routed)           0.000     5.520    dut/ctor_result_reg[0]_i_88_n_0
    SLICE_X21Y104        CARRY4 (Prop_carry4_CI_CO[3])
                                                      0.114     5.634 r  dut/ctor_result_reg[0]_i_87/CO[3]
                         net (fo=1, routed)           0.000     5.634    dut/ctor_result_reg[0]_i_87_n_0
    SLICE_X21Y105        CARRY4 (Prop_carry4_CI_O[3])
                                                      0.313     5.947 r  dut/ctor_result_reg[0]_i_86/O[3]
                         net (fo=3, routed)           1.215     7.162    dut/ctor_result_reg[0]_i_86_n_4
    SLICE_X18Y101        LUT6 (Prop_lut6_I1_O)        0.306     7.468 r  dut/ctor_result[0]_i_48/O
                         net (fo=1, routed)           0.000     7.468    dut/ctor_result[0]_i_48_n_0
    SLICE_X18Y101        CARRY4 (Prop_carry4_S[3]_CO[3])
                                                      0.376     7.844 r  dut/ctor_result_reg[0]_i_23/CO[3]
                         net (fo=1, routed)           0.000     7.844    dut/ctor_result_reg[0]_i_23_n_0
    SLICE_X18Y102        CARRY4 (Prop_carry4_CI_CO[1])
                                                      0.157     8.001 r  dut/ctor_result_reg[0]_i_9/CO[1]
                         net (fo=1, routed)           0.875     8.877    dut/q_next4
    SLICE_X15Y100        LUT4 (Prop_lut4_I0_O)        0.332     9.209 r  dut/ctor_result[0]_i_4/O
                         net (fo=128, routed)         1.700    10.909    dut/ctor_result[0]_i_4_n_0
    SLICE_X10Y82         LUT2 (Prop_lut2_I0_O)        0.124    11.033 r  dut/ctor_result[4]_i_8/O
                         net (fo=1, routed)           0.617    11.650    dut/ctor_result[4]_i_8_n_0
    SLICE_X8Y82          CARRY4 (Prop_carry4_CYINIT_CO[3])
                                                      0.595    12.245 r  dut/ctor_result_reg[4]_i_5/CO[3]
                         net (fo=1, routed)           0.000    12.245    dut/ctor_result_reg[4]_i_5_n_0
    SLICE_X8Y83          CARRY4 (Prop_carry4_CI_CO[3])
                                                      0.117    12.362 r  dut/ctor_result_reg[8]_i_6/CO[3]
                         net (fo=1, routed)           0.000    12.362    dut/ctor_result_reg[8]_i_6_n_0
    SLICE_X8Y84          CARRY4 (Prop_carry4_CI_CO[3])
                                                      0.117    12.479 r  dut/ctor_result_reg[12]_i_6/CO[3]
                         net (fo=1, routed)           0.000    12.479    dut/ctor_result_reg[12]_i_6_n_0
    SLICE_X8Y85          CARRY4 (Prop_carry4_CI_CO[3])
                                                      0.117    12.596 r  dut/ctor_result_reg[16]_i_6/CO[3]
                         net (fo=1, routed)           0.000    12.596    dut/ctor_result_reg[16]_i_6_n_0
    SLICE_X8Y86          CARRY4 (Prop_carry4_CI_CO[3])
                                                      0.117    12.713 r  dut/ctor_result_reg[24]_i_5/CO[3]
                         net (fo=1, routed)           0.000    12.713    dut/ctor_result_reg[24]_i_5_n_0
    SLICE_X8Y87          CARRY4 (Prop_carry4_CI_CO[3])
                                                      0.117    12.830 r  dut/ctor_result_reg[24]_i_2/CO[3]
                         net (fo=1, routed)           0.000    12.830    dut/ctor_result_reg[24]_i_2_n_0
    SLICE_X8Y88          CARRY4 (Prop_carry4_CI_CO[3])
                                                      0.117    12.947 r  dut/ctor_result_reg[28]_i_2/CO[3]
                         net (fo=1, routed)           0.000    12.947    dut/ctor_result_reg[28]_i_2_n_0
    SLICE_X8Y89          CARRY4 (Prop_carry4_CI_CO[3])
                                                      0.117    13.064 r  dut/ctor_result_reg[31]_i_4/CO[3]
                         net (fo=1, routed)           0.000    13.064    dut/ctor_result_reg[31]_i_4_n_0
    SLICE_X8Y90          CARRY4 (Prop_carry4_CI_CO[3])
                                                      0.117    13.181 r  dut/ctor_result_reg[36]_i_5/CO[3]
                         net (fo=1, routed)           0.000    13.181    dut/ctor_result_reg[36]_i_5_n_0
    SLICE_X8Y91          CARRY4 (Prop_carry4_CI_CO[3])
                                                      0.117    13.298 r  dut/ctor_result_reg[40]_i_6/CO[3]
                         net (fo=1, routed)           0.000    13.298    dut/ctor_result_reg[40]_i_6_n_0
    SLICE_X8Y92          CARRY4 (Prop_carry4_CI_O[1])
                                                      0.323    13.621 r  dut/ctor_result_reg[44]_i_5/O[1]
                         net (fo=1, routed)           0.844    14.465    dut/ctor_result01_in[42]
    SLICE_X6Y91          LUT5 (Prop_lut5_I3_O)        0.306    14.771 r  dut/ctor_result[42]_i_2/O
                         net (fo=1, routed)           0.789    15.560    dut/ctor_result[42]_i_2_n_0
    SLICE_X3Y91          LUT6 (Prop_lut6_I3_O)        0.124    15.684 r  dut/ctor_result[42]_i_1/O
                         net (fo=1, routed)           0.000    15.684    dut/ctor_result[42]_i_1_n_0
    SLICE_X3Y91          FDRE                                         r  dut/ctor_result_reg[42]/D
  -------------------------------------------------------------------    -------------------

                         (clock clock rise edge)     20.000    20.000 r  <hidden>
                                                      0.000    20.000 r  clk
                         net (fo=774, unset)          1.899    21.899    dut/clk
    SLICE_X3Y91          FDRE                                         r  dut/ctor_result_reg[42]/C
                         clock pessimism              0.087    21.986    <hidden>
                         clock uncertainty           -0.035    21.951    <hidden>
    SLICE_X3Y91          FDRE (Setup_fdre_C_D)        0.029    21.980    dut/ctor_result_reg[42]
  -------------------------------------------------------------------
                         required time                         21.980    <hidden>
                         arrival time                         -15.684    <hidden>
  -------------------------------------------------------------------
                         slack                                  6.296    <hidden>

Slack (MET) :             6.297ns  (required time - arrival time)
  Source:                 dut/remainder_reg[4]/C
                            (rising edge-triggered cell FDRE clocked by clock  {rise@0.000ns fall@10.000ns period=20.000ns})
  Destination:            dut/ctor_result_reg[61]/D
                            (rising edge-triggered cell FDRE clocked by clock  {rise@0.000ns fall@10.000ns period=20.000ns})
  Path Group:             clock
  Path Type:              Setup (Max at Slow Process Corner)
  Requirement:            20.000ns  (clock rise@20.000ns - clock rise@0.000ns)
  Data Path Delay:        13.746ns  (logic 6.959ns (50.625%)  route 6.787ns (49.375%))
  Logic Levels:           38  (CARRY4=32 LUT2=2 LUT4=1 LUT5=1 LUT6=2)
  Clock Path Skew:        0.049ns (DCD - SCD + CPR)
    Destination Clock Delay (DCD):    1.902ns = ( 21.902 - 20.000 ) 
    Source Clock Delay      (SCD):    1.940ns
    Clock Pessimism Removal (CPR):    0.087ns
  Clock Uncertainty:      0.035ns  ((TSJ^2 + TIJ^2)^1/2 + DJ) / 2 + PE
    Total System Jitter     (TSJ):    0.071ns
    Total Input Jitter      (TIJ):    0.000ns
    Discrete Jitter          (DJ):    0.000ns
    Phase Error              (PE):    0.000ns

    Location             Delay type                Incr(ns)  Path(ns)    Netlist Resource(s)
  -------------------------------------------------------------------    -------------------
                         (clock clock rise edge)      0.000     0.000 r  <hidden>
                                                      0.000     0.000 r  clk
                         net (fo=774, unset)          1.940     1.940    dut/clk
    SLICE_X25Y93         FDRE                                         r  dut/remainder_reg[4]/C
  -------------------------------------------------------------------    -------------------
    SLICE_X25Y93         FDRE (Prop_fdre_C_Q)         0.456     2.396 r  dut/remainder_reg[4]/Q
                         net (fo=9, routed)           1.214     3.610    dut/p_0_in1_in[5]
    SLICE_X21Y92         LUT2 (Prop_lut2_I1_O)        0.124     3.734 r  dut/ctor_result[0]_i_279/O
                         net (fo=1, routed)           0.000     3.734    dut/ctor_result[0]_i_279_n_0
    SLICE_X21Y92         CARRY4 (Prop_carry4_S[0]_CO[3])
                                                      0.532     4.266 r  dut/ctor_result_reg[0]_i_244/CO[3]
                         net (fo=1, routed)           0.000     4.266    dut/ctor_result_reg[0]_i_244_n_0
    SLICE_X21Y93         CARRY4 (Prop_carry4_CI_CO[3])
                                                      0.114     4.380 r  dut/ctor_result_reg[0]_i_243/CO[3]
                         net (fo=1, routed)           0.000     4.380    dut/ctor_result_reg[0]_i_243_n_0
    SLICE_X21Y94         CARRY4 (Prop_carry4_CI_CO[3])
                                                      0.114     4.494 r  dut/ctor_result_reg[0]_i_216/CO[3]
                         net (fo=1, routed)           0.000     4.494    dut/ctor_result_reg[0]_i_216_n_0
    SLICE_X21Y95         CARRY4 (Prop_carry4_CI_CO[3])
                                                      0.114     4.608 r  dut/ctor_result_reg[0]_i_215/CO[3]
                         net (fo=1, routed)           0.000     4.608    dut/ctor_result_reg[0]_i_215_n_0
    SLICE_X21Y96         CARRY4 (Prop_carry4_CI_CO[3])
                                                      0.114     4.722 r  dut/ctor_result_reg[0]_i_214/CO[3]
                         net (fo=1, routed)           0.000     4.722    dut/ctor_result_reg[0]_i_214_n_0
    SLICE_X21Y97         CARRY4 (Prop_carry4_CI_CO[3])
                                                      0.114     4.836 r  dut/ctor_result_reg[0]_i_175/CO[3]
                         net (fo=1, routed)           0.000     4.836    dut/ctor_result_reg[0]_i_175_n_0
    SLICE_X21Y98         CARRY4 (Prop_carry4_CI_CO[3])
                                                      0.114     4.950 r  dut/ctor_result_reg[0]_i_174/CO[3]
                         net (fo=1, routed)           0.000     4.950    dut/ctor_result_reg[0]_i_174_n_0
    SLICE_X21Y99         CARRY4 (Prop_carry4_CI_CO[3])
                                                      0.114     5.064 r  dut/ctor_result_reg[0]_i_173/CO[3]
                         net (fo=1, routed)           0.001     5.064    dut/ctor_result_reg[0]_i_173_n_0
    SLICE_X21Y100        CARRY4 (Prop_carry4_CI_CO[3])
                                                      0.114     5.178 r  dut/ctor_result_reg[0]_i_128/CO[3]
                         net (fo=1, routed)           0.000     5.178    dut/ctor_result_reg[0]_i_128_n_0
    SLICE_X21Y101        CARRY4 (Prop_carry4_CI_CO[3])
                                                      0.114     5.292 r  dut/ctor_result_reg[0]_i_127/CO[3]
                         net (fo=1, routed)           0.000     5.292    dut/ctor_result_reg[0]_i_127_n_0
    SLICE_X21Y102        CARRY4 (Prop_carry4_CI_CO[3])
                                                      0.114     5.406 r  dut/ctor_result_reg[0]_i_126/CO[3]
                         net (fo=1, routed)           0.000     5.406    dut/ctor_result_reg[0]_i_126_n_0
    SLICE_X21Y103        CARRY4 (Prop_carry4_CI_CO[3])
                                                      0.114     5.520 r  dut/ctor_result_reg[0]_i_88/CO[3]
                         net (fo=1, routed)           0.000     5.520    dut/ctor_result_reg[0]_i_88_n_0
    SLICE_X21Y104        CARRY4 (Prop_carry4_CI_CO[3])
                                                      0.114     5.634 r  dut/ctor_result_reg[0]_i_87/CO[3]
                         net (fo=1, routed)           0.000     5.634    dut/ctor_result_reg[0]_i_87_n_0
    SLICE_X21Y105        CARRY4 (Prop_carry4_CI_O[3])
                                                      0.313     5.947 r  dut/ctor_result_reg[0]_i_86/O[3]
                         net (fo=3, routed)           1.215     7.162    dut/ctor_result_reg[0]_i_86_n_4
    SLICE_X18Y101        LUT6 (Prop_lut6_I1_O)        0.306     7.468 r  dut/ctor_result[0]_i_48/O
                         net (fo=1, routed)           0.000     7.468    dut/ctor_result[0]_i_48_n_0
    SLICE_X18Y101        CARRY4 (Prop_carry4_S[3]_CO[3])
                                                      0.376     7.844 r  dut/ctor_result_reg[0]_i_23/CO[3]
                         net (fo=1, routed)           0.000     7.844    dut/ctor_result_reg[0]_i_23_n_0
    SLICE_X18Y102        CARRY4 (Prop_carry4_CI_CO[1])
                                                      0.157     8.001 r  dut/ctor_result_reg[0]_i_9/CO[1]
                         net (fo=1, routed)           0.875     8.877    dut/q_next4
    SLICE_X15Y100        LUT4 (Prop_lut4_I0_O)        0.332     9.209 r  dut/ctor_result[0]_i_4/O
                         net (fo=128, routed)         1.700    10.909    dut/ctor_result[0]_i_4_n_0
    SLICE_X10Y82         LUT2 (Prop_lut2_I0_O)        0.124    11.033 r  dut/ctor_result[4]_i_8/O
                         net (fo=1, routed)           0.617    11.650    dut/ctor_result[4]_i_8_n_0
    SLICE_X8Y82          CARRY4 (Prop_carry4_CYINIT_CO[3])
                                                      0.595    12.245 r  dut/ctor_result_reg[4]_i_5/CO[3]
                         net (fo=1, routed)           0.000    12.245    dut/ctor_result_reg[4]_i_5_n_0
    SLICE_X8Y83          CARRY4 (Prop_carry4_CI_CO[3])
                                                      0.117    12.362 r  dut/ctor_result_reg[8]_i_6/CO[3]
                         net (fo=1, routed)           0.000    12.362    dut/ctor_result_reg[8]_i_6_n_0
    SLICE_X8Y84          CARRY4 (Prop_carry4_CI_CO[3])
                                                      0.117    12.479 r  dut/ctor_result_reg[12]_i_6/CO[3]
                         net (fo=1, routed)           0.000    12.479    dut/ctor_result_reg[12]_i_6_n_0
    SLICE_X8Y85          CARRY4 (Prop_carry4_CI_CO[3])
                                                      0.117    12.596 r  dut/ctor_result_reg[16]_i_6/CO[3]
                         net (fo=1, routed)           0.000    12.596    dut/ctor_result_reg[16]_i_6_n_0
    SLICE_X8Y86          CARRY4 (Prop_carry4_CI_CO[3])
                                                      0.117    12.713 r  dut/ctor_result_reg[24]_i_5/CO[3]
                         net (fo=1, routed)           0.000    12.713    dut/ctor_result_reg[24]_i_5_n_0
    SLICE_X8Y87          CARRY4 (Prop_carry4_CI_CO[3])
                                                      0.117    12.830 r  dut/ctor_result_reg[24]_i_2/CO[3]
                         net (fo=1, routed)           0.000    12.830    dut/ctor_result_reg[24]_i_2_n_0
    SLICE_X8Y88          CARRY4 (Prop_carry4_CI_CO[3])
                                                      0.117    12.947 r  dut/ctor_result_reg[28]_i_2/CO[3]
                         net (fo=1, routed)           0.000    12.947    dut/ctor_result_reg[28]_i_2_n_0
    SLICE_X8Y89          CARRY4 (Prop_carry4_CI_CO[3])
                                                      0.117    13.064 r  dut/ctor_result_reg[31]_i_4/CO[3]
                         net (fo=1, routed)           0.000    13.064    dut/ctor_result_reg[31]_i_4_n_0
    SLICE_X8Y90          CARRY4 (Prop_carry4_CI_CO[3])
                                                      0.117    13.181 r  dut/ctor_result_reg[36]_i_5/CO[3]
                         net (fo=1, routed)           0.000    13.181    dut/ctor_result_reg[36]_i_5_n_0
    SLICE_X8Y91          CARRY4 (Prop_carry4_CI_CO[3])
                                                      0.117    13.298 r  dut/ctor_result_reg[40]_i_6/CO[3]
                         net (fo=1, routed)           0.000    13.298    dut/ctor_result_reg[40]_i_6_n_0
    SLICE_X8Y92          CARRY4 (Prop_carry4_CI_CO[3])
                                                      0.117    13.415 r  dut/ctor_result_reg[44]_i_5/CO[3]
                         net (fo=1, routed)           0.000    13.415    dut/ctor_result_reg[44]_i_5_n_0
    SLICE_X8Y93          CARRY4 (Prop_carry4_CI_CO[3])
                                                      0.117    13.532 r  dut/ctor_result_reg[48]_i_5/CO[3]
                         net (fo=1, routed)           0.000    13.532    dut/ctor_result_reg[48]_i_5_n_0
    SLICE_X8Y94          CARRY4 (Prop_carry4_CI_CO[3])
                                                      0.117    13.649 r  dut/ctor_result_reg[52]_i_5/CO[3]
                         net (fo=1, routed)           0.000    13.649    dut/ctor_result_reg[52]_i_5_n_0
    SLICE_X8Y95          CARRY4 (Prop_carry4_CI_CO[3])
                                                      0.117    13.766 r  dut/ctor_result_reg[56]_i_6/CO[3]
                         net (fo=1, routed)           0.000    13.766    dut/ctor_result_reg[56]_i_6_n_0
    SLICE_X8Y96          CARRY4 (Prop_carry4_CI_CO[3])
                                                      0.117    13.883 r  dut/ctor_result_reg[60]_i_5/CO[3]
                         net (fo=1, routed)           0.000    13.883    dut/ctor_result_reg[60]_i_5_n_0
    SLICE_X8Y97          CARRY4 (Prop_carry4_CI_O[0])
                                                      0.219    14.102 r  dut/ctor_result_reg[63]_i_13/O[0]
                         net (fo=1, routed)           0.696    14.798    dut/ctor_result01_in[61]
    SLICE_X3Y98          LUT5 (Prop_lut5_I3_O)        0.295    15.093 r  dut/ctor_result[61]_i_2/O
                         net (fo=1, routed)           0.469    15.562    dut/ctor_result[61]_i_2_n_0
    SLICE_X3Y98          LUT6 (Prop_lut6_I3_O)        0.124    15.686 r  dut/ctor_result[61]_i_1/O
                         net (fo=1, routed)           0.000    15.686    dut/ctor_result[61]_i_1_n_0
    SLICE_X3Y98          FDRE                                         r  dut/ctor_result_reg[61]/D
  -------------------------------------------------------------------    -------------------

                         (clock clock rise edge)     20.000    20.000 r  <hidden>
                                                      0.000    20.000 r  clk
                         net (fo=774, unset)          1.902    21.902    dut/clk
    SLICE_X3Y98          FDRE                                         r  dut/ctor_result_reg[61]/C
                         clock pessimism              0.087    21.989    <hidden>
                         clock uncertainty           -0.035    21.954    <hidden>
    SLICE_X3Y98          FDRE (Setup_fdre_C_D)        0.029    21.983    dut/ctor_result_reg[61]
  -------------------------------------------------------------------
                         required time                         21.983    <hidden>
                         arrival time                         -15.686    <hidden>
  -------------------------------------------------------------------
                         slack                                  6.297    <hidden>

Slack (MET) :             6.318ns  (required time - arrival time)
  Source:                 dut/remainder_reg[4]/C
                            (rising edge-triggered cell FDRE clocked by clock  {rise@0.000ns fall@10.000ns period=20.000ns})
  Destination:            dut/ctor_result_reg[52]/D
                            (rising edge-triggered cell FDRE clocked by clock  {rise@0.000ns fall@10.000ns period=20.000ns})
  Path Group:             clock
  Path Type:              Setup (Max at Slow Process Corner)
  Requirement:            20.000ns  (clock rise@20.000ns - clock rise@0.000ns)
  Data Path Delay:        13.722ns  (logic 6.716ns (48.944%)  route 7.006ns (51.056%))
  Logic Levels:           35  (CARRY4=29 LUT2=2 LUT4=1 LUT5=1 LUT6=2)
  Clock Path Skew:        0.046ns (DCD - SCD + CPR)
    Destination Clock Delay (DCD):    1.899ns = ( 21.899 - 20.000 ) 
    Source Clock Delay      (SCD):    1.940ns
    Clock Pessimism Removal (CPR):    0.087ns
  Clock Uncertainty:      0.035ns  ((TSJ^2 + TIJ^2)^1/2 + DJ) / 2 + PE
    Total System Jitter     (TSJ):    0.071ns
    Total Input Jitter      (TIJ):    0.000ns
    Discrete Jitter          (DJ):    0.000ns
    Phase Error              (PE):    0.000ns

    Location             Delay type                Incr(ns)  Path(ns)    Netlist Resource(s)
  -------------------------------------------------------------------    -------------------
                         (clock clock rise edge)      0.000     0.000 r  <hidden>
                                                      0.000     0.000 r  clk
                         net (fo=774, unset)          1.940     1.940    dut/clk
    SLICE_X25Y93         FDRE                                         r  dut/remainder_reg[4]/C
  -------------------------------------------------------------------    -------------------
    SLICE_X25Y93         FDRE (Prop_fdre_C_Q)         0.456     2.396 r  dut/remainder_reg[4]/Q
                         net (fo=9, routed)           1.214     3.610    dut/p_0_in1_in[5]
    SLICE_X21Y92         LUT2 (Prop_lut2_I1_O)        0.124     3.734 r  dut/ctor_result[0]_i_279/O
                         net (fo=1, routed)           0.000     3.734    dut/ctor_result[0]_i_279_n_0
    SLICE_X21Y92         CARRY4 (Prop_carry4_S[0]_CO[3])
                                                      0.532     4.266 r  dut/ctor_result_reg[0]_i_244/CO[3]
                         net (fo=1, routed)           0.000     4.266    dut/ctor_result_reg[0]_i_244_n_0
    SLICE_X21Y93         CARRY4 (Prop_carry4_CI_CO[3])
                                                      0.114     4.380 r  dut/ctor_result_reg[0]_i_243/CO[3]
                         net (fo=1, routed)           0.000     4.380    dut/ctor_result_reg[0]_i_243_n_0
    SLICE_X21Y94         CARRY4 (Prop_carry4_CI_CO[3])
                                                      0.114     4.494 r  dut/ctor_result_reg[0]_i_216/CO[3]
                         net (fo=1, routed)           0.000     4.494    dut/ctor_result_reg[0]_i_216_n_0
    SLICE_X21Y95         CARRY4 (Prop_carry4_CI_CO[3])
                                                      0.114     4.608 r  dut/ctor_result_reg[0]_i_215/CO[3]
                         net (fo=1, routed)           0.000     4.608    dut/ctor_result_reg[0]_i_215_n_0
    SLICE_X21Y96         CARRY4 (Prop_carry4_CI_CO[3])
                                                      0.114     4.722 r  dut/ctor_result_reg[0]_i_214/CO[3]
                         net (fo=1, routed)           0.000     4.722    dut/ctor_result_reg[0]_i_214_n_0
    SLICE_X21Y97         CARRY4 (Prop_carry4_CI_CO[3])
                                                      0.114     4.836 r  dut/ctor_result_reg[0]_i_175/CO[3]
                         net (fo=1, routed)           0.000     4.836    dut/ctor_result_reg[0]_i_175_n_0
    SLICE_X21Y98         CARRY4 (Prop_carry4_CI_CO[3])
                                                      0.114     4.950 r  dut/ctor_result_reg[0]_i_174/CO[3]
                         net (fo=1, routed)           0.000     4.950    dut/ctor_result_reg[0]_i_174_n_0
    SLICE_X21Y99         CARRY4 (Prop_carry4_CI_CO[3])
                                                      0.114     5.064 r  dut/ctor_result_reg[0]_i_173/CO[3]
                         net (fo=1, routed)           0.001     5.064    dut/ctor_result_reg[0]_i_173_n_0
    SLICE_X21Y100        CARRY4 (Prop_carry4_CI_CO[3])
                                                      0.114     5.178 r  dut/ctor_result_reg[0]_i_128/CO[3]
                         net (fo=1, routed)           0.000     5.178    dut/ctor_result_reg[0]_i_128_n_0
    SLICE_X21Y101        CARRY4 (Prop_carry4_CI_CO[3])
                                                      0.114     5.292 r  dut/ctor_result_reg[0]_i_127/CO[3]
                         net (fo=1, routed)           0.000     5.292    dut/ctor_result_reg[0]_i_127_n_0
    SLICE_X21Y102        CARRY4 (Prop_carry4_CI_CO[3])
                                                      0.114     5.406 r  dut/ctor_result_reg[0]_i_126/CO[3]
                         net (fo=1, routed)           0.000     5.406    dut/ctor_result_reg[0]_i_126_n_0
    SLICE_X21Y103        CARRY4 (Prop_carry4_CI_CO[3])
                                                      0.114     5.520 r  dut/ctor_result_reg[0]_i_88/CO[3]
                         net (fo=1, routed)           0.000     5.520    dut/ctor_result_reg[0]_i_88_n_0
    SLICE_X21Y104        CARRY4 (Prop_carry4_CI_CO[3])
                                                      0.114     5.634 r  dut/ctor_result_reg[0]_i_87/CO[3]
                         net (fo=1, routed)           0.000     5.634    dut/ctor_result_reg[0]_i_87_n_0
    SLICE_X21Y105        CARRY4 (Prop_carry4_CI_O[3])
                                                      0.313     5.947 r  dut/ctor_result_reg[0]_i_86/O[3]
                         net (fo=3, routed)           1.215     7.162    dut/ctor_result_reg[0]_i_86_n_4
    SLICE_X18Y101        LUT6 (Prop_lut6_I1_O)        0.306     7.468 r  dut/ctor_result[0]_i_48/O
                         net (fo=1, routed)           0.000     7.468    dut/ctor_result[0]_i_48_n_0
    SLICE_X18Y101        CARRY4 (Prop_carry4_S[3]_CO[3])
                                                      0.376     7.844 r  dut/ctor_result_reg[0]_i_23/CO[3]
                         net (fo=1, routed)           0.000     7.844    dut/ctor_result_reg[0]_i_23_n_0
    SLICE_X18Y102        CARRY4 (Prop_carry4_CI_CO[1])
                                                      0.157     8.001 r  dut/ctor_result_reg[0]_i_9/CO[1]
                         net (fo=1, routed)           0.875     8.877    dut/q_next4
    SLICE_X15Y100        LUT4 (Prop_lut4_I0_O)        0.332     9.209 r  dut/ctor_result[0]_i_4/O
                         net (fo=128, routed)         1.700    10.909    dut/ctor_result[0]_i_4_n_0
    SLICE_X10Y82         LUT2 (Prop_lut2_I0_O)        0.124    11.033 r  dut/ctor_result[4]_i_8/O
                         net (fo=1, routed)           0.617    11.650    dut/ctor_result[4]_i_8_n_0
    SLICE_X8Y82          CARRY4 (Prop_carry4_CYINIT_CO[3])
                                                      0.595    12.245 r  dut/ctor_result_reg[4]_i_5/CO[3]
                         net (fo=1, routed)           0.000    12.245    dut/ctor_result_reg[4]_i_5_n_0
    SLICE_X8Y83          CARRY4 (Prop_carry4_CI_CO[3])
                                                      0.117    12.362 r  dut/ctor_result_reg[8]_i_6/CO[3]
                         net (fo=1, routed)           0.000    12.362    dut/ctor_result_reg[8]_i_6_n_0
    SLICE_X8Y84          CARRY4 (Prop_carry4_CI_CO[3])
                                                      0.117    12.479 r  dut/ctor_result_reg[12]_i_6/CO[3]
                         net (fo=1, routed)           0.000    12.479    dut/ctor_result_reg[12]_i_6_n_0
    SLICE_X8Y85          CARRY4 (Prop_carry4_CI_CO[3])
                                                      0.117    12.596 r  dut/ctor_result_reg[16]_i_6/CO[3]
                         net (fo=1, routed)           0.000    12.596    dut/ctor_result_reg[16]_i_6_n_0
    SLICE_X8Y86          CARRY4 (Prop_carry4_CI_CO[3])
                                                      0.117    12.713 r  dut/ctor_result_reg[24]_i_5/CO[3]
                         net (fo=1, routed)           0.000    12.713    dut/ctor_result_reg[24]_i_5_n_0
    SLICE_X8Y87          CARRY4 (Prop_carry4_CI_CO[3])
                                                      0.117    12.830 r  dut/ctor_result_reg[24]_i_2/CO[3]
                         net (fo=1, routed)           0.000    12.830    dut/ctor_result_reg[24]_i_2_n_0
    SLICE_X8Y88          CARRY4 (Prop_carry4_CI_CO[3])
                                                      0.117    12.947 r  dut/ctor_result_reg[28]_i_2/CO[3]
                         net (fo=1, routed)           0.000    12.947    dut/ctor_result_reg[28]_i_2_n_0
    SLICE_X8Y89          CARRY4 (Prop_carry4_CI_CO[3])
                                                      0.117    13.064 r  dut/ctor_result_reg[31]_i_4/CO[3]
                         net (fo=1, routed)           0.000    13.064    dut/ctor_result_reg[31]_i_4_n_0
    SLICE_X8Y90          CARRY4 (Prop_carry4_CI_CO[3])
                                                      0.117    13.181 r  dut/ctor_result_reg[36]_i_5/CO[3]
                         net (fo=1, routed)           0.000    13.181    dut/ctor_result_reg[36]_i_5_n_0
    SLICE_X8Y91          CARRY4 (Prop_carry4_CI_CO[3])
                                                      0.117    13.298 r  dut/ctor_result_reg[40]_i_6/CO[3]
                         net (fo=1, routed)           0.000    13.298    dut/ctor_result_reg[40]_i_6_n_0
    SLICE_X8Y92          CARRY4 (Prop_carry4_CI_CO[3])
                                                      0.117    13.415 r  dut/ctor_result_reg[44]_i_5/CO[3]
                         net (fo=1, routed)           0.000    13.415    dut/ctor_result_reg[44]_i_5_n_0
    SLICE_X8Y93          CARRY4 (Prop_carry4_CI_CO[3])
                                                      0.117    13.532 r  dut/ctor_result_reg[48]_i_5/CO[3]
                         net (fo=1, routed)           0.000    13.532    dut/ctor_result_reg[48]_i_5_n_0
    SLICE_X8Y94          CARRY4 (Prop_carry4_CI_O[3])
                                                      0.315    13.847 r  dut/ctor_result_reg[52]_i_5/O[3]
                         net (fo=1, routed)           0.552    14.399    dut/ctor_result01_in[52]
    SLICE_X4Y95          LUT5 (Prop_lut5_I3_O)        0.307    14.706 r  dut/ctor_result[52]_i_2/O
                         net (fo=1, routed)           0.832    15.538    dut/ctor_result[52]_i_2_n_0
    SLICE_X4Y95          LUT6 (Prop_lut6_I3_O)        0.124    15.662 r  dut/ctor_result[52]_i_1/O
                         net (fo=1, routed)           0.000    15.662    dut/ctor_result[52]_i_1_n_0
    SLICE_X4Y95          FDRE                                         r  dut/ctor_result_reg[52]/D
  -------------------------------------------------------------------    -------------------

                         (clock clock rise edge)     20.000    20.000 r  <hidden>
                                                      0.000    20.000 r  clk
                         net (fo=774, unset)          1.899    21.899    dut/clk
    SLICE_X4Y95          FDRE                                         r  dut/ctor_result_reg[52]/C
                         clock pessimism              0.087    21.986    <hidden>
                         clock uncertainty           -0.035    21.951    <hidden>
    SLICE_X4Y95          FDRE (Setup_fdre_C_D)        0.029    21.980    dut/ctor_result_reg[52]
  -------------------------------------------------------------------
                         required time                         21.980    <hidden>
                         arrival time                         -15.662    <hidden>
  -------------------------------------------------------------------
                         slack                                  6.318    <hidden>

Slack (MET) :             6.387ns  (required time - arrival time)
  Source:                 dut/remainder_reg[4]/C
                            (rising edge-triggered cell FDRE clocked by clock  {rise@0.000ns fall@10.000ns period=20.000ns})
  Destination:            dut/ctor_result_reg[60]/D
                            (rising edge-triggered cell FDRE clocked by clock  {rise@0.000ns fall@10.000ns period=20.000ns})
  Path Group:             clock
  Path Type:              Setup (Max at Slow Process Corner)
  Requirement:            20.000ns  (clock rise@20.000ns - clock rise@0.000ns)
  Data Path Delay:        13.624ns  (logic 6.950ns (51.013%)  route 6.674ns (48.987%))
  Logic Levels:           37  (CARRY4=31 LUT2=2 LUT4=1 LUT5=1 LUT6=2)
  Clock Path Skew:        -0.031ns (DCD - SCD + CPR)
    Destination Clock Delay (DCD):    1.822ns = ( 21.822 - 20.000 ) 
    Source Clock Delay      (SCD):    1.940ns
    Clock Pessimism Removal (CPR):    0.087ns
  Clock Uncertainty:      0.035ns  ((TSJ^2 + TIJ^2)^1/2 + DJ) / 2 + PE
    Total System Jitter     (TSJ):    0.071ns
    Total Input Jitter      (TIJ):    0.000ns
    Discrete Jitter          (DJ):    0.000ns
    Phase Error              (PE):    0.000ns

    Location             Delay type                Incr(ns)  Path(ns)    Netlist Resource(s)
  -------------------------------------------------------------------    -------------------
                         (clock clock rise edge)      0.000     0.000 r  <hidden>
                                                      0.000     0.000 r  clk
                         net (fo=774, unset)          1.940     1.940    dut/clk
    SLICE_X25Y93         FDRE                                         r  dut/remainder_reg[4]/C
  -------------------------------------------------------------------    -------------------
    SLICE_X25Y93         FDRE (Prop_fdre_C_Q)         0.456     2.396 r  dut/remainder_reg[4]/Q
                         net (fo=9, routed)           1.214     3.610    dut/p_0_in1_in[5]
    SLICE_X21Y92         LUT2 (Prop_lut2_I1_O)        0.124     3.734 r  dut/ctor_result[0]_i_279/O
                         net (fo=1, routed)           0.000     3.734    dut/ctor_result[0]_i_279_n_0
    SLICE_X21Y92         CARRY4 (Prop_carry4_S[0]_CO[3])
                                                      0.532     4.266 r  dut/ctor_result_reg[0]_i_244/CO[3]
                         net (fo=1, routed)           0.000     4.266    dut/ctor_result_reg[0]_i_244_n_0
    SLICE_X21Y93         CARRY4 (Prop_carry4_CI_CO[3])
                                                      0.114     4.380 r  dut/ctor_result_reg[0]_i_243/CO[3]
                         net (fo=1, routed)           0.000     4.380    dut/ctor_result_reg[0]_i_243_n_0
    SLICE_X21Y94         CARRY4 (Prop_carry4_CI_CO[3])
                                                      0.114     4.494 r  dut/ctor_result_reg[0]_i_216/CO[3]
                         net (fo=1, routed)           0.000     4.494    dut/ctor_result_reg[0]_i_216_n_0
    SLICE_X21Y95         CARRY4 (Prop_carry4_CI_CO[3])
                                                      0.114     4.608 r  dut/ctor_result_reg[0]_i_215/CO[3]
                         net (fo=1, routed)           0.000     4.608    dut/ctor_result_reg[0]_i_215_n_0
    SLICE_X21Y96         CARRY4 (Prop_carry4_CI_CO[3])
                                                      0.114     4.722 r  dut/ctor_result_reg[0]_i_214/CO[3]
                         net (fo=1, routed)           0.000     4.722    dut/ctor_result_reg[0]_i_214_n_0
    SLICE_X21Y97         CARRY4 (Prop_carry4_CI_CO[3])
                                                      0.114     4.836 r  dut/ctor_result_reg[0]_i_175/CO[3]
                         net (fo=1, routed)           0.000     4.836    dut/ctor_result_reg[0]_i_175_n_0
    SLICE_X21Y98         CARRY4 (Prop_carry4_CI_CO[3])
                                                      0.114     4.950 r  dut/ctor_result_reg[0]_i_174/CO[3]
                         net (fo=1, routed)           0.000     4.950    dut/ctor_result_reg[0]_i_174_n_0
    SLICE_X21Y99         CARRY4 (Prop_carry4_CI_CO[3])
                                                      0.114     5.064 r  dut/ctor_result_reg[0]_i_173/CO[3]
                         net (fo=1, routed)           0.001     5.064    dut/ctor_result_reg[0]_i_173_n_0
    SLICE_X21Y100        CARRY4 (Prop_carry4_CI_CO[3])
                                                      0.114     5.178 r  dut/ctor_result_reg[0]_i_128/CO[3]
                         net (fo=1, routed)           0.000     5.178    dut/ctor_result_reg[0]_i_128_n_0
    SLICE_X21Y101        CARRY4 (Prop_carry4_CI_CO[3])
                                                      0.114     5.292 r  dut/ctor_result_reg[0]_i_127/CO[3]
                         net (fo=1, routed)           0.000     5.292    dut/ctor_result_reg[0]_i_127_n_0
    SLICE_X21Y102        CARRY4 (Prop_carry4_CI_CO[3])
                                                      0.114     5.406 r  dut/ctor_result_reg[0]_i_126/CO[3]
                         net (fo=1, routed)           0.000     5.406    dut/ctor_result_reg[0]_i_126_n_0
    SLICE_X21Y103        CARRY4 (Prop_carry4_CI_CO[3])
                                                      0.114     5.520 r  dut/ctor_result_reg[0]_i_88/CO[3]
                         net (fo=1, routed)           0.000     5.520    dut/ctor_result_reg[0]_i_88_n_0
    SLICE_X21Y104        CARRY4 (Prop_carry4_CI_CO[3])
                                                      0.114     5.634 r  dut/ctor_result_reg[0]_i_87/CO[3]
                         net (fo=1, routed)           0.000     5.634    dut/ctor_result_reg[0]_i_87_n_0
    SLICE_X21Y105        CARRY4 (Prop_carry4_CI_O[3])
                                                      0.313     5.947 r  dut/ctor_result_reg[0]_i_86/O[3]
                         net (fo=3, routed)           1.215     7.162    dut/ctor_result_reg[0]_i_86_n_4
    SLICE_X18Y101        LUT6 (Prop_lut6_I1_O)        0.306     7.468 r  dut/ctor_result[0]_i_48/O
                         net (fo=1, routed)           0.000     7.468    dut/ctor_result[0]_i_48_n_0
    SLICE_X18Y101        CARRY4 (Prop_carry4_S[3]_CO[3])
                                                      0.376     7.844 r  dut/ctor_result_reg[0]_i_23/CO[3]
                         net (fo=1, routed)           0.000     7.844    dut/ctor_result_reg[0]_i_23_n_0
    SLICE_X18Y102        CARRY4 (Prop_carry4_CI_CO[1])
                                                      0.157     8.001 r  dut/ctor_result_reg[0]_i_9/CO[1]
                         net (fo=1, routed)           0.875     8.877    dut/q_next4
    SLICE_X15Y100        LUT4 (Prop_lut4_I0_O)        0.332     9.209 r  dut/ctor_result[0]_i_4/O
                         net (fo=128, routed)         1.700    10.909    dut/ctor_result[0]_i_4_n_0
    SLICE_X10Y82         LUT2 (Prop_lut2_I0_O)        0.124    11.033 r  dut/ctor_result[4]_i_8/O
                         net (fo=1, routed)           0.617    11.650    dut/ctor_result[4]_i_8_n_0
    SLICE_X8Y82          CARRY4 (Prop_carry4_CYINIT_CO[3])
                                                      0.595    12.245 r  dut/ctor_result_reg[4]_i_5/CO[3]
                         net (fo=1, routed)           0.000    12.245    dut/ctor_result_reg[4]_i_5_n_0
    SLICE_X8Y83          CARRY4 (Prop_carry4_CI_CO[3])
                                                      0.117    12.362 r  dut/ctor_result_reg[8]_i_6/CO[3]
                         net (fo=1, routed)           0.000    12.362    dut/ctor_result_reg[8]_i_6_n_0
    SLICE_X8Y84          CARRY4 (Prop_carry4_CI_CO[3])
                                                      0.117    12.479 r  dut/ctor_result_reg[12]_i_6/CO[3]
                         net (fo=1, routed)           0.000    12.479    dut/ctor_result_reg[12]_i_6_n_0
    SLICE_X8Y85          CARRY4 (Prop_carry4_CI_CO[3])
                                                      0.117    12.596 r  dut/ctor_result_reg[16]_i_6/CO[3]
                         net (fo=1, routed)           0.000    12.596    dut/ctor_result_reg[16]_i_6_n_0
    SLICE_X8Y86          CARRY4 (Prop_carry4_CI_CO[3])
                                                      0.117    12.713 r  dut/ctor_result_reg[24]_i_5/CO[3]
                         net (fo=1, routed)           0.000    12.713    dut/ctor_result_reg[24]_i_5_n_0
    SLICE_X8Y87          CARRY4 (Prop_carry4_CI_CO[3])
                                                      0.117    12.830 r  dut/ctor_result_reg[24]_i_2/CO[3]
                         net (fo=1, routed)           0.000    12.830    dut/ctor_result_reg[24]_i_2_n_0
    SLICE_X8Y88          CARRY4 (Prop_carry4_CI_CO[3])
                                                      0.117    12.947 r  dut/ctor_result_reg[28]_i_2/CO[3]
                         net (fo=1, routed)           0.000    12.947    dut/ctor_result_reg[28]_i_2_n_0
    SLICE_X8Y89          CARRY4 (Prop_carry4_CI_CO[3])
                                                      0.117    13.064 r  dut/ctor_result_reg[31]_i_4/CO[3]
                         net (fo=1, routed)           0.000    13.064    dut/ctor_result_reg[31]_i_4_n_0
    SLICE_X8Y90          CARRY4 (Prop_carry4_CI_CO[3])
                                                      0.117    13.181 r  dut/ctor_result_reg[36]_i_5/CO[3]
                         net (fo=1, routed)           0.000    13.181    dut/ctor_result_reg[36]_i_5_n_0
    SLICE_X8Y91          CARRY4 (Prop_carry4_CI_CO[3])
                                                      0.117    13.298 r  dut/ctor_result_reg[40]_i_6/CO[3]
                         net (fo=1, routed)           0.000    13.298    dut/ctor_result_reg[40]_i_6_n_0
    SLICE_X8Y92          CARRY4 (Prop_carry4_CI_CO[3])
                                                      0.117    13.415 r  dut/ctor_result_reg[44]_i_5/CO[3]
                         net (fo=1, routed)           0.000    13.415    dut/ctor_result_reg[44]_i_5_n_0
    SLICE_X8Y93          CARRY4 (Prop_carry4_CI_CO[3])
                                                      0.117    13.532 r  dut/ctor_result_reg[48]_i_5/CO[3]
                         net (fo=1, routed)           0.000    13.532    dut/ctor_result_reg[48]_i_5_n_0
    SLICE_X8Y94          CARRY4 (Prop_carry4_CI_CO[3])
                                                      0.117    13.649 r  dut/ctor_result_reg[52]_i_5/CO[3]
                         net (fo=1, routed)           0.000    13.649    dut/ctor_result_reg[52]_i_5_n_0
    SLICE_X8Y95          CARRY4 (Prop_carry4_CI_CO[3])
                                                      0.117    13.766 r  dut/ctor_result_reg[56]_i_6/CO[3]
                         net (fo=1, routed)           0.000    13.766    dut/ctor_result_reg[56]_i_6_n_0
    SLICE_X8Y96          CARRY4 (Prop_carry4_CI_O[3])
                                                      0.315    14.081 r  dut/ctor_result_reg[60]_i_5/O[3]
                         net (fo=1, routed)           0.459    14.540    dut/ctor_result01_in[60]
    SLICE_X8Y98          LUT5 (Prop_lut5_I3_O)        0.307    14.847 r  dut/ctor_result[60]_i_2/O
                         net (fo=1, routed)           0.593    15.440    dut/ctor_result[60]_i_2_n_0
    SLICE_X8Y99          LUT6 (Prop_lut6_I3_O)        0.124    15.564 r  dut/ctor_result[60]_i_1/O
                         net (fo=1, routed)           0.000    15.564    dut/ctor_result[60]_i_1_n_0
    SLICE_X8Y99          FDRE                                         r  dut/ctor_result_reg[60]/D
  -------------------------------------------------------------------    -------------------

                         (clock clock rise edge)     20.000    20.000 r  <hidden>
                                                      0.000    20.000 r  clk
                         net (fo=774, unset)          1.822    21.822    dut/clk
    SLICE_X8Y99          FDRE                                         r  dut/ctor_result_reg[60]/C
                         clock pessimism              0.087    21.909    <hidden>
                         clock uncertainty           -0.035    21.874    <hidden>
    SLICE_X8Y99          FDRE (Setup_fdre_C_D)        0.077    21.951    dut/ctor_result_reg[60]
  -------------------------------------------------------------------
                         required time                         21.951    <hidden>
                         arrival time                         -15.564    <hidden>
  -------------------------------------------------------------------
                         slack                                  6.387    <hidden>




