Copyright 1986-2022 Xilinx, Inc. All Rights Reserved. Copyright 2022-2026 Advanced Micro Devices, Inc. All Rights Reserved.
---------------------------------------------------------------------------------------------------------------------------------------------
| Tool Version : Vivado v.2026.1 (lin64) Build 6511674 Tue Jun 16 11:01:26 MDT 2026
| Date         : Wed Sep 30 16:13:01 2026
| Host         : vagrant-devbox running 64-bit Ubuntu 24.04.4 LTS
| Command      : report_timing -from [all_registers] -to [all_registers] -max_paths 20 -file routed_internal_paths.rpt
| Design       : livt_onnx_flant5_flant5application_wrapper
| Device       : 7a200t-fbg676
| Speed File   : -1  PRODUCTION 1.23 2018-06-13
| Design State : Routed
---------------------------------------------------------------------------------------------------------------------------------------------

Timing Report

Slack (VIOLATED) :        -29.759ns  (required time - arrival time)
  Source:                 livt_onnx_flant5_flant5application_i/model_instance/kernels_instance/FSM_sequential_attention_fn_reset_sync.this_attention_lvt_state_reg[6]_rep__1/C
                            (rising edge-triggered cell FDRE clocked by app_clock  {rise@0.000ns fall@10.000ns period=20.000ns})
  Destination:            livt_onnx_flant5_flant5application_i/model_instance/kernels_instance/FSM_sequential_attention_fn_reset_sync.this_attention_lvt_state_reg[0]/D
                            (rising edge-triggered cell FDRE clocked by app_clock  {rise@0.000ns fall@10.000ns period=20.000ns})
  Path Group:             app_clock
  Path Type:              Setup (Max at Slow Process Corner)
  Requirement:            20.000ns  (app_clock rise@20.000ns - app_clock rise@0.000ns)
  Data Path Delay:        49.665ns  (logic 1.935ns (3.896%)  route 47.730ns (96.104%))
  Logic Levels:           8  (LUT2=2 LUT6=6)
  Clock Path Skew:        -0.028ns (DCD - SCD + CPR)
    Destination Clock Delay (DCD):    1.895ns = ( 21.895 - 20.000 ) 
    Source Clock Delay      (SCD):    2.019ns
    Clock Pessimism Removal (CPR):    0.096ns
  Clock Uncertainty:      0.035ns  ((TSJ^2 + TIJ^2)^1/2 + DJ) / 2 + PE
    Total System Jitter     (TSJ):    0.071ns
    Total Input Jitter      (TIJ):    0.000ns
    Discrete Jitter          (DJ):    0.000ns
    Phase Error              (PE):    0.000ns

    Location             Delay type                Incr(ns)  Path(ns)    Netlist Resource(s)
  -------------------------------------------------------------------    -------------------
                         (clock app_clock rise edge)
                                                      0.000     0.000 r  <hidden>
                                                      0.000     0.000 r  Clk
                         net (fo=102028, unset)       2.019     2.019    livt_onnx_flant5_flant5application_i/model_instance/kernels_instance/Clk
    SLICE_X51Y31         FDRE                                         r  livt_onnx_flant5_flant5application_i/model_instance/kernels_instance/FSM_sequential_attention_fn_reset_sync.this_attention_lvt_state_reg[6]_rep__1/C
  -------------------------------------------------------------------    -------------------
    SLICE_X51Y31         FDRE (Prop_fdre_C_Q)         0.456     2.475 r  livt_onnx_flant5_flant5application_i/model_instance/kernels_instance/FSM_sequential_attention_fn_reset_sync.this_attention_lvt_state_reg[6]_rep__1/Q
                         net (fo=92, routed)          6.951     9.426    livt_onnx_flant5_flant5application_i/model_instance/kernels_instance/FSM_sequential_attention_fn_reset_sync.this_attention_lvt_state_reg[6]_rep__1_n_0
    SLICE_X116Y88        LUT2 (Prop_lut2_I1_O)        0.150     9.576 f  livt_onnx_flant5_flant5application_i/model_instance/kernels_instance/attention_fn_reset_sync.attention_fn.x[31]_i_3/O
                         net (fo=15, routed)          4.084    13.660    livt_onnx_flant5_flant5application_i/model_instance/kernels_instance/attention_fn_reset_sync.attention_fn.x[31]_i_3_n_0
    SLICE_X55Y50         LUT2 (Prop_lut2_I1_O)        0.383    14.043 r  livt_onnx_flant5_flant5application_i/model_instance/kernels_instance/attention_fn_reset_sync.attention_fn.weights_columns_return_value[10]_i_2/O
                         net (fo=9, routed)           0.539    14.581    livt_onnx_flant5_flant5application_i/model_instance/kernels_instance/attention_fn_reset_sync.attention_fn.weights_columns_return_value[10]_i_2_n_0
    SLICE_X47Y46         LUT6 (Prop_lut6_I4_O)        0.326    14.907 r  livt_onnx_flant5_flant5application_i/model_instance/kernels_instance/FSM_sequential_attention_fn_reset_sync.this_attention_lvt_state[0]_i_30/O
                         net (fo=1, routed)           0.434    15.341    livt_onnx_flant5_flant5application_i/model_instance/kernels_instance/FSM_sequential_attention_fn_reset_sync.this_attention_lvt_state[0]_i_30_n_0
    SLICE_X49Y46         LUT6 (Prop_lut6_I5_O)        0.124    15.465 r  livt_onnx_flant5_flant5application_i/model_instance/kernels_instance/FSM_sequential_attention_fn_reset_sync.this_attention_lvt_state[0]_i_23/O
                         net (fo=1, routed)           0.154    15.620    livt_onnx_flant5_flant5application_i/model_instance/kernels_instance/FSM_sequential_attention_fn_reset_sync.this_attention_lvt_state[0]_i_23_n_0
    SLICE_X49Y46         LUT6 (Prop_lut6_I5_O)        0.124    15.744 r  livt_onnx_flant5_flant5application_i/model_instance/kernels_instance/FSM_sequential_attention_fn_reset_sync.this_attention_lvt_state[0]_i_12/O
                         net (fo=1, routed)           0.460    16.204    livt_onnx_flant5_flant5application_i/model_instance/kernels_instance/FSM_sequential_attention_fn_reset_sync.this_attention_lvt_state[0]_i_12_n_0
    SLICE_X44Y46         LUT6 (Prop_lut6_I5_O)        0.124    16.328 r  livt_onnx_flant5_flant5application_i/model_instance/kernels_instance/FSM_sequential_attention_fn_reset_sync.this_attention_lvt_state[0]_i_4/O
                         net (fo=1, routed)           0.162    16.490    livt_onnx_flant5_flant5application_i/model_instance/kernels_instance/FSM_sequential_attention_fn_reset_sync.this_attention_lvt_state[0]_i_4_n_0
    SLICE_X44Y46         LUT6 (Prop_lut6_I0_O)        0.124    16.614 r  livt_onnx_flant5_flant5application_i/model_instance/kernels_instance/FSM_sequential_attention_fn_reset_sync.this_attention_lvt_state[0]_i_2/O
                         net (fo=1, routed)           0.503    17.116    livt_onnx_flant5_flant5application_i/model_instance/kernels_instance/math_instance/FSM_sequential_attention_fn_reset_sync.this_attention_lvt_state_reg[0]_0
    SLICE_X44Y46         LUT6 (Prop_lut6_I2_O)        0.124    17.240 r  livt_onnx_flant5_flant5application_i/model_instance/kernels_instance/math_instance/FSM_sequential_attention_fn_reset_sync.this_attention_lvt_state[0]_i_1/O
                         net (fo=1, routed)          34.443    51.684    livt_onnx_flant5_flant5application_i/model_instance/kernels_instance/math_instance_n_281
    SLICE_X44Y46         FDRE                                         r  livt_onnx_flant5_flant5application_i/model_instance/kernels_instance/FSM_sequential_attention_fn_reset_sync.this_attention_lvt_state_reg[0]/D
  -------------------------------------------------------------------    -------------------

                         (clock app_clock rise edge)
                                                     20.000    20.000 r  <hidden>
                                                      0.000    20.000 r  Clk
                         net (fo=102028, unset)       1.895    21.895    livt_onnx_flant5_flant5application_i/model_instance/kernels_instance/Clk
    SLICE_X44Y46         FDRE                                         r  livt_onnx_flant5_flant5application_i/model_instance/kernels_instance/FSM_sequential_attention_fn_reset_sync.this_attention_lvt_state_reg[0]/C
                         clock pessimism              0.096    21.991    <hidden>
                         clock uncertainty           -0.035    21.956    <hidden>
    SLICE_X44Y46         FDRE (Setup_fdre_C_D)       -0.031    21.925    livt_onnx_flant5_flant5application_i/model_instance/kernels_instance/FSM_sequential_attention_fn_reset_sync.this_attention_lvt_state_reg[0]
  -------------------------------------------------------------------
                         required time                         21.925    <hidden>
                         arrival time                         -51.684    <hidden>
  -------------------------------------------------------------------
                         slack                                -29.759    <hidden>

Slack (VIOLATED) :        -5.544ns  (required time - arrival time)
  Source:                 livt_onnx_flant5_flant5application_i/console_instance/errorline_fn_reset_sync.errorline_fn.errorline_lvt_startup_arguments_reg[code][4]_replica/C
                            (rising edge-triggered cell FDRE clocked by app_clock  {rise@0.000ns fall@10.000ns period=20.000ns})
  Destination:            livt_onnx_flant5_flant5application_i/console_instance/errorline_fn_reset_sync.this_errorline_sendbyte_in_reg[value][2]/D
                            (rising edge-triggered cell FDRE clocked by app_clock  {rise@0.000ns fall@10.000ns period=20.000ns})
  Path Group:             app_clock
  Path Type:              Setup (Max at Slow Process Corner)
  Requirement:            20.000ns  (app_clock rise@20.000ns - app_clock rise@0.000ns)
  Data Path Delay:        25.608ns  (logic 11.630ns (45.415%)  route 13.978ns (54.585%))
  Logic Levels:           43  (CARRY4=28 LUT2=3 LUT3=4 LUT4=4 LUT5=1 LUT6=3)
  Clock Path Skew:        0.067ns (DCD - SCD + CPR)
    Destination Clock Delay (DCD):    1.816ns = ( 21.816 - 20.000 ) 
    Source Clock Delay      (SCD):    1.757ns
    Clock Pessimism Removal (CPR):    0.008ns
  Clock Uncertainty:      0.035ns  ((TSJ^2 + TIJ^2)^1/2 + DJ) / 2 + PE
    Total System Jitter     (TSJ):    0.071ns
    Total Input Jitter      (TIJ):    0.000ns
    Discrete Jitter          (DJ):    0.000ns
    Phase Error              (PE):    0.000ns

    Location             Delay type                Incr(ns)  Path(ns)    Netlist Resource(s)
  -------------------------------------------------------------------    -------------------
                         (clock app_clock rise edge)
                                                      0.000     0.000 r  <hidden>
                                                      0.000     0.000 r  Clk
                         net (fo=102028, unset)       1.757     1.757    livt_onnx_flant5_flant5application_i/console_instance/Clk
    SLICE_X21Y197        FDRE                                         r  livt_onnx_flant5_flant5application_i/console_instance/errorline_fn_reset_sync.errorline_fn.errorline_lvt_startup_arguments_reg[code][4]_replica/C
  -------------------------------------------------------------------    -------------------
    SLICE_X21Y197        FDRE (Prop_fdre_C_Q)         0.456     2.213 r  livt_onnx_flant5_flant5application_i/console_instance/errorline_fn_reset_sync.errorline_fn.errorline_lvt_startup_arguments_reg[code][4]_replica/Q
                         net (fo=24, routed)          0.878     3.091    livt_onnx_flant5_flant5application_i/console_instance/errorline_fn_reset_sync.errorline_fn.errorline_lvt_startup_arguments_reg[code_n_0_][4]_repN
    SLICE_X21Y196        LUT4 (Prop_lut4_I3_O)        0.124     3.215 r  livt_onnx_flant5_flant5application_i/console_instance/errorline_fn_reset_sync.this_errorline_sendbyte_in[value][1]_i_644/O
                         net (fo=1, routed)           0.000     3.215    livt_onnx_flant5_flant5application_i/console_instance/errorline_fn_reset_sync.this_errorline_sendbyte_in[value][1]_i_644_n_0
    SLICE_X21Y196        CARRY4 (Prop_carry4_S[1]_CO[3])
                                                      0.550     3.765 r  livt_onnx_flant5_flant5application_i/console_instance/errorline_fn_reset_sync.this_errorline_sendbyte_in_reg[value][1]_i_576/CO[3]
                         net (fo=1, routed)           0.000     3.765    livt_onnx_flant5_flant5application_i/console_instance/errorline_fn_reset_sync.this_errorline_sendbyte_in_reg[value][1]_i_576_n_0
    SLICE_X21Y197        CARRY4 (Prop_carry4_CI_CO[3])
                                                      0.114     3.879 r  livt_onnx_flant5_flant5application_i/console_instance/errorline_fn_reset_sync.this_errorline_sendbyte_in_reg[value][1]_i_673/CO[3]
                         net (fo=1, routed)           0.000     3.879    livt_onnx_flant5_flant5application_i/console_instance/errorline_fn_reset_sync.this_errorline_sendbyte_in_reg[value][1]_i_673_n_0
    SLICE_X21Y198        CARRY4 (Prop_carry4_CI_CO[3])
                                                      0.114     3.993 r  livt_onnx_flant5_flant5application_i/console_instance/errorline_fn_reset_sync.this_errorline_sendbyte_in_reg[value][1]_i_628/CO[3]
                         net (fo=1, routed)           0.000     3.993    livt_onnx_flant5_flant5application_i/console_instance/errorline_fn_reset_sync.this_errorline_sendbyte_in_reg[value][1]_i_628_n_0
    SLICE_X21Y199        CARRY4 (Prop_carry4_CI_CO[3])
                                                      0.114     4.107 r  livt_onnx_flant5_flant5application_i/console_instance/errorline_fn_reset_sync.this_errorline_sendbyte_in_reg[value][1]_i_575/CO[3]
                         net (fo=1, routed)           0.001     4.108    livt_onnx_flant5_flant5application_i/console_instance/errorline_fn_reset_sync.this_errorline_sendbyte_in_reg[value][1]_i_575_n_0
    SLICE_X21Y200        CARRY4 (Prop_carry4_CI_CO[3])
                                                      0.114     4.222 r  livt_onnx_flant5_flant5application_i/console_instance/errorline_fn_reset_sync.this_errorline_sendbyte_in_reg[value][1]_i_494/CO[3]
                         net (fo=1, routed)           0.000     4.222    livt_onnx_flant5_flant5application_i/console_instance/errorline_fn_reset_sync.this_errorline_sendbyte_in_reg[value][1]_i_494_n_0
    SLICE_X21Y201        CARRY4 (Prop_carry4_CI_CO[3])
                                                      0.114     4.336 r  livt_onnx_flant5_flant5application_i/console_instance/errorline_fn_reset_sync.this_errorline_sendbyte_in_reg[value][1]_i_377/CO[3]
                         net (fo=1, routed)           0.000     4.336    livt_onnx_flant5_flant5application_i/console_instance/errorline_fn_reset_sync.this_errorline_sendbyte_in_reg[value][1]_i_377_n_0
    SLICE_X21Y202        CARRY4 (Prop_carry4_CI_CO[3])
                                                      0.114     4.450 r  livt_onnx_flant5_flant5application_i/console_instance/errorline_fn_reset_sync.this_errorline_sendbyte_in_reg[value][1]_i_268/CO[3]
                         net (fo=1, routed)           0.000     4.450    livt_onnx_flant5_flant5application_i/console_instance/errorline_fn_reset_sync.this_errorline_sendbyte_in_reg[value][1]_i_268_n_0
    SLICE_X21Y203        CARRY4 (Prop_carry4_CI_CO[3])
                                                      0.114     4.564 r  livt_onnx_flant5_flant5application_i/console_instance/errorline_fn_reset_sync.this_errorline_sendbyte_in_reg[value][1]_i_262/CO[3]
                         net (fo=1, routed)           0.000     4.564    livt_onnx_flant5_flant5application_i/console_instance/errorline_fn_reset_sync.this_errorline_sendbyte_in_reg[value][1]_i_262_n_0
    SLICE_X21Y204        CARRY4 (Prop_carry4_CI_CO[3])
                                                      0.114     4.678 f  livt_onnx_flant5_flant5application_i/console_instance/errorline_fn_reset_sync.this_errorline_sendbyte_in_reg[value][1]_i_265/CO[3]
                         net (fo=36, routed)          1.027     5.705    livt_onnx_flant5_flant5application_i/console_instance/errorline_fn_reset_sync.this_errorline_sendbyte_in_reg[value][1]_i_265_n_0
    SLICE_X18Y203        LUT3 (Prop_lut3_I2_O)        0.124     5.829 r  livt_onnx_flant5_flant5application_i/console_instance/errorline_fn_reset_sync.this_errorline_sendbyte_in[value][3]_i_21/O
                         net (fo=2, routed)           0.989     6.818    livt_onnx_flant5_flant5application_i/console_instance/errorline_fn_reset_sync.this_errorline_sendbyte_in[value][3]_i_21_n_0
    SLICE_X22Y204        LUT4 (Prop_lut4_I3_O)        0.124     6.942 r  livt_onnx_flant5_flant5application_i/console_instance/errorline_fn_reset_sync.this_errorline_sendbyte_in[value][3]_i_25/O
                         net (fo=1, routed)           0.000     6.942    livt_onnx_flant5_flant5application_i/console_instance/errorline_fn_reset_sync.this_errorline_sendbyte_in[value][3]_i_25_n_0
    SLICE_X22Y204        CARRY4 (Prop_carry4_S[3]_CO[3])
                                                      0.376     7.318 r  livt_onnx_flant5_flant5application_i/console_instance/errorline_fn_reset_sync.this_errorline_sendbyte_in_reg[value][3]_i_18/CO[3]
                         net (fo=1, routed)           0.000     7.318    livt_onnx_flant5_flant5application_i/console_instance/errorline_fn_reset_sync.this_errorline_sendbyte_in_reg[value][3]_i_18_n_0
    SLICE_X22Y205        CARRY4 (Prop_carry4_CI_CO[3])
                                                      0.117     7.435 r  livt_onnx_flant5_flant5application_i/console_instance/errorline_fn_reset_sync.this_errorline_sendbyte_in_reg[value][1]_i_471/CO[3]
                         net (fo=1, routed)           0.000     7.435    livt_onnx_flant5_flant5application_i/console_instance/errorline_fn_reset_sync.this_errorline_sendbyte_in_reg[value][1]_i_471_n_0
    SLICE_X22Y206        CARRY4 (Prop_carry4_CI_CO[3])
                                                      0.117     7.552 r  livt_onnx_flant5_flant5application_i/console_instance/errorline_fn_reset_sync.this_errorline_sendbyte_in_reg[value][1]_i_350/CO[3]
                         net (fo=1, routed)           0.000     7.552    livt_onnx_flant5_flant5application_i/console_instance/errorline_fn_reset_sync.this_errorline_sendbyte_in_reg[value][1]_i_350_n_0
    SLICE_X22Y207        CARRY4 (Prop_carry4_CI_CO[3])
                                                      0.117     7.669 r  livt_onnx_flant5_flant5application_i/console_instance/errorline_fn_reset_sync.this_errorline_sendbyte_in_reg[value][1]_i_228/CO[3]
                         net (fo=1, routed)           0.000     7.669    livt_onnx_flant5_flant5application_i/console_instance/errorline_fn_reset_sync.this_errorline_sendbyte_in_reg[value][1]_i_228_n_0
    SLICE_X22Y208        CARRY4 (Prop_carry4_CI_CO[3])
                                                      0.117     7.786 r  livt_onnx_flant5_flant5application_i/console_instance/errorline_fn_reset_sync.this_errorline_sendbyte_in_reg[value][1]_i_120/CO[3]
                         net (fo=1, routed)           0.000     7.786    livt_onnx_flant5_flant5application_i/console_instance/errorline_fn_reset_sync.this_errorline_sendbyte_in_reg[value][1]_i_120_n_0
    SLICE_X22Y209        CARRY4 (Prop_carry4_CI_O[1])
                                                      0.323     8.109 r  livt_onnx_flant5_flant5application_i/console_instance/errorline_fn_reset_sync.this_errorline_sendbyte_in_reg[value][1]_i_107/O[1]
                         net (fo=2, routed)           0.515     8.624    livt_onnx_flant5_flant5application_i/console_instance/errorline_fn_reset_sync.this_errorline_sendbyte_in_reg[value][1]_i_107_n_6
    SLICE_X23Y209        LUT3 (Prop_lut3_I0_O)        0.306     8.930 r  livt_onnx_flant5_flant5application_i/console_instance/errorline_fn_reset_sync.this_errorline_sendbyte_in[value][1]_i_59/O
                         net (fo=2, routed)           0.741     9.671    livt_onnx_flant5_flant5application_i/console_instance/errorline_fn_reset_sync.this_errorline_sendbyte_in[value][1]_i_59_n_0
    SLICE_X24Y209        LUT4 (Prop_lut4_I3_O)        0.124     9.795 r  livt_onnx_flant5_flant5application_i/console_instance/errorline_fn_reset_sync.this_errorline_sendbyte_in[value][1]_i_63/O
                         net (fo=1, routed)           0.000     9.795    livt_onnx_flant5_flant5application_i/console_instance/errorline_fn_reset_sync.this_errorline_sendbyte_in[value][1]_i_63_n_0
    SLICE_X24Y209        CARRY4 (Prop_carry4_S[2]_CO[3])
                                                      0.398    10.193 r  livt_onnx_flant5_flant5application_i/console_instance/errorline_fn_reset_sync.this_errorline_sendbyte_in_reg[value][1]_i_25/CO[3]
                         net (fo=1, routed)           0.000    10.193    livt_onnx_flant5_flant5application_i/console_instance/errorline_fn_reset_sync.this_errorline_sendbyte_in_reg[value][1]_i_25_n_0
    SLICE_X24Y210        CARRY4 (Prop_carry4_CI_O[0])
                                                      0.222    10.415 r  livt_onnx_flant5_flant5application_i/console_instance/errorline_fn_reset_sync.this_errorline_sendbyte_in_reg[value][1]_i_24/O[0]
                         net (fo=11, routed)          0.929    11.344    livt_onnx_flant5_flant5application_i/console_instance/errorline_fn_reset_sync.this_errorline_sendbyte_in_reg[value][1]_i_24_n_7
    SLICE_X29Y206        LUT2 (Prop_lut2_I0_O)        0.299    11.643 r  livt_onnx_flant5_flant5application_i/console_instance/errorline_fn_reset_sync.this_errorline_sendbyte_in[value][1]_i_52/O
                         net (fo=1, routed)           0.000    11.643    livt_onnx_flant5_flant5application_i/console_instance/errorline_fn_reset_sync.this_errorline_sendbyte_in[value][1]_i_52_n_0
    SLICE_X29Y206        CARRY4 (Prop_carry4_S[3]_CO[3])
                                                      0.401    12.044 r  livt_onnx_flant5_flant5application_i/console_instance/errorline_fn_reset_sync.this_errorline_sendbyte_in_reg[value][1]_i_21/CO[3]
                         net (fo=1, routed)           0.000    12.044    livt_onnx_flant5_flant5application_i/console_instance/errorline_fn_reset_sync.this_errorline_sendbyte_in_reg[value][1]_i_21_n_0
    SLICE_X29Y207        CARRY4 (Prop_carry4_CI_O[1])
                                                      0.334    12.378 r  livt_onnx_flant5_flant5application_i/console_instance/errorline_fn_reset_sync.this_errorline_sendbyte_in_reg[value][1]_i_14/O[1]
                         net (fo=64, routed)          0.784    13.162    livt_onnx_flant5_flant5application_i/console_instance/errorline_fn_reset_sync.this_errorline_sendbyte_in_reg[value][1]_i_14_n_6
    SLICE_X32Y207        LUT2 (Prop_lut2_I1_O)        0.303    13.465 r  livt_onnx_flant5_flant5application_i/console_instance/errorline_fn_reset_sync.this_errorline_sendbyte_in[value][1]_i_22/O
                         net (fo=1, routed)           0.000    13.465    livt_onnx_flant5_flant5application_i/console_instance/errorline_fn_reset_sync.this_errorline_sendbyte_in[value][1]_i_22_n_0
    SLICE_X32Y207        CARRY4 (Prop_carry4_S[1]_CO[1])
                                                      0.491    13.956 r  livt_onnx_flant5_flant5application_i/console_instance/errorline_fn_reset_sync.this_errorline_sendbyte_in_reg[value][1]_i_13/CO[1]
                         net (fo=61, routed)          0.745    14.702    livt_onnx_flant5_flant5application_i/console_instance/errorline_fn_reset_sync.this_errorline_sendbyte_in_reg[value][1]_i_13_n_2
    SLICE_X31Y206        LUT2 (Prop_lut2_I0_O)        0.329    15.031 r  livt_onnx_flant5_flant5application_i/console_instance/errorline_fn_reset_sync.this_errorline_sendbyte_in[value][1]_i_19/O
                         net (fo=145, routed)         1.101    16.131    livt_onnx_flant5_flant5application_i/console_instance/errorline_fn_reset_sync.this_errorline_sendbyte_in[value][1]_i_19_n_0
    SLICE_X33Y214        LUT6 (Prop_lut6_I1_O)        0.124    16.255 r  livt_onnx_flant5_flant5application_i/console_instance/errorline_fn_reset_sync.this_errorline_sendbyte_in[value][1]_i_514/O
                         net (fo=2, routed)           1.360    17.616    livt_onnx_flant5_flant5application_i/console_instance/errorline_fn_reset_sync.this_errorline_sendbyte_in[value][1]_i_514_n_0
    SLICE_X35Y204        LUT6 (Prop_lut6_I3_O)        0.124    17.740 r  livt_onnx_flant5_flant5application_i/console_instance/errorline_fn_reset_sync.this_errorline_sendbyte_in[value][1]_i_517/O
                         net (fo=1, routed)           0.000    17.740    livt_onnx_flant5_flant5application_i/console_instance/errorline_fn_reset_sync.this_errorline_sendbyte_in[value][1]_i_517_n_0
    SLICE_X35Y204        CARRY4 (Prop_carry4_S[1]_O[2])
                                                      0.580    18.320 r  livt_onnx_flant5_flant5application_i/console_instance/errorline_fn_reset_sync.this_errorline_sendbyte_in_reg[value][1]_i_396/O[2]
                         net (fo=2, routed)           0.945    19.264    livt_onnx_flant5_flant5application_i/console_instance/errorline_fn_reset_sync.this_errorline_sendbyte_in_reg[value][1]_i_396_n_5
    SLICE_X43Y206        LUT3 (Prop_lut3_I0_O)        0.302    19.566 r  livt_onnx_flant5_flant5application_i/console_instance/errorline_fn_reset_sync.this_errorline_sendbyte_in[value][1]_i_295/O
                         net (fo=2, routed)           0.867    20.433    livt_onnx_flant5_flant5application_i/console_instance/errorline_fn_reset_sync.this_errorline_sendbyte_in[value][1]_i_295_n_0
    SLICE_X34Y204        LUT4 (Prop_lut4_I3_O)        0.124    20.557 r  livt_onnx_flant5_flant5application_i/console_instance/errorline_fn_reset_sync.this_errorline_sendbyte_in[value][1]_i_299/O
                         net (fo=1, routed)           0.000    20.557    livt_onnx_flant5_flant5application_i/console_instance/errorline_fn_reset_sync.this_errorline_sendbyte_in[value][1]_i_299_n_0
    SLICE_X34Y204        CARRY4 (Prop_carry4_S[2]_CO[3])
                                                      0.398    20.955 r  livt_onnx_flant5_flant5application_i/console_instance/errorline_fn_reset_sync.this_errorline_sendbyte_in_reg[value][1]_i_167/CO[3]
                         net (fo=1, routed)           0.000    20.955    livt_onnx_flant5_flant5application_i/console_instance/errorline_fn_reset_sync.this_errorline_sendbyte_in_reg[value][1]_i_167_n_0
    SLICE_X34Y205        CARRY4 (Prop_carry4_CI_O[0])
                                                      0.222    21.177 r  livt_onnx_flant5_flant5application_i/console_instance/errorline_fn_reset_sync.this_errorline_sendbyte_in_reg[value][1]_i_93/O[0]
                         net (fo=3, routed)           0.508    21.685    livt_onnx_flant5_flant5application_i/console_instance/errorline_fn_reset_sync.this_errorline_sendbyte_in_reg[value][1]_i_93_n_7
    SLICE_X27Y203        LUT3 (Prop_lut3_I1_O)        0.299    21.984 r  livt_onnx_flant5_flant5application_i/console_instance/errorline_fn_reset_sync.this_errorline_sendbyte_in[value][1]_i_84/O
                         net (fo=1, routed)           0.623    22.607    livt_onnx_flant5_flant5application_i/console_instance/errorline_fn_reset_sync.this_errorline_sendbyte_in[value][1]_i_84_n_0
    SLICE_X31Y204        CARRY4 (Prop_carry4_DI[1]_CO[3])
                                                      0.507    23.114 r  livt_onnx_flant5_flant5application_i/console_instance/errorline_fn_reset_sync.this_errorline_sendbyte_in_reg[value][1]_i_38/CO[3]
                         net (fo=1, routed)           0.000    23.114    livt_onnx_flant5_flant5application_i/console_instance/errorline_fn_reset_sync.this_errorline_sendbyte_in_reg[value][1]_i_38_n_0
    SLICE_X31Y205        CARRY4 (Prop_carry4_CI_O[1])
                                                      0.334    23.448 r  livt_onnx_flant5_flant5application_i/console_instance/errorline_fn_reset_sync.this_errorline_sendbyte_in_reg[value][1]_i_18/O[1]
                         net (fo=2, routed)           0.661    24.110    livt_onnx_flant5_flant5application_i/console_instance/errorline_fn_reset_sync.this_errorline_sendbyte_in_reg[value][1]_i_18_n_6
    SLICE_X28Y208        CARRY4 (Prop_carry4_S[0]_O[1])
                                                      0.727    24.837 r  livt_onnx_flant5_flant5application_i/console_instance/errorline_fn_reset_sync.this_errorline_sendbyte_in_reg[value][1]_i_17/O[1]
                         net (fo=1, routed)           0.566    25.402    livt_onnx_flant5_flant5application_i/console_instance/errorline_fn_reset_sync.this_errorline_sendbyte_in_reg[value][1]_i_17_n_6
    SLICE_X28Y204        LUT5 (Prop_lut5_I4_O)        0.303    25.705 r  livt_onnx_flant5_flant5application_i/console_instance/errorline_fn_reset_sync.this_errorline_sendbyte_in[value][1]_i_9/O
                         net (fo=1, routed)           0.000    25.705    livt_onnx_flant5_flant5application_i/console_instance/errorline_fn_reset_sync.this_errorline_sendbyte_in[value][1]_i_9_n_0
    SLICE_X28Y204        CARRY4 (Prop_carry4_S[3]_CO[3])
                                                      0.401    26.106 r  livt_onnx_flant5_flant5application_i/console_instance/errorline_fn_reset_sync.this_errorline_sendbyte_in_reg[value][1]_i_2/CO[3]
                         net (fo=1, routed)           0.000    26.106    livt_onnx_flant5_flant5application_i/console_instance/errorline_fn_reset_sync.this_errorline_sendbyte_in_reg[value][1]_i_2_n_0
    SLICE_X28Y205        CARRY4 (Prop_carry4_CI_O[0])
                                                      0.222    26.328 r  livt_onnx_flant5_flant5application_i/console_instance/errorline_fn_reset_sync.this_errorline_sendbyte_in_reg[value][3]_i_4/O[0]
                         net (fo=3, routed)           0.738    27.066    livt_onnx_flant5_flant5application_i/console_instance/errorline_fn_reset_sync.this_errorline_sendbyte_in_reg[value][3]_i_4_n_7
    SLICE_X27Y209        LUT6 (Prop_lut6_I3_O)        0.299    27.365 r  livt_onnx_flant5_flant5application_i/console_instance/errorline_fn_reset_sync.this_errorline_sendbyte_in[value][2]_i_1_comp/O
                         net (fo=1, routed)           0.000    27.365    livt_onnx_flant5_flant5application_i/console_instance/errorline_fn_reset_sync.this_errorline_sendbyte_in[value][2]_i_1_n_0
    SLICE_X27Y209        FDRE                                         r  livt_onnx_flant5_flant5application_i/console_instance/errorline_fn_reset_sync.this_errorline_sendbyte_in_reg[value][2]/D
  -------------------------------------------------------------------    -------------------

                         (clock app_clock rise edge)
                                                     20.000    20.000 r  <hidden>
                                                      0.000    20.000 r  Clk
                         net (fo=102028, unset)       1.816    21.816    livt_onnx_flant5_flant5application_i/console_instance/Clk
    SLICE_X27Y209        FDRE                                         r  livt_onnx_flant5_flant5application_i/console_instance/errorline_fn_reset_sync.this_errorline_sendbyte_in_reg[value][2]/C
                         clock pessimism              0.008    21.824    <hidden>
                         clock uncertainty           -0.035    21.789    <hidden>
    SLICE_X27Y209        FDRE (Setup_fdre_C_D)        0.032    21.821    livt_onnx_flant5_flant5application_i/console_instance/errorline_fn_reset_sync.this_errorline_sendbyte_in_reg[value][2]
  -------------------------------------------------------------------
                         required time                         21.821    <hidden>
                         arrival time                         -27.365    <hidden>
  -------------------------------------------------------------------
                         slack                                 -5.544    <hidden>

Slack (VIOLATED) :        -5.439ns  (required time - arrival time)
  Source:                 livt_onnx_flant5_flant5application_i/console_instance/errorline_fn_reset_sync.errorline_fn.errorline_lvt_startup_arguments_reg[code][4]_replica/C
                            (rising edge-triggered cell FDRE clocked by app_clock  {rise@0.000ns fall@10.000ns period=20.000ns})
  Destination:            livt_onnx_flant5_flant5application_i/console_instance/errorline_fn_reset_sync.this_errorline_sendbyte_in_reg[value][1]/D
                            (rising edge-triggered cell FDRE clocked by app_clock  {rise@0.000ns fall@10.000ns period=20.000ns})
  Path Group:             app_clock
  Path Type:              Setup (Max at Slow Process Corner)
  Requirement:            20.000ns  (app_clock rise@20.000ns - app_clock rise@0.000ns)
  Data Path Delay:        25.502ns  (logic 11.630ns (45.604%)  route 13.872ns (54.396%))
  Logic Levels:           43  (CARRY4=28 LUT2=3 LUT3=4 LUT4=4 LUT5=1 LUT6=3)
  Clock Path Skew:        0.067ns (DCD - SCD + CPR)
    Destination Clock Delay (DCD):    1.816ns = ( 21.816 - 20.000 ) 
    Source Clock Delay      (SCD):    1.757ns
    Clock Pessimism Removal (CPR):    0.008ns
  Clock Uncertainty:      0.035ns  ((TSJ^2 + TIJ^2)^1/2 + DJ) / 2 + PE
    Total System Jitter     (TSJ):    0.071ns
    Total Input Jitter      (TIJ):    0.000ns
    Discrete Jitter          (DJ):    0.000ns
    Phase Error              (PE):    0.000ns

    Location             Delay type                Incr(ns)  Path(ns)    Netlist Resource(s)
  -------------------------------------------------------------------    -------------------
                         (clock app_clock rise edge)
                                                      0.000     0.000 r  <hidden>
                                                      0.000     0.000 r  Clk
                         net (fo=102028, unset)       1.757     1.757    livt_onnx_flant5_flant5application_i/console_instance/Clk
    SLICE_X21Y197        FDRE                                         r  livt_onnx_flant5_flant5application_i/console_instance/errorline_fn_reset_sync.errorline_fn.errorline_lvt_startup_arguments_reg[code][4]_replica/C
  -------------------------------------------------------------------    -------------------
    SLICE_X21Y197        FDRE (Prop_fdre_C_Q)         0.456     2.213 r  livt_onnx_flant5_flant5application_i/console_instance/errorline_fn_reset_sync.errorline_fn.errorline_lvt_startup_arguments_reg[code][4]_replica/Q
                         net (fo=24, routed)          0.878     3.091    livt_onnx_flant5_flant5application_i/console_instance/errorline_fn_reset_sync.errorline_fn.errorline_lvt_startup_arguments_reg[code_n_0_][4]_repN
    SLICE_X21Y196        LUT4 (Prop_lut4_I3_O)        0.124     3.215 r  livt_onnx_flant5_flant5application_i/console_instance/errorline_fn_reset_sync.this_errorline_sendbyte_in[value][1]_i_644/O
                         net (fo=1, routed)           0.000     3.215    livt_onnx_flant5_flant5application_i/console_instance/errorline_fn_reset_sync.this_errorline_sendbyte_in[value][1]_i_644_n_0
    SLICE_X21Y196        CARRY4 (Prop_carry4_S[1]_CO[3])
                                                      0.550     3.765 r  livt_onnx_flant5_flant5application_i/console_instance/errorline_fn_reset_sync.this_errorline_sendbyte_in_reg[value][1]_i_576/CO[3]
                         net (fo=1, routed)           0.000     3.765    livt_onnx_flant5_flant5application_i/console_instance/errorline_fn_reset_sync.this_errorline_sendbyte_in_reg[value][1]_i_576_n_0
    SLICE_X21Y197        CARRY4 (Prop_carry4_CI_CO[3])
                                                      0.114     3.879 r  livt_onnx_flant5_flant5application_i/console_instance/errorline_fn_reset_sync.this_errorline_sendbyte_in_reg[value][1]_i_673/CO[3]
                         net (fo=1, routed)           0.000     3.879    livt_onnx_flant5_flant5application_i/console_instance/errorline_fn_reset_sync.this_errorline_sendbyte_in_reg[value][1]_i_673_n_0
    SLICE_X21Y198        CARRY4 (Prop_carry4_CI_CO[3])
                                                      0.114     3.993 r  livt_onnx_flant5_flant5application_i/console_instance/errorline_fn_reset_sync.this_errorline_sendbyte_in_reg[value][1]_i_628/CO[3]
                         net (fo=1, routed)           0.000     3.993    livt_onnx_flant5_flant5application_i/console_instance/errorline_fn_reset_sync.this_errorline_sendbyte_in_reg[value][1]_i_628_n_0
    SLICE_X21Y199        CARRY4 (Prop_carry4_CI_CO[3])
                                                      0.114     4.107 r  livt_onnx_flant5_flant5application_i/console_instance/errorline_fn_reset_sync.this_errorline_sendbyte_in_reg[value][1]_i_575/CO[3]
                         net (fo=1, routed)           0.001     4.108    livt_onnx_flant5_flant5application_i/console_instance/errorline_fn_reset_sync.this_errorline_sendbyte_in_reg[value][1]_i_575_n_0
    SLICE_X21Y200        CARRY4 (Prop_carry4_CI_CO[3])
                                                      0.114     4.222 r  livt_onnx_flant5_flant5application_i/console_instance/errorline_fn_reset_sync.this_errorline_sendbyte_in_reg[value][1]_i_494/CO[3]
                         net (fo=1, routed)           0.000     4.222    livt_onnx_flant5_flant5application_i/console_instance/errorline_fn_reset_sync.this_errorline_sendbyte_in_reg[value][1]_i_494_n_0
    SLICE_X21Y201        CARRY4 (Prop_carry4_CI_CO[3])
                                                      0.114     4.336 r  livt_onnx_flant5_flant5application_i/console_instance/errorline_fn_reset_sync.this_errorline_sendbyte_in_reg[value][1]_i_377/CO[3]
                         net (fo=1, routed)           0.000     4.336    livt_onnx_flant5_flant5application_i/console_instance/errorline_fn_reset_sync.this_errorline_sendbyte_in_reg[value][1]_i_377_n_0
    SLICE_X21Y202        CARRY4 (Prop_carry4_CI_CO[3])
                                                      0.114     4.450 r  livt_onnx_flant5_flant5application_i/console_instance/errorline_fn_reset_sync.this_errorline_sendbyte_in_reg[value][1]_i_268/CO[3]
                         net (fo=1, routed)           0.000     4.450    livt_onnx_flant5_flant5application_i/console_instance/errorline_fn_reset_sync.this_errorline_sendbyte_in_reg[value][1]_i_268_n_0
    SLICE_X21Y203        CARRY4 (Prop_carry4_CI_CO[3])
                                                      0.114     4.564 r  livt_onnx_flant5_flant5application_i/console_instance/errorline_fn_reset_sync.this_errorline_sendbyte_in_reg[value][1]_i_262/CO[3]
                         net (fo=1, routed)           0.000     4.564    livt_onnx_flant5_flant5application_i/console_instance/errorline_fn_reset_sync.this_errorline_sendbyte_in_reg[value][1]_i_262_n_0
    SLICE_X21Y204        CARRY4 (Prop_carry4_CI_CO[3])
                                                      0.114     4.678 f  livt_onnx_flant5_flant5application_i/console_instance/errorline_fn_reset_sync.this_errorline_sendbyte_in_reg[value][1]_i_265/CO[3]
                         net (fo=36, routed)          1.027     5.705    livt_onnx_flant5_flant5application_i/console_instance/errorline_fn_reset_sync.this_errorline_sendbyte_in_reg[value][1]_i_265_n_0
    SLICE_X18Y203        LUT3 (Prop_lut3_I2_O)        0.124     5.829 r  livt_onnx_flant5_flant5application_i/console_instance/errorline_fn_reset_sync.this_errorline_sendbyte_in[value][3]_i_21/O
                         net (fo=2, routed)           0.989     6.818    livt_onnx_flant5_flant5application_i/console_instance/errorline_fn_reset_sync.this_errorline_sendbyte_in[value][3]_i_21_n_0
    SLICE_X22Y204        LUT4 (Prop_lut4_I3_O)        0.124     6.942 r  livt_onnx_flant5_flant5application_i/console_instance/errorline_fn_reset_sync.this_errorline_sendbyte_in[value][3]_i_25/O
                         net (fo=1, routed)           0.000     6.942    livt_onnx_flant5_flant5application_i/console_instance/errorline_fn_reset_sync.this_errorline_sendbyte_in[value][3]_i_25_n_0
    SLICE_X22Y204        CARRY4 (Prop_carry4_S[3]_CO[3])
                                                      0.376     7.318 r  livt_onnx_flant5_flant5application_i/console_instance/errorline_fn_reset_sync.this_errorline_sendbyte_in_reg[value][3]_i_18/CO[3]
                         net (fo=1, routed)           0.000     7.318    livt_onnx_flant5_flant5application_i/console_instance/errorline_fn_reset_sync.this_errorline_sendbyte_in_reg[value][3]_i_18_n_0
    SLICE_X22Y205        CARRY4 (Prop_carry4_CI_CO[3])
                                                      0.117     7.435 r  livt_onnx_flant5_flant5application_i/console_instance/errorline_fn_reset_sync.this_errorline_sendbyte_in_reg[value][1]_i_471/CO[3]
                         net (fo=1, routed)           0.000     7.435    livt_onnx_flant5_flant5application_i/console_instance/errorline_fn_reset_sync.this_errorline_sendbyte_in_reg[value][1]_i_471_n_0
    SLICE_X22Y206        CARRY4 (Prop_carry4_CI_CO[3])
                                                      0.117     7.552 r  livt_onnx_flant5_flant5application_i/console_instance/errorline_fn_reset_sync.this_errorline_sendbyte_in_reg[value][1]_i_350/CO[3]
                         net (fo=1, routed)           0.000     7.552    livt_onnx_flant5_flant5application_i/console_instance/errorline_fn_reset_sync.this_errorline_sendbyte_in_reg[value][1]_i_350_n_0
    SLICE_X22Y207        CARRY4 (Prop_carry4_CI_CO[3])
                                                      0.117     7.669 r  livt_onnx_flant5_flant5application_i/console_instance/errorline_fn_reset_sync.this_errorline_sendbyte_in_reg[value][1]_i_228/CO[3]
                         net (fo=1, routed)           0.000     7.669    livt_onnx_flant5_flant5application_i/console_instance/errorline_fn_reset_sync.this_errorline_sendbyte_in_reg[value][1]_i_228_n_0
    SLICE_X22Y208        CARRY4 (Prop_carry4_CI_CO[3])
                                                      0.117     7.786 r  livt_onnx_flant5_flant5application_i/console_instance/errorline_fn_reset_sync.this_errorline_sendbyte_in_reg[value][1]_i_120/CO[3]
                         net (fo=1, routed)           0.000     7.786    livt_onnx_flant5_flant5application_i/console_instance/errorline_fn_reset_sync.this_errorline_sendbyte_in_reg[value][1]_i_120_n_0
    SLICE_X22Y209        CARRY4 (Prop_carry4_CI_O[1])
                                                      0.323     8.109 r  livt_onnx_flant5_flant5application_i/console_instance/errorline_fn_reset_sync.this_errorline_sendbyte_in_reg[value][1]_i_107/O[1]
                         net (fo=2, routed)           0.515     8.624    livt_onnx_flant5_flant5application_i/console_instance/errorline_fn_reset_sync.this_errorline_sendbyte_in_reg[value][1]_i_107_n_6
    SLICE_X23Y209        LUT3 (Prop_lut3_I0_O)        0.306     8.930 r  livt_onnx_flant5_flant5application_i/console_instance/errorline_fn_reset_sync.this_errorline_sendbyte_in[value][1]_i_59/O
                         net (fo=2, routed)           0.741     9.671    livt_onnx_flant5_flant5application_i/console_instance/errorline_fn_reset_sync.this_errorline_sendbyte_in[value][1]_i_59_n_0
    SLICE_X24Y209        LUT4 (Prop_lut4_I3_O)        0.124     9.795 r  livt_onnx_flant5_flant5application_i/console_instance/errorline_fn_reset_sync.this_errorline_sendbyte_in[value][1]_i_63/O
                         net (fo=1, routed)           0.000     9.795    livt_onnx_flant5_flant5application_i/console_instance/errorline_fn_reset_sync.this_errorline_sendbyte_in[value][1]_i_63_n_0
    SLICE_X24Y209        CARRY4 (Prop_carry4_S[2]_CO[3])
                                                      0.398    10.193 r  livt_onnx_flant5_flant5application_i/console_instance/errorline_fn_reset_sync.this_errorline_sendbyte_in_reg[value][1]_i_25/CO[3]
                         net (fo=1, routed)           0.000    10.193    livt_onnx_flant5_flant5application_i/console_instance/errorline_fn_reset_sync.this_errorline_sendbyte_in_reg[value][1]_i_25_n_0
    SLICE_X24Y210        CARRY4 (Prop_carry4_CI_O[0])
                                                      0.222    10.415 r  livt_onnx_flant5_flant5application_i/console_instance/errorline_fn_reset_sync.this_errorline_sendbyte_in_reg[value][1]_i_24/O[0]
                         net (fo=11, routed)          0.929    11.344    livt_onnx_flant5_flant5application_i/console_instance/errorline_fn_reset_sync.this_errorline_sendbyte_in_reg[value][1]_i_24_n_7
    SLICE_X29Y206        LUT2 (Prop_lut2_I0_O)        0.299    11.643 r  livt_onnx_flant5_flant5application_i/console_instance/errorline_fn_reset_sync.this_errorline_sendbyte_in[value][1]_i_52/O
                         net (fo=1, routed)           0.000    11.643    livt_onnx_flant5_flant5application_i/console_instance/errorline_fn_reset_sync.this_errorline_sendbyte_in[value][1]_i_52_n_0
    SLICE_X29Y206        CARRY4 (Prop_carry4_S[3]_CO[3])
                                                      0.401    12.044 r  livt_onnx_flant5_flant5application_i/console_instance/errorline_fn_reset_sync.this_errorline_sendbyte_in_reg[value][1]_i_21/CO[3]
                         net (fo=1, routed)           0.000    12.044    livt_onnx_flant5_flant5application_i/console_instance/errorline_fn_reset_sync.this_errorline_sendbyte_in_reg[value][1]_i_21_n_0
    SLICE_X29Y207        CARRY4 (Prop_carry4_CI_O[1])
                                                      0.334    12.378 r  livt_onnx_flant5_flant5application_i/console_instance/errorline_fn_reset_sync.this_errorline_sendbyte_in_reg[value][1]_i_14/O[1]
                         net (fo=64, routed)          0.784    13.162    livt_onnx_flant5_flant5application_i/console_instance/errorline_fn_reset_sync.this_errorline_sendbyte_in_reg[value][1]_i_14_n_6
    SLICE_X32Y207        LUT2 (Prop_lut2_I1_O)        0.303    13.465 r  livt_onnx_flant5_flant5application_i/console_instance/errorline_fn_reset_sync.this_errorline_sendbyte_in[value][1]_i_22/O
                         net (fo=1, routed)           0.000    13.465    livt_onnx_flant5_flant5application_i/console_instance/errorline_fn_reset_sync.this_errorline_sendbyte_in[value][1]_i_22_n_0
    SLICE_X32Y207        CARRY4 (Prop_carry4_S[1]_CO[1])
                                                      0.491    13.956 r  livt_onnx_flant5_flant5application_i/console_instance/errorline_fn_reset_sync.this_errorline_sendbyte_in_reg[value][1]_i_13/CO[1]
                         net (fo=61, routed)          0.745    14.702    livt_onnx_flant5_flant5application_i/console_instance/errorline_fn_reset_sync.this_errorline_sendbyte_in_reg[value][1]_i_13_n_2
    SLICE_X31Y206        LUT2 (Prop_lut2_I0_O)        0.329    15.031 r  livt_onnx_flant5_flant5application_i/console_instance/errorline_fn_reset_sync.this_errorline_sendbyte_in[value][1]_i_19/O
                         net (fo=145, routed)         1.101    16.131    livt_onnx_flant5_flant5application_i/console_instance/errorline_fn_reset_sync.this_errorline_sendbyte_in[value][1]_i_19_n_0
    SLICE_X33Y214        LUT6 (Prop_lut6_I1_O)        0.124    16.255 r  livt_onnx_flant5_flant5application_i/console_instance/errorline_fn_reset_sync.this_errorline_sendbyte_in[value][1]_i_514/O
                         net (fo=2, routed)           1.360    17.616    livt_onnx_flant5_flant5application_i/console_instance/errorline_fn_reset_sync.this_errorline_sendbyte_in[value][1]_i_514_n_0
    SLICE_X35Y204        LUT6 (Prop_lut6_I3_O)        0.124    17.740 r  livt_onnx_flant5_flant5application_i/console_instance/errorline_fn_reset_sync.this_errorline_sendbyte_in[value][1]_i_517/O
                         net (fo=1, routed)           0.000    17.740    livt_onnx_flant5_flant5application_i/console_instance/errorline_fn_reset_sync.this_errorline_sendbyte_in[value][1]_i_517_n_0
    SLICE_X35Y204        CARRY4 (Prop_carry4_S[1]_O[2])
                                                      0.580    18.320 r  livt_onnx_flant5_flant5application_i/console_instance/errorline_fn_reset_sync.this_errorline_sendbyte_in_reg[value][1]_i_396/O[2]
                         net (fo=2, routed)           0.945    19.264    livt_onnx_flant5_flant5application_i/console_instance/errorline_fn_reset_sync.this_errorline_sendbyte_in_reg[value][1]_i_396_n_5
    SLICE_X43Y206        LUT3 (Prop_lut3_I0_O)        0.302    19.566 r  livt_onnx_flant5_flant5application_i/console_instance/errorline_fn_reset_sync.this_errorline_sendbyte_in[value][1]_i_295/O
                         net (fo=2, routed)           0.867    20.433    livt_onnx_flant5_flant5application_i/console_instance/errorline_fn_reset_sync.this_errorline_sendbyte_in[value][1]_i_295_n_0
    SLICE_X34Y204        LUT4 (Prop_lut4_I3_O)        0.124    20.557 r  livt_onnx_flant5_flant5application_i/console_instance/errorline_fn_reset_sync.this_errorline_sendbyte_in[value][1]_i_299/O
                         net (fo=1, routed)           0.000    20.557    livt_onnx_flant5_flant5application_i/console_instance/errorline_fn_reset_sync.this_errorline_sendbyte_in[value][1]_i_299_n_0
    SLICE_X34Y204        CARRY4 (Prop_carry4_S[2]_CO[3])
                                                      0.398    20.955 r  livt_onnx_flant5_flant5application_i/console_instance/errorline_fn_reset_sync.this_errorline_sendbyte_in_reg[value][1]_i_167/CO[3]
                         net (fo=1, routed)           0.000    20.955    livt_onnx_flant5_flant5application_i/console_instance/errorline_fn_reset_sync.this_errorline_sendbyte_in_reg[value][1]_i_167_n_0
    SLICE_X34Y205        CARRY4 (Prop_carry4_CI_O[0])
                                                      0.222    21.177 r  livt_onnx_flant5_flant5application_i/console_instance/errorline_fn_reset_sync.this_errorline_sendbyte_in_reg[value][1]_i_93/O[0]
                         net (fo=3, routed)           0.508    21.685    livt_onnx_flant5_flant5application_i/console_instance/errorline_fn_reset_sync.this_errorline_sendbyte_in_reg[value][1]_i_93_n_7
    SLICE_X27Y203        LUT3 (Prop_lut3_I1_O)        0.299    21.984 r  livt_onnx_flant5_flant5application_i/console_instance/errorline_fn_reset_sync.this_errorline_sendbyte_in[value][1]_i_84/O
                         net (fo=1, routed)           0.623    22.607    livt_onnx_flant5_flant5application_i/console_instance/errorline_fn_reset_sync.this_errorline_sendbyte_in[value][1]_i_84_n_0
    SLICE_X31Y204        CARRY4 (Prop_carry4_DI[1]_CO[3])
                                                      0.507    23.114 r  livt_onnx_flant5_flant5application_i/console_instance/errorline_fn_reset_sync.this_errorline_sendbyte_in_reg[value][1]_i_38/CO[3]
                         net (fo=1, routed)           0.000    23.114    livt_onnx_flant5_flant5application_i/console_instance/errorline_fn_reset_sync.this_errorline_sendbyte_in_reg[value][1]_i_38_n_0
    SLICE_X31Y205        CARRY4 (Prop_carry4_CI_O[1])
                                                      0.334    23.448 r  livt_onnx_flant5_flant5application_i/console_instance/errorline_fn_reset_sync.this_errorline_sendbyte_in_reg[value][1]_i_18/O[1]
                         net (fo=2, routed)           0.661    24.110    livt_onnx_flant5_flant5application_i/console_instance/errorline_fn_reset_sync.this_errorline_sendbyte_in_reg[value][1]_i_18_n_6
    SLICE_X28Y208        CARRY4 (Prop_carry4_S[0]_O[1])
                                                      0.727    24.837 r  livt_onnx_flant5_flant5application_i/console_instance/errorline_fn_reset_sync.this_errorline_sendbyte_in_reg[value][1]_i_17/O[1]
                         net (fo=1, routed)           0.566    25.402    livt_onnx_flant5_flant5application_i/console_instance/errorline_fn_reset_sync.this_errorline_sendbyte_in_reg[value][1]_i_17_n_6
    SLICE_X28Y204        LUT5 (Prop_lut5_I4_O)        0.303    25.705 r  livt_onnx_flant5_flant5application_i/console_instance/errorline_fn_reset_sync.this_errorline_sendbyte_in[value][1]_i_9/O
                         net (fo=1, routed)           0.000    25.705    livt_onnx_flant5_flant5application_i/console_instance/errorline_fn_reset_sync.this_errorline_sendbyte_in[value][1]_i_9_n_0
    SLICE_X28Y204        CARRY4 (Prop_carry4_S[3]_CO[3])
                                                      0.401    26.106 r  livt_onnx_flant5_flant5application_i/console_instance/errorline_fn_reset_sync.this_errorline_sendbyte_in_reg[value][1]_i_2/CO[3]
                         net (fo=1, routed)           0.000    26.106    livt_onnx_flant5_flant5application_i/console_instance/errorline_fn_reset_sync.this_errorline_sendbyte_in_reg[value][1]_i_2_n_0
    SLICE_X28Y205        CARRY4 (Prop_carry4_CI_O[0])
                                                      0.222    26.328 r  livt_onnx_flant5_flant5application_i/console_instance/errorline_fn_reset_sync.this_errorline_sendbyte_in_reg[value][3]_i_4/O[0]
                         net (fo=3, routed)           0.632    26.960    livt_onnx_flant5_flant5application_i/console_instance/errorline_fn_reset_sync.this_errorline_sendbyte_in_reg[value][3]_i_4_n_7
    SLICE_X27Y209        LUT6 (Prop_lut6_I5_O)        0.299    27.259 r  livt_onnx_flant5_flant5application_i/console_instance/errorline_fn_reset_sync.this_errorline_sendbyte_in[value][1]_i_1_comp/O
                         net (fo=1, routed)           0.000    27.259    livt_onnx_flant5_flant5application_i/console_instance/errorline_fn_reset_sync.this_errorline_sendbyte_in[value][1]_i_1_n_0
    SLICE_X27Y209        FDRE                                         r  livt_onnx_flant5_flant5application_i/console_instance/errorline_fn_reset_sync.this_errorline_sendbyte_in_reg[value][1]/D
  -------------------------------------------------------------------    -------------------

                         (clock app_clock rise edge)
                                                     20.000    20.000 r  <hidden>
                                                      0.000    20.000 r  Clk
                         net (fo=102028, unset)       1.816    21.816    livt_onnx_flant5_flant5application_i/console_instance/Clk
    SLICE_X27Y209        FDRE                                         r  livt_onnx_flant5_flant5application_i/console_instance/errorline_fn_reset_sync.this_errorline_sendbyte_in_reg[value][1]/C
                         clock pessimism              0.008    21.824    <hidden>
                         clock uncertainty           -0.035    21.789    <hidden>
    SLICE_X27Y209        FDRE (Setup_fdre_C_D)        0.031    21.820    livt_onnx_flant5_flant5application_i/console_instance/errorline_fn_reset_sync.this_errorline_sendbyte_in_reg[value][1]
  -------------------------------------------------------------------
                         required time                         21.820    <hidden>
                         arrival time                         -27.259    <hidden>
  -------------------------------------------------------------------
                         slack                                 -5.439    <hidden>

Slack (VIOLATED) :        -5.435ns  (required time - arrival time)
  Source:                 livt_onnx_flant5_flant5application_i/console_instance/errorline_fn_reset_sync.errorline_fn.errorline_lvt_startup_arguments_reg[code][4]_replica/C
                            (rising edge-triggered cell FDRE clocked by app_clock  {rise@0.000ns fall@10.000ns period=20.000ns})
  Destination:            livt_onnx_flant5_flant5application_i/console_instance/errorline_fn_reset_sync.this_errorline_sendbyte_in_reg[value][3]/D
                            (rising edge-triggered cell FDRE clocked by app_clock  {rise@0.000ns fall@10.000ns period=20.000ns})
  Path Group:             app_clock
  Path Type:              Setup (Max at Slow Process Corner)
  Requirement:            20.000ns  (app_clock rise@20.000ns - app_clock rise@0.000ns)
  Data Path Delay:        25.499ns  (logic 11.185ns (43.865%)  route 14.314ns (56.135%))
  Logic Levels:           42  (CARRY4=27 LUT2=3 LUT3=4 LUT4=4 LUT5=1 LUT6=3)
  Clock Path Skew:        0.070ns (DCD - SCD + CPR)
    Destination Clock Delay (DCD):    1.819ns = ( 21.819 - 20.000 ) 
    Source Clock Delay      (SCD):    1.757ns
    Clock Pessimism Removal (CPR):    0.008ns
  Clock Uncertainty:      0.035ns  ((TSJ^2 + TIJ^2)^1/2 + DJ) / 2 + PE
    Total System Jitter     (TSJ):    0.071ns
    Total Input Jitter      (TIJ):    0.000ns
    Discrete Jitter          (DJ):    0.000ns
    Phase Error              (PE):    0.000ns

    Location             Delay type                Incr(ns)  Path(ns)    Netlist Resource(s)
  -------------------------------------------------------------------    -------------------
                         (clock app_clock rise edge)
                                                      0.000     0.000 r  <hidden>
                                                      0.000     0.000 r  Clk
                         net (fo=102028, unset)       1.757     1.757    livt_onnx_flant5_flant5application_i/console_instance/Clk
    SLICE_X21Y197        FDRE                                         r  livt_onnx_flant5_flant5application_i/console_instance/errorline_fn_reset_sync.errorline_fn.errorline_lvt_startup_arguments_reg[code][4]_replica/C
  -------------------------------------------------------------------    -------------------
    SLICE_X21Y197        FDRE (Prop_fdre_C_Q)         0.456     2.213 r  livt_onnx_flant5_flant5application_i/console_instance/errorline_fn_reset_sync.errorline_fn.errorline_lvt_startup_arguments_reg[code][4]_replica/Q
                         net (fo=24, routed)          0.878     3.091    livt_onnx_flant5_flant5application_i/console_instance/errorline_fn_reset_sync.errorline_fn.errorline_lvt_startup_arguments_reg[code_n_0_][4]_repN
    SLICE_X21Y196        LUT4 (Prop_lut4_I3_O)        0.124     3.215 r  livt_onnx_flant5_flant5application_i/console_instance/errorline_fn_reset_sync.this_errorline_sendbyte_in[value][1]_i_644/O
                         net (fo=1, routed)           0.000     3.215    livt_onnx_flant5_flant5application_i/console_instance/errorline_fn_reset_sync.this_errorline_sendbyte_in[value][1]_i_644_n_0
    SLICE_X21Y196        CARRY4 (Prop_carry4_S[1]_CO[3])
                                                      0.550     3.765 r  livt_onnx_flant5_flant5application_i/console_instance/errorline_fn_reset_sync.this_errorline_sendbyte_in_reg[value][1]_i_576/CO[3]
                         net (fo=1, routed)           0.000     3.765    livt_onnx_flant5_flant5application_i/console_instance/errorline_fn_reset_sync.this_errorline_sendbyte_in_reg[value][1]_i_576_n_0
    SLICE_X21Y197        CARRY4 (Prop_carry4_CI_CO[3])
                                                      0.114     3.879 r  livt_onnx_flant5_flant5application_i/console_instance/errorline_fn_reset_sync.this_errorline_sendbyte_in_reg[value][1]_i_673/CO[3]
                         net (fo=1, routed)           0.000     3.879    livt_onnx_flant5_flant5application_i/console_instance/errorline_fn_reset_sync.this_errorline_sendbyte_in_reg[value][1]_i_673_n_0
    SLICE_X21Y198        CARRY4 (Prop_carry4_CI_CO[3])
                                                      0.114     3.993 r  livt_onnx_flant5_flant5application_i/console_instance/errorline_fn_reset_sync.this_errorline_sendbyte_in_reg[value][1]_i_628/CO[3]
                         net (fo=1, routed)           0.000     3.993    livt_onnx_flant5_flant5application_i/console_instance/errorline_fn_reset_sync.this_errorline_sendbyte_in_reg[value][1]_i_628_n_0
    SLICE_X21Y199        CARRY4 (Prop_carry4_CI_CO[3])
                                                      0.114     4.107 r  livt_onnx_flant5_flant5application_i/console_instance/errorline_fn_reset_sync.this_errorline_sendbyte_in_reg[value][1]_i_575/CO[3]
                         net (fo=1, routed)           0.001     4.108    livt_onnx_flant5_flant5application_i/console_instance/errorline_fn_reset_sync.this_errorline_sendbyte_in_reg[value][1]_i_575_n_0
    SLICE_X21Y200        CARRY4 (Prop_carry4_CI_CO[3])
                                                      0.114     4.222 r  livt_onnx_flant5_flant5application_i/console_instance/errorline_fn_reset_sync.this_errorline_sendbyte_in_reg[value][1]_i_494/CO[3]
                         net (fo=1, routed)           0.000     4.222    livt_onnx_flant5_flant5application_i/console_instance/errorline_fn_reset_sync.this_errorline_sendbyte_in_reg[value][1]_i_494_n_0
    SLICE_X21Y201        CARRY4 (Prop_carry4_CI_CO[3])
                                                      0.114     4.336 r  livt_onnx_flant5_flant5application_i/console_instance/errorline_fn_reset_sync.this_errorline_sendbyte_in_reg[value][1]_i_377/CO[3]
                         net (fo=1, routed)           0.000     4.336    livt_onnx_flant5_flant5application_i/console_instance/errorline_fn_reset_sync.this_errorline_sendbyte_in_reg[value][1]_i_377_n_0
    SLICE_X21Y202        CARRY4 (Prop_carry4_CI_CO[3])
                                                      0.114     4.450 r  livt_onnx_flant5_flant5application_i/console_instance/errorline_fn_reset_sync.this_errorline_sendbyte_in_reg[value][1]_i_268/CO[3]
                         net (fo=1, routed)           0.000     4.450    livt_onnx_flant5_flant5application_i/console_instance/errorline_fn_reset_sync.this_errorline_sendbyte_in_reg[value][1]_i_268_n_0
    SLICE_X21Y203        CARRY4 (Prop_carry4_CI_CO[3])
                                                      0.114     4.564 r  livt_onnx_flant5_flant5application_i/console_instance/errorline_fn_reset_sync.this_errorline_sendbyte_in_reg[value][1]_i_262/CO[3]
                         net (fo=1, routed)           0.000     4.564    livt_onnx_flant5_flant5application_i/console_instance/errorline_fn_reset_sync.this_errorline_sendbyte_in_reg[value][1]_i_262_n_0
    SLICE_X21Y204        CARRY4 (Prop_carry4_CI_CO[3])
                                                      0.114     4.678 f  livt_onnx_flant5_flant5application_i/console_instance/errorline_fn_reset_sync.this_errorline_sendbyte_in_reg[value][1]_i_265/CO[3]
                         net (fo=36, routed)          1.027     5.705    livt_onnx_flant5_flant5application_i/console_instance/errorline_fn_reset_sync.this_errorline_sendbyte_in_reg[value][1]_i_265_n_0
    SLICE_X18Y203        LUT3 (Prop_lut3_I2_O)        0.124     5.829 r  livt_onnx_flant5_flant5application_i/console_instance/errorline_fn_reset_sync.this_errorline_sendbyte_in[value][3]_i_21/O
                         net (fo=2, routed)           0.989     6.818    livt_onnx_flant5_flant5application_i/console_instance/errorline_fn_reset_sync.this_errorline_sendbyte_in[value][3]_i_21_n_0
    SLICE_X22Y204        LUT4 (Prop_lut4_I3_O)        0.124     6.942 r  livt_onnx_flant5_flant5application_i/console_instance/errorline_fn_reset_sync.this_errorline_sendbyte_in[value][3]_i_25/O
                         net (fo=1, routed)           0.000     6.942    livt_onnx_flant5_flant5application_i/console_instance/errorline_fn_reset_sync.this_errorline_sendbyte_in[value][3]_i_25_n_0
    SLICE_X22Y204        CARRY4 (Prop_carry4_S[3]_CO[3])
                                                      0.376     7.318 r  livt_onnx_flant5_flant5application_i/console_instance/errorline_fn_reset_sync.this_errorline_sendbyte_in_reg[value][3]_i_18/CO[3]
                         net (fo=1, routed)           0.000     7.318    livt_onnx_flant5_flant5application_i/console_instance/errorline_fn_reset_sync.this_errorline_sendbyte_in_reg[value][3]_i_18_n_0
    SLICE_X22Y205        CARRY4 (Prop_carry4_CI_CO[3])
                                                      0.117     7.435 r  livt_onnx_flant5_flant5application_i/console_instance/errorline_fn_reset_sync.this_errorline_sendbyte_in_reg[value][1]_i_471/CO[3]
                         net (fo=1, routed)           0.000     7.435    livt_onnx_flant5_flant5application_i/console_instance/errorline_fn_reset_sync.this_errorline_sendbyte_in_reg[value][1]_i_471_n_0
    SLICE_X22Y206        CARRY4 (Prop_carry4_CI_CO[3])
                                                      0.117     7.552 r  livt_onnx_flant5_flant5application_i/console_instance/errorline_fn_reset_sync.this_errorline_sendbyte_in_reg[value][1]_i_350/CO[3]
                         net (fo=1, routed)           0.000     7.552    livt_onnx_flant5_flant5application_i/console_instance/errorline_fn_reset_sync.this_errorline_sendbyte_in_reg[value][1]_i_350_n_0
    SLICE_X22Y207        CARRY4 (Prop_carry4_CI_CO[3])
                                                      0.117     7.669 r  livt_onnx_flant5_flant5application_i/console_instance/errorline_fn_reset_sync.this_errorline_sendbyte_in_reg[value][1]_i_228/CO[3]
                         net (fo=1, routed)           0.000     7.669    livt_onnx_flant5_flant5application_i/console_instance/errorline_fn_reset_sync.this_errorline_sendbyte_in_reg[value][1]_i_228_n_0
    SLICE_X22Y208        CARRY4 (Prop_carry4_CI_CO[3])
                                                      0.117     7.786 r  livt_onnx_flant5_flant5application_i/console_instance/errorline_fn_reset_sync.this_errorline_sendbyte_in_reg[value][1]_i_120/CO[3]
                         net (fo=1, routed)           0.000     7.786    livt_onnx_flant5_flant5application_i/console_instance/errorline_fn_reset_sync.this_errorline_sendbyte_in_reg[value][1]_i_120_n_0
    SLICE_X22Y209        CARRY4 (Prop_carry4_CI_O[1])
                                                      0.323     8.109 r  livt_onnx_flant5_flant5application_i/console_instance/errorline_fn_reset_sync.this_errorline_sendbyte_in_reg[value][1]_i_107/O[1]
                         net (fo=2, routed)           0.515     8.624    livt_onnx_flant5_flant5application_i/console_instance/errorline_fn_reset_sync.this_errorline_sendbyte_in_reg[value][1]_i_107_n_6
    SLICE_X23Y209        LUT3 (Prop_lut3_I0_O)        0.306     8.930 r  livt_onnx_flant5_flant5application_i/console_instance/errorline_fn_reset_sync.this_errorline_sendbyte_in[value][1]_i_59/O
                         net (fo=2, routed)           0.741     9.671    livt_onnx_flant5_flant5application_i/console_instance/errorline_fn_reset_sync.this_errorline_sendbyte_in[value][1]_i_59_n_0
    SLICE_X24Y209        LUT4 (Prop_lut4_I3_O)        0.124     9.795 r  livt_onnx_flant5_flant5application_i/console_instance/errorline_fn_reset_sync.this_errorline_sendbyte_in[value][1]_i_63/O
                         net (fo=1, routed)           0.000     9.795    livt_onnx_flant5_flant5application_i/console_instance/errorline_fn_reset_sync.this_errorline_sendbyte_in[value][1]_i_63_n_0
    SLICE_X24Y209        CARRY4 (Prop_carry4_S[2]_CO[3])
                                                      0.398    10.193 r  livt_onnx_flant5_flant5application_i/console_instance/errorline_fn_reset_sync.this_errorline_sendbyte_in_reg[value][1]_i_25/CO[3]
                         net (fo=1, routed)           0.000    10.193    livt_onnx_flant5_flant5application_i/console_instance/errorline_fn_reset_sync.this_errorline_sendbyte_in_reg[value][1]_i_25_n_0
    SLICE_X24Y210        CARRY4 (Prop_carry4_CI_O[0])
                                                      0.222    10.415 r  livt_onnx_flant5_flant5application_i/console_instance/errorline_fn_reset_sync.this_errorline_sendbyte_in_reg[value][1]_i_24/O[0]
                         net (fo=11, routed)          0.929    11.344    livt_onnx_flant5_flant5application_i/console_instance/errorline_fn_reset_sync.this_errorline_sendbyte_in_reg[value][1]_i_24_n_7
    SLICE_X29Y206        LUT2 (Prop_lut2_I0_O)        0.299    11.643 r  livt_onnx_flant5_flant5application_i/console_instance/errorline_fn_reset_sync.this_errorline_sendbyte_in[value][1]_i_52/O
                         net (fo=1, routed)           0.000    11.643    livt_onnx_flant5_flant5application_i/console_instance/errorline_fn_reset_sync.this_errorline_sendbyte_in[value][1]_i_52_n_0
    SLICE_X29Y206        CARRY4 (Prop_carry4_S[3]_CO[3])
                                                      0.401    12.044 r  livt_onnx_flant5_flant5application_i/console_instance/errorline_fn_reset_sync.this_errorline_sendbyte_in_reg[value][1]_i_21/CO[3]
                         net (fo=1, routed)           0.000    12.044    livt_onnx_flant5_flant5application_i/console_instance/errorline_fn_reset_sync.this_errorline_sendbyte_in_reg[value][1]_i_21_n_0
    SLICE_X29Y207        CARRY4 (Prop_carry4_CI_O[1])
                                                      0.334    12.378 r  livt_onnx_flant5_flant5application_i/console_instance/errorline_fn_reset_sync.this_errorline_sendbyte_in_reg[value][1]_i_14/O[1]
                         net (fo=64, routed)          0.784    13.162    livt_onnx_flant5_flant5application_i/console_instance/errorline_fn_reset_sync.this_errorline_sendbyte_in_reg[value][1]_i_14_n_6
    SLICE_X32Y207        LUT2 (Prop_lut2_I1_O)        0.303    13.465 r  livt_onnx_flant5_flant5application_i/console_instance/errorline_fn_reset_sync.this_errorline_sendbyte_in[value][1]_i_22/O
                         net (fo=1, routed)           0.000    13.465    livt_onnx_flant5_flant5application_i/console_instance/errorline_fn_reset_sync.this_errorline_sendbyte_in[value][1]_i_22_n_0
    SLICE_X32Y207        CARRY4 (Prop_carry4_S[1]_CO[1])
                                                      0.491    13.956 r  livt_onnx_flant5_flant5application_i/console_instance/errorline_fn_reset_sync.this_errorline_sendbyte_in_reg[value][1]_i_13/CO[1]
                         net (fo=61, routed)          0.745    14.702    livt_onnx_flant5_flant5application_i/console_instance/errorline_fn_reset_sync.this_errorline_sendbyte_in_reg[value][1]_i_13_n_2
    SLICE_X31Y206        LUT2 (Prop_lut2_I0_O)        0.329    15.031 r  livt_onnx_flant5_flant5application_i/console_instance/errorline_fn_reset_sync.this_errorline_sendbyte_in[value][1]_i_19/O
                         net (fo=145, routed)         1.101    16.131    livt_onnx_flant5_flant5application_i/console_instance/errorline_fn_reset_sync.this_errorline_sendbyte_in[value][1]_i_19_n_0
    SLICE_X33Y214        LUT6 (Prop_lut6_I1_O)        0.124    16.255 r  livt_onnx_flant5_flant5application_i/console_instance/errorline_fn_reset_sync.this_errorline_sendbyte_in[value][1]_i_514/O
                         net (fo=2, routed)           1.360    17.616    livt_onnx_flant5_flant5application_i/console_instance/errorline_fn_reset_sync.this_errorline_sendbyte_in[value][1]_i_514_n_0
    SLICE_X35Y204        LUT6 (Prop_lut6_I3_O)        0.124    17.740 r  livt_onnx_flant5_flant5application_i/console_instance/errorline_fn_reset_sync.this_errorline_sendbyte_in[value][1]_i_517/O
                         net (fo=1, routed)           0.000    17.740    livt_onnx_flant5_flant5application_i/console_instance/errorline_fn_reset_sync.this_errorline_sendbyte_in[value][1]_i_517_n_0
    SLICE_X35Y204        CARRY4 (Prop_carry4_S[1]_O[2])
                                                      0.580    18.320 r  livt_onnx_flant5_flant5application_i/console_instance/errorline_fn_reset_sync.this_errorline_sendbyte_in_reg[value][1]_i_396/O[2]
                         net (fo=2, routed)           0.945    19.264    livt_onnx_flant5_flant5application_i/console_instance/errorline_fn_reset_sync.this_errorline_sendbyte_in_reg[value][1]_i_396_n_5
    SLICE_X43Y206        LUT3 (Prop_lut3_I0_O)        0.302    19.566 r  livt_onnx_flant5_flant5application_i/console_instance/errorline_fn_reset_sync.this_errorline_sendbyte_in[value][1]_i_295/O
                         net (fo=2, routed)           0.867    20.433    livt_onnx_flant5_flant5application_i/console_instance/errorline_fn_reset_sync.this_errorline_sendbyte_in[value][1]_i_295_n_0
    SLICE_X34Y204        LUT4 (Prop_lut4_I3_O)        0.124    20.557 r  livt_onnx_flant5_flant5application_i/console_instance/errorline_fn_reset_sync.this_errorline_sendbyte_in[value][1]_i_299/O
                         net (fo=1, routed)           0.000    20.557    livt_onnx_flant5_flant5application_i/console_instance/errorline_fn_reset_sync.this_errorline_sendbyte_in[value][1]_i_299_n_0
    SLICE_X34Y204        CARRY4 (Prop_carry4_S[2]_CO[3])
                                                      0.398    20.955 r  livt_onnx_flant5_flant5application_i/console_instance/errorline_fn_reset_sync.this_errorline_sendbyte_in_reg[value][1]_i_167/CO[3]
                         net (fo=1, routed)           0.000    20.955    livt_onnx_flant5_flant5application_i/console_instance/errorline_fn_reset_sync.this_errorline_sendbyte_in_reg[value][1]_i_167_n_0
    SLICE_X34Y205        CARRY4 (Prop_carry4_CI_O[0])
                                                      0.222    21.177 r  livt_onnx_flant5_flant5application_i/console_instance/errorline_fn_reset_sync.this_errorline_sendbyte_in_reg[value][1]_i_93/O[0]
                         net (fo=3, routed)           0.508    21.685    livt_onnx_flant5_flant5application_i/console_instance/errorline_fn_reset_sync.this_errorline_sendbyte_in_reg[value][1]_i_93_n_7
    SLICE_X27Y203        LUT3 (Prop_lut3_I1_O)        0.299    21.984 r  livt_onnx_flant5_flant5application_i/console_instance/errorline_fn_reset_sync.this_errorline_sendbyte_in[value][1]_i_84/O
                         net (fo=1, routed)           0.623    22.607    livt_onnx_flant5_flant5application_i/console_instance/errorline_fn_reset_sync.this_errorline_sendbyte_in[value][1]_i_84_n_0
    SLICE_X31Y204        CARRY4 (Prop_carry4_DI[1]_CO[3])
                                                      0.507    23.114 r  livt_onnx_flant5_flant5application_i/console_instance/errorline_fn_reset_sync.this_errorline_sendbyte_in_reg[value][1]_i_38/CO[3]
                         net (fo=1, routed)           0.000    23.114    livt_onnx_flant5_flant5application_i/console_instance/errorline_fn_reset_sync.this_errorline_sendbyte_in_reg[value][1]_i_38_n_0
    SLICE_X31Y205        CARRY4 (Prop_carry4_CI_O[1])
                                                      0.334    23.448 r  livt_onnx_flant5_flant5application_i/console_instance/errorline_fn_reset_sync.this_errorline_sendbyte_in_reg[value][1]_i_18/O[1]
                         net (fo=2, routed)           0.661    24.110    livt_onnx_flant5_flant5application_i/console_instance/errorline_fn_reset_sync.this_errorline_sendbyte_in_reg[value][1]_i_18_n_6
    SLICE_X28Y208        CARRY4 (Prop_carry4_S[0]_O[0])
                                                      0.550    24.660 r  livt_onnx_flant5_flant5application_i/console_instance/errorline_fn_reset_sync.this_errorline_sendbyte_in_reg[value][1]_i_17/O[0]
                         net (fo=1, routed)           0.715    25.375    livt_onnx_flant5_flant5application_i/console_instance/errorline_fn_reset_sync.this_errorline_sendbyte_in_reg[value][1]_i_17_n_7
    SLICE_X28Y204        LUT5 (Prop_lut5_I4_O)        0.299    25.674 r  livt_onnx_flant5_flant5application_i/console_instance/errorline_fn_reset_sync.this_errorline_sendbyte_in[value][1]_i_10/O
                         net (fo=1, routed)           0.000    25.674    livt_onnx_flant5_flant5application_i/console_instance/errorline_fn_reset_sync.this_errorline_sendbyte_in[value][1]_i_10_n_0
    SLICE_X28Y204        CARRY4 (Prop_carry4_S[2]_O[3])
                                                      0.352    26.026 r  livt_onnx_flant5_flant5application_i/console_instance/errorline_fn_reset_sync.this_errorline_sendbyte_in_reg[value][1]_i_2/O[3]
                         net (fo=3, routed)           0.924    26.950    livt_onnx_flant5_flant5application_i/console_instance/errorline_fn_reset_sync.this_errorline_sendbyte_in_reg[value][1]_i_2_n_4
    SLICE_X27Y200        LUT6 (Prop_lut6_I5_O)        0.306    27.256 r  livt_onnx_flant5_flant5application_i/console_instance/errorline_fn_reset_sync.this_errorline_sendbyte_in[value][3]_i_1_comp/O
                         net (fo=1, routed)           0.000    27.256    livt_onnx_flant5_flant5application_i/console_instance/errorline_fn_reset_sync.this_errorline_sendbyte_in[value][3]_i_1_n_0
    SLICE_X27Y200        FDRE                                         r  livt_onnx_flant5_flant5application_i/console_instance/errorline_fn_reset_sync.this_errorline_sendbyte_in_reg[value][3]/D
  -------------------------------------------------------------------    -------------------

                         (clock app_clock rise edge)
                                                     20.000    20.000 r  <hidden>
                                                      0.000    20.000 r  Clk
                         net (fo=102028, unset)       1.819    21.819    livt_onnx_flant5_flant5application_i/console_instance/Clk
    SLICE_X27Y200        FDRE                                         r  livt_onnx_flant5_flant5application_i/console_instance/errorline_fn_reset_sync.this_errorline_sendbyte_in_reg[value][3]/C
                         clock pessimism              0.008    21.827    <hidden>
                         clock uncertainty           -0.035    21.792    <hidden>
    SLICE_X27Y200        FDRE (Setup_fdre_C_D)        0.029    21.821    livt_onnx_flant5_flant5application_i/console_instance/errorline_fn_reset_sync.this_errorline_sendbyte_in_reg[value][3]
  -------------------------------------------------------------------
                         required time                         21.821    <hidden>
                         arrival time                         -27.256    <hidden>
  -------------------------------------------------------------------
                         slack                                 -5.435    <hidden>

Slack (VIOLATED) :        -0.961ns  (required time - arrival time)
  Source:                 livt_onnx_flant5_flant5application_i/model_instance/weights_instance/fixed_instance/math_instance/primitive_instance/ARG__11/CLK
                            (rising edge-triggered cell DSP48E1 clocked by app_clock  {rise@0.000ns fall@10.000ns period=20.000ns})
  Destination:            livt_onnx_flant5_flant5application_i/model_instance/weights_instance/fixed_instance/math_instance/primitive_instance/ctor_result_reg[10]/D
                            (rising edge-triggered cell FDRE clocked by app_clock  {rise@0.000ns fall@10.000ns period=20.000ns})
  Path Group:             app_clock
  Path Type:              Setup (Max at Slow Process Corner)
  Requirement:            20.000ns  (app_clock rise@20.000ns - app_clock rise@0.000ns)
  Data Path Delay:        20.963ns  (logic 14.391ns (68.650%)  route 6.572ns (31.350%))
  Logic Levels:           32  (CARRY4=23 DSP48E1=3 LUT3=1 LUT4=2 LUT6=3)
  Clock Path Skew:        -0.044ns (DCD - SCD + CPR)
    Destination Clock Delay (DCD):    1.982ns = ( 21.982 - 20.000 ) 
    Source Clock Delay      (SCD):    2.122ns
    Clock Pessimism Removal (CPR):    0.096ns
  Clock Uncertainty:      0.035ns  ((TSJ^2 + TIJ^2)^1/2 + DJ) / 2 + PE
    Total System Jitter     (TSJ):    0.071ns
    Total Input Jitter      (TIJ):    0.000ns
    Discrete Jitter          (DJ):    0.000ns
    Phase Error              (PE):    0.000ns

    Location             Delay type                Incr(ns)  Path(ns)    Netlist Resource(s)
  -------------------------------------------------------------------    -------------------
                         (clock app_clock rise edge)
                                                      0.000     0.000 r  <hidden>
                                                      0.000     0.000 r  Clk
                         net (fo=102028, unset)       2.122     2.122    livt_onnx_flant5_flant5application_i/model_instance/weights_instance/fixed_instance/math_instance/primitive_instance/Clk
    DSP48_X2Y0           DSP48E1                                      r  livt_onnx_flant5_flant5application_i/model_instance/weights_instance/fixed_instance/math_instance/primitive_instance/ARG__11/CLK
  -------------------------------------------------------------------    -------------------
    DSP48_X2Y0           DSP48E1 (Prop_dsp48e1_CLK_PCOUT[47])
                                                      4.206     6.328 r  livt_onnx_flant5_flant5application_i/model_instance/weights_instance/fixed_instance/math_instance/primitive_instance/ARG__11/PCOUT[47]
                         net (fo=1, routed)           0.002     6.330    livt_onnx_flant5_flant5application_i/model_instance/weights_instance/fixed_instance/math_instance/primitive_instance/ARG__11_n_106
    DSP48_X2Y1           DSP48E1 (Prop_dsp48e1_PCIN[47]_PCOUT[47])
                                                      1.713     8.043 r  livt_onnx_flant5_flant5application_i/model_instance/weights_instance/fixed_instance/math_instance/primitive_instance/ARG__12/PCOUT[47]
                         net (fo=1, routed)           0.002     8.045    livt_onnx_flant5_flant5application_i/model_instance/weights_instance/fixed_instance/math_instance/primitive_instance/ARG__12_n_106
    DSP48_X2Y2           DSP48E1 (Prop_dsp48e1_PCIN[47]_PCOUT[47])
                                                      1.713     9.758 r  livt_onnx_flant5_flant5application_i/model_instance/weights_instance/fixed_instance/math_instance/primitive_instance/ARG__13/PCOUT[47]
                         net (fo=1, routed)           0.002     9.760    livt_onnx_flant5_flant5application_i/model_instance/weights_instance/fixed_instance/math_instance/primitive_instance/ARG__13_n_106
    DSP48_X2Y3           DSP48E1 (Prop_dsp48e1_PCIN[47]_P[26])
                                                      1.518    11.278 r  livt_onnx_flant5_flant5application_i/model_instance/weights_instance/fixed_instance/math_instance/primitive_instance/ARG__14/P[26]
                         net (fo=2, routed)           1.265    12.542    livt_onnx_flant5_flant5application_i/model_instance/weights_instance/fixed_instance/math_instance/primitive_instance/p_3_in[60]
    SLICE_X46Y16         LUT3 (Prop_lut3_I1_O)        0.150    12.692 r  livt_onnx_flant5_flant5application_i/model_instance/weights_instance/fixed_instance/math_instance/primitive_instance/ctor_result[62]_i_12/O
                         net (fo=2, routed)           0.816    13.508    livt_onnx_flant5_flant5application_i/model_instance/weights_instance/fixed_instance/math_instance/primitive_instance/ctor_result[62]_i_12_n_0
    SLICE_X46Y17         LUT4 (Prop_lut4_I3_O)        0.355    13.863 r  livt_onnx_flant5_flant5application_i/model_instance/weights_instance/fixed_instance/math_instance/primitive_instance/ctor_result[62]_i_16/O
                         net (fo=1, routed)           0.000    13.863    livt_onnx_flant5_flant5application_i/model_instance/weights_instance/fixed_instance/math_instance/primitive_instance/ctor_result[62]_i_16_n_0
    SLICE_X46Y17         CARRY4 (Prop_carry4_S[0]_CO[3])
                                                      0.513    14.376 r  livt_onnx_flant5_flant5application_i/model_instance/weights_instance/fixed_instance/math_instance/primitive_instance/ctor_result_reg[62]_i_3/CO[3]
                         net (fo=1, routed)           0.000    14.376    livt_onnx_flant5_flant5application_i/model_instance/weights_instance/fixed_instance/math_instance/primitive_instance/ctor_result_reg[62]_i_3_n_0
    SLICE_X46Y18         CARRY4 (Prop_carry4_CI_CO[3])
                                                      0.117    14.493 r  livt_onnx_flant5_flant5application_i/model_instance/weights_instance/fixed_instance/math_instance/primitive_instance/ctor_result_reg[62]_i_130/CO[3]
                         net (fo=1, routed)           0.000    14.493    livt_onnx_flant5_flant5application_i/model_instance/weights_instance/fixed_instance/math_instance/primitive_instance/ctor_result_reg[62]_i_130_n_0
    SLICE_X46Y19         CARRY4 (Prop_carry4_CI_CO[3])
                                                      0.117    14.610 r  livt_onnx_flant5_flant5application_i/model_instance/weights_instance/fixed_instance/math_instance/primitive_instance/ctor_result_reg[62]_i_132/CO[3]
                         net (fo=1, routed)           0.000    14.610    livt_onnx_flant5_flant5application_i/model_instance/weights_instance/fixed_instance/math_instance/primitive_instance/ctor_result_reg[62]_i_132_n_0
    SLICE_X46Y20         CARRY4 (Prop_carry4_CI_CO[3])
                                                      0.117    14.727 r  livt_onnx_flant5_flant5application_i/model_instance/weights_instance/fixed_instance/math_instance/primitive_instance/ctor_result_reg[62]_i_131/CO[3]
                         net (fo=1, routed)           0.000    14.727    livt_onnx_flant5_flant5application_i/model_instance/weights_instance/fixed_instance/math_instance/primitive_instance/ctor_result_reg[62]_i_131_n_0
    SLICE_X46Y21         CARRY4 (Prop_carry4_CI_CO[3])
                                                      0.117    14.844 r  livt_onnx_flant5_flant5application_i/model_instance/weights_instance/fixed_instance/math_instance/primitive_instance/ctor_result_reg[62]_i_105/CO[3]
                         net (fo=1, routed)           0.000    14.844    livt_onnx_flant5_flant5application_i/model_instance/weights_instance/fixed_instance/math_instance/primitive_instance/ctor_result_reg[62]_i_105_n_0
    SLICE_X46Y22         CARRY4 (Prop_carry4_CI_CO[3])
                                                      0.117    14.961 r  livt_onnx_flant5_flant5application_i/model_instance/weights_instance/fixed_instance/math_instance/primitive_instance/ctor_result_reg[62]_i_104/CO[3]
                         net (fo=1, routed)           0.000    14.961    livt_onnx_flant5_flant5application_i/model_instance/weights_instance/fixed_instance/math_instance/primitive_instance/ctor_result_reg[62]_i_104_n_0
    SLICE_X46Y23         CARRY4 (Prop_carry4_CI_CO[3])
                                                      0.117    15.078 r  livt_onnx_flant5_flant5application_i/model_instance/weights_instance/fixed_instance/math_instance/primitive_instance/ctor_result_reg[62]_i_103/CO[3]
                         net (fo=1, routed)           0.000    15.078    livt_onnx_flant5_flant5application_i/model_instance/weights_instance/fixed_instance/math_instance/primitive_instance/ctor_result_reg[62]_i_103_n_0
    SLICE_X46Y24         CARRY4 (Prop_carry4_CI_CO[3])
                                                      0.117    15.195 r  livt_onnx_flant5_flant5application_i/model_instance/weights_instance/fixed_instance/math_instance/primitive_instance/ctor_result_reg[62]_i_73/CO[3]
                         net (fo=1, routed)           0.009    15.204    livt_onnx_flant5_flant5application_i/model_instance/weights_instance/fixed_instance/math_instance/primitive_instance/ctor_result_reg[62]_i_73_n_0
    SLICE_X46Y25         CARRY4 (Prop_carry4_CI_CO[3])
                                                      0.117    15.321 r  livt_onnx_flant5_flant5application_i/model_instance/weights_instance/fixed_instance/math_instance/primitive_instance/ctor_result_reg[62]_i_72/CO[3]
                         net (fo=1, routed)           0.000    15.321    livt_onnx_flant5_flant5application_i/model_instance/weights_instance/fixed_instance/math_instance/primitive_instance/ctor_result_reg[62]_i_72_n_0
    SLICE_X46Y26         CARRY4 (Prop_carry4_CI_CO[3])
                                                      0.117    15.438 r  livt_onnx_flant5_flant5application_i/model_instance/weights_instance/fixed_instance/math_instance/primitive_instance/ctor_result_reg[62]_i_71/CO[3]
                         net (fo=1, routed)           0.000    15.438    livt_onnx_flant5_flant5application_i/model_instance/weights_instance/fixed_instance/math_instance/primitive_instance/ctor_result_reg[62]_i_71_n_0
    SLICE_X46Y27         CARRY4 (Prop_carry4_CI_CO[3])
                                                      0.117    15.555 r  livt_onnx_flant5_flant5application_i/model_instance/weights_instance/fixed_instance/math_instance/primitive_instance/ctor_result_reg[62]_i_49/CO[3]
                         net (fo=1, routed)           0.000    15.555    livt_onnx_flant5_flant5application_i/model_instance/weights_instance/fixed_instance/math_instance/primitive_instance/ctor_result_reg[62]_i_49_n_0
    SLICE_X46Y28         CARRY4 (Prop_carry4_CI_CO[3])
                                                      0.117    15.672 r  livt_onnx_flant5_flant5application_i/model_instance/weights_instance/fixed_instance/math_instance/primitive_instance/ctor_result_reg[62]_i_48/CO[3]
                         net (fo=1, routed)           0.000    15.672    livt_onnx_flant5_flant5application_i/model_instance/weights_instance/fixed_instance/math_instance/primitive_instance/ctor_result_reg[62]_i_48_n_0
    SLICE_X46Y29         CARRY4 (Prop_carry4_CI_CO[3])
                                                      0.117    15.789 r  livt_onnx_flant5_flant5application_i/model_instance/weights_instance/fixed_instance/math_instance/primitive_instance/ctor_result_reg[62]_i_47/CO[3]
                         net (fo=1, routed)           0.000    15.789    livt_onnx_flant5_flant5application_i/model_instance/weights_instance/fixed_instance/math_instance/primitive_instance/ctor_result_reg[62]_i_47_n_0
    SLICE_X46Y30         CARRY4 (Prop_carry4_CI_CO[3])
                                                      0.117    15.906 r  livt_onnx_flant5_flant5application_i/model_instance/weights_instance/fixed_instance/math_instance/primitive_instance/ctor_result_reg[62]_i_38/CO[3]
                         net (fo=1, routed)           0.000    15.906    livt_onnx_flant5_flant5application_i/model_instance/weights_instance/fixed_instance/math_instance/primitive_instance/ctor_result_reg[62]_i_38_n_0
    SLICE_X46Y31         CARRY4 (Prop_carry4_CI_CO[3])
                                                      0.117    16.023 r  livt_onnx_flant5_flant5application_i/model_instance/weights_instance/fixed_instance/math_instance/primitive_instance/ctor_result_reg[62]_i_37/CO[3]
                         net (fo=1, routed)           0.000    16.023    livt_onnx_flant5_flant5application_i/model_instance/weights_instance/fixed_instance/math_instance/primitive_instance/ctor_result_reg[62]_i_37_n_0
    SLICE_X46Y32         CARRY4 (Prop_carry4_CI_CO[3])
                                                      0.117    16.140 r  livt_onnx_flant5_flant5application_i/model_instance/weights_instance/fixed_instance/math_instance/primitive_instance/ctor_result_reg[62]_i_36/CO[3]
                         net (fo=1, routed)           0.000    16.140    livt_onnx_flant5_flant5application_i/model_instance/weights_instance/fixed_instance/math_instance/primitive_instance/ctor_result_reg[62]_i_36_n_0
    SLICE_X46Y33         CARRY4 (Prop_carry4_CI_O[2])
                                                      0.239    16.379 r  livt_onnx_flant5_flant5application_i/model_instance/weights_instance/fixed_instance/math_instance/primitive_instance/ctor_result_reg[62]_i_30/O[2]
                         net (fo=22, routed)          0.924    17.303    livt_onnx_flant5_flant5application_i/model_instance/weights_instance/fixed_instance/math_instance/primitive_instance/RESIZE[63]
    SLICE_X47Y22         LUT4 (Prop_lut4_I1_O)        0.301    17.604 r  livt_onnx_flant5_flant5application_i/model_instance/weights_instance/fixed_instance/math_instance/primitive_instance/ctor_result[62]_i_98/O
                         net (fo=1, routed)           0.330    17.934    livt_onnx_flant5_flant5application_i/model_instance/weights_instance/fixed_instance/math_instance/primitive_instance/ctor_result[62]_i_98_n_0
    SLICE_X47Y23         CARRY4 (Prop_carry4_CYINIT_CO[3])
                                                      0.580    18.514 r  livt_onnx_flant5_flant5application_i/model_instance/weights_instance/fixed_instance/math_instance/primitive_instance/ctor_result_reg[62]_i_66/CO[3]
                         net (fo=1, routed)           0.000    18.514    livt_onnx_flant5_flant5application_i/model_instance/weights_instance/fixed_instance/math_instance/primitive_instance/ctor_result_reg[62]_i_66_n_0
    SLICE_X47Y24         CARRY4 (Prop_carry4_CI_CO[3])
                                                      0.114    18.628 r  livt_onnx_flant5_flant5application_i/model_instance/weights_instance/fixed_instance/math_instance/primitive_instance/ctor_result_reg[62]_i_42/CO[3]
                         net (fo=1, routed)           0.009    18.637    livt_onnx_flant5_flant5application_i/model_instance/weights_instance/fixed_instance/math_instance/primitive_instance/ctor_result_reg[62]_i_42_n_0
    SLICE_X47Y25         CARRY4 (Prop_carry4_CI_CO[3])
                                                      0.114    18.751 r  livt_onnx_flant5_flant5application_i/model_instance/weights_instance/fixed_instance/math_instance/primitive_instance/ctor_result_reg[62]_i_31/CO[3]
                         net (fo=1, routed)           0.000    18.751    livt_onnx_flant5_flant5application_i/model_instance/weights_instance/fixed_instance/math_instance/primitive_instance/ctor_result_reg[62]_i_31_n_0
    SLICE_X47Y26         CARRY4 (Prop_carry4_CI_CO[3])
                                                      0.114    18.865 r  livt_onnx_flant5_flant5application_i/model_instance/weights_instance/fixed_instance/math_instance/primitive_instance/ctor_result_reg[62]_i_25/CO[3]
                         net (fo=1, routed)           0.000    18.865    livt_onnx_flant5_flant5application_i/model_instance/weights_instance/fixed_instance/math_instance/primitive_instance/ctor_result_reg[62]_i_25_n_0
    SLICE_X47Y27         CARRY4 (Prop_carry4_CI_CO[3])
                                                      0.114    18.979 r  livt_onnx_flant5_flant5application_i/model_instance/weights_instance/fixed_instance/math_instance/primitive_instance/ctor_result_reg[62]_i_23/CO[3]
                         net (fo=1, routed)           0.000    18.979    livt_onnx_flant5_flant5application_i/model_instance/weights_instance/fixed_instance/math_instance/primitive_instance/ctor_result_reg[62]_i_23_n_0
    SLICE_X47Y28         CARRY4 (Prop_carry4_CI_CO[0])
                                                      0.271    19.250 f  livt_onnx_flant5_flant5application_i/model_instance/weights_instance/fixed_instance/math_instance/primitive_instance/ctor_result_reg[62]_i_8/CO[0]
                         net (fo=1, routed)           0.772    20.021    livt_onnx_flant5_flant5application_i/model_instance/weights_instance/fixed_instance/math_instance/primitive_instance/data0
    SLICE_X41Y24         LUT6 (Prop_lut6_I4_O)        0.373    20.394 f  livt_onnx_flant5_flant5application_i/model_instance/weights_instance/fixed_instance/math_instance/primitive_instance/ctor_result[62]_i_2/O
                         net (fo=64, routed)          1.948    22.342    livt_onnx_flant5_flant5application_i/model_instance/weights_instance/fixed_instance/math_instance/primitive_instance/ctor_result[62]_i_2_n_0
    SLICE_X36Y10         LUT6 (Prop_lut6_I3_O)        0.124    22.466 r  livt_onnx_flant5_flant5application_i/model_instance/weights_instance/fixed_instance/math_instance/primitive_instance/ctor_result[10]_i_2/O
                         net (fo=1, routed)           0.494    22.960    livt_onnx_flant5_flant5application_i/model_instance/weights_instance/fixed_instance/math_instance/primitive_instance/ctor_result[10]_i_2_n_0
    SLICE_X36Y10         LUT6 (Prop_lut6_I4_O)        0.124    23.084 r  livt_onnx_flant5_flant5application_i/model_instance/weights_instance/fixed_instance/math_instance/primitive_instance/ctor_result[10]_i_1/O
                         net (fo=1, routed)           0.000    23.084    livt_onnx_flant5_flant5application_i/model_instance/weights_instance/fixed_instance/math_instance/primitive_instance/ctor_result[10]_i_1_n_0
    SLICE_X36Y10         FDRE                                         r  livt_onnx_flant5_flant5application_i/model_instance/weights_instance/fixed_instance/math_instance/primitive_instance/ctor_result_reg[10]/D
  -------------------------------------------------------------------    -------------------

                         (clock app_clock rise edge)
                                                     20.000    20.000 r  <hidden>
                                                      0.000    20.000 r  Clk
                         net (fo=102028, unset)       1.982    21.982    livt_onnx_flant5_flant5application_i/model_instance/weights_instance/fixed_instance/math_instance/primitive_instance/Clk
    SLICE_X36Y10         FDRE                                         r  livt_onnx_flant5_flant5application_i/model_instance/weights_instance/fixed_instance/math_instance/primitive_instance/ctor_result_reg[10]/C
                         clock pessimism              0.096    22.078    <hidden>
                         clock uncertainty           -0.035    22.043    <hidden>
    SLICE_X36Y10         FDRE (Setup_fdre_C_D)        0.081    22.124    livt_onnx_flant5_flant5application_i/model_instance/weights_instance/fixed_instance/math_instance/primitive_instance/ctor_result_reg[10]
  -------------------------------------------------------------------
                         required time                         22.124    <hidden>
                         arrival time                         -23.084    <hidden>
  -------------------------------------------------------------------
                         slack                                 -0.961    <hidden>

Slack (VIOLATED) :        -0.949ns  (required time - arrival time)
  Source:                 livt_onnx_flant5_flant5application_i/model_instance/kernels_instance/math_instance/primitive_instance/ARG__7/CLK
                            (rising edge-triggered cell DSP48E1 clocked by app_clock  {rise@0.000ns fall@10.000ns period=20.000ns})
  Destination:            livt_onnx_flant5_flant5application_i/model_instance/kernels_instance/math_instance/primitive_instance/ctor_result_reg[63]/D
                            (rising edge-triggered cell FDRE clocked by app_clock  {rise@0.000ns fall@10.000ns period=20.000ns})
  Path Group:             app_clock
  Path Type:              Setup (Max at Slow Process Corner)
  Requirement:            20.000ns  (app_clock rise@20.000ns - app_clock rise@0.000ns)
  Data Path Delay:        20.817ns  (logic 14.698ns (70.606%)  route 6.119ns (29.394%))
  Logic Levels:           35  (CARRY4=25 DSP48E1=3 LUT3=1 LUT4=4 LUT5=1 LUT6=1)
  Clock Path Skew:        -0.178ns (DCD - SCD + CPR)
    Destination Clock Delay (DCD):    1.920ns = ( 21.920 - 20.000 ) 
    Source Clock Delay      (SCD):    2.194ns
    Clock Pessimism Removal (CPR):    0.096ns
  Clock Uncertainty:      0.035ns  ((TSJ^2 + TIJ^2)^1/2 + DJ) / 2 + PE
    Total System Jitter     (TSJ):    0.071ns
    Total Input Jitter      (TIJ):    0.000ns
    Discrete Jitter          (DJ):    0.000ns
    Phase Error              (PE):    0.000ns

    Location             Delay type                Incr(ns)  Path(ns)    Netlist Resource(s)
  -------------------------------------------------------------------    -------------------
                         (clock app_clock rise edge)
                                                      0.000     0.000 r  <hidden>
                                                      0.000     0.000 r  Clk
                         net (fo=102028, unset)       2.194     2.194    livt_onnx_flant5_flant5application_i/model_instance/kernels_instance/math_instance/primitive_instance/Clk
    DSP48_X8Y10          DSP48E1                                      r  livt_onnx_flant5_flant5application_i/model_instance/kernels_instance/math_instance/primitive_instance/ARG__7/CLK
  -------------------------------------------------------------------    -------------------
    DSP48_X8Y10          DSP48E1 (Prop_dsp48e1_CLK_PCOUT[47])
                                                      4.206     6.400 r  livt_onnx_flant5_flant5application_i/model_instance/kernels_instance/math_instance/primitive_instance/ARG__7/PCOUT[47]
                         net (fo=1, routed)           0.002     6.402    livt_onnx_flant5_flant5application_i/model_instance/kernels_instance/math_instance/primitive_instance/ARG__7_n_106
    DSP48_X8Y11          DSP48E1 (Prop_dsp48e1_PCIN[47]_PCOUT[47])
                                                      1.713     8.115 r  livt_onnx_flant5_flant5application_i/model_instance/kernels_instance/math_instance/primitive_instance/ARG__8/PCOUT[47]
                         net (fo=1, routed)           0.002     8.117    livt_onnx_flant5_flant5application_i/model_instance/kernels_instance/math_instance/primitive_instance/ARG__8_n_106
    DSP48_X8Y12          DSP48E1 (Prop_dsp48e1_PCIN[47]_PCOUT[47])
                                                      1.713     9.830 r  livt_onnx_flant5_flant5application_i/model_instance/kernels_instance/math_instance/primitive_instance/ARG__9/PCOUT[47]
                         net (fo=1, routed)           0.002     9.832    livt_onnx_flant5_flant5application_i/model_instance/kernels_instance/math_instance/primitive_instance/ARG__9_n_106
    DSP48_X8Y13          DSP48E1 (Prop_dsp48e1_PCIN[47]_P[1])
                                                      1.518    11.350 r  livt_onnx_flant5_flant5application_i/model_instance/kernels_instance/math_instance/primitive_instance/ARG__10/P[1]
                         net (fo=3, routed)           1.322    12.672    livt_onnx_flant5_flant5application_i/model_instance/kernels_instance/math_instance/primitive_instance/p_2_in[52]
    SLICE_X145Y24        LUT3 (Prop_lut3_I1_O)        0.149    12.821 r  livt_onnx_flant5_flant5application_i/model_instance/kernels_instance/math_instance/primitive_instance/ctor_result[56]_i_9__0/O
                         net (fo=2, routed)           0.701    13.522    livt_onnx_flant5_flant5application_i/model_instance/kernels_instance/math_instance/primitive_instance/ctor_result[56]_i_9__0_n_0
    SLICE_X145Y25        LUT4 (Prop_lut4_I3_O)        0.332    13.854 r  livt_onnx_flant5_flant5application_i/model_instance/kernels_instance/math_instance/primitive_instance/ctor_result[56]_i_13__0/O
                         net (fo=1, routed)           0.000    13.854    livt_onnx_flant5_flant5application_i/model_instance/kernels_instance/math_instance/primitive_instance/ctor_result[56]_i_13__0_n_0
    SLICE_X145Y25        CARRY4 (Prop_carry4_S[0]_CO[3])
                                                      0.532    14.386 r  livt_onnx_flant5_flant5application_i/model_instance/kernels_instance/math_instance/primitive_instance/ctor_result_reg[56]_i_2__0/CO[3]
                         net (fo=1, routed)           0.000    14.386    livt_onnx_flant5_flant5application_i/model_instance/kernels_instance/math_instance/primitive_instance/ctor_result_reg[56]_i_2__0_n_0
    SLICE_X145Y26        CARRY4 (Prop_carry4_CI_CO[3])
                                                      0.114    14.500 r  livt_onnx_flant5_flant5application_i/model_instance/kernels_instance/math_instance/primitive_instance/ctor_result_reg[60]_i_2__0/CO[3]
                         net (fo=1, routed)           0.000    14.500    livt_onnx_flant5_flant5application_i/model_instance/kernels_instance/math_instance/primitive_instance/ctor_result_reg[60]_i_2__0_n_0
    SLICE_X145Y27        CARRY4 (Prop_carry4_CI_CO[3])
                                                      0.114    14.614 r  livt_onnx_flant5_flant5application_i/model_instance/kernels_instance/math_instance/primitive_instance/ctor_result_reg[62]_i_3__0/CO[3]
                         net (fo=1, routed)           0.000    14.614    livt_onnx_flant5_flant5application_i/model_instance/kernels_instance/math_instance/primitive_instance/ctor_result_reg[62]_i_3__0_n_0
    SLICE_X145Y28        CARRY4 (Prop_carry4_CI_CO[3])
                                                      0.114    14.728 r  livt_onnx_flant5_flant5application_i/model_instance/kernels_instance/math_instance/primitive_instance/ctor_result_reg[62]_i_130__0/CO[3]
                         net (fo=1, routed)           0.000    14.728    livt_onnx_flant5_flant5application_i/model_instance/kernels_instance/math_instance/primitive_instance/ctor_result_reg[62]_i_130__0_n_0
    SLICE_X145Y29        CARRY4 (Prop_carry4_CI_CO[3])
                                                      0.114    14.842 r  livt_onnx_flant5_flant5application_i/model_instance/kernels_instance/math_instance/primitive_instance/ctor_result_reg[62]_i_132__0/CO[3]
                         net (fo=1, routed)           0.000    14.842    livt_onnx_flant5_flant5application_i/model_instance/kernels_instance/math_instance/primitive_instance/ctor_result_reg[62]_i_132__0_n_0
    SLICE_X145Y30        CARRY4 (Prop_carry4_CI_CO[3])
                                                      0.114    14.956 r  livt_onnx_flant5_flant5application_i/model_instance/kernels_instance/math_instance/primitive_instance/ctor_result_reg[62]_i_131__0/CO[3]
                         net (fo=1, routed)           0.000    14.956    livt_onnx_flant5_flant5application_i/model_instance/kernels_instance/math_instance/primitive_instance/ctor_result_reg[62]_i_131__0_n_0
    SLICE_X145Y31        CARRY4 (Prop_carry4_CI_CO[3])
                                                      0.114    15.070 r  livt_onnx_flant5_flant5application_i/model_instance/kernels_instance/math_instance/primitive_instance/ctor_result_reg[62]_i_105__0/CO[3]
                         net (fo=1, routed)           0.000    15.070    livt_onnx_flant5_flant5application_i/model_instance/kernels_instance/math_instance/primitive_instance/ctor_result_reg[62]_i_105__0_n_0
    SLICE_X145Y32        CARRY4 (Prop_carry4_CI_CO[3])
                                                      0.114    15.184 r  livt_onnx_flant5_flant5application_i/model_instance/kernels_instance/math_instance/primitive_instance/ctor_result_reg[62]_i_104__0/CO[3]
                         net (fo=1, routed)           0.000    15.184    livt_onnx_flant5_flant5application_i/model_instance/kernels_instance/math_instance/primitive_instance/ctor_result_reg[62]_i_104__0_n_0
    SLICE_X145Y33        CARRY4 (Prop_carry4_CI_CO[3])
                                                      0.114    15.298 r  livt_onnx_flant5_flant5application_i/model_instance/kernels_instance/math_instance/primitive_instance/ctor_result_reg[62]_i_103__0/CO[3]
                         net (fo=1, routed)           0.000    15.298    livt_onnx_flant5_flant5application_i/model_instance/kernels_instance/math_instance/primitive_instance/ctor_result_reg[62]_i_103__0_n_0
    SLICE_X145Y34        CARRY4 (Prop_carry4_CI_CO[3])
                                                      0.114    15.412 r  livt_onnx_flant5_flant5application_i/model_instance/kernels_instance/math_instance/primitive_instance/ctor_result_reg[62]_i_73__0/CO[3]
                         net (fo=1, routed)           0.000    15.412    livt_onnx_flant5_flant5application_i/model_instance/kernels_instance/math_instance/primitive_instance/ctor_result_reg[62]_i_73__0_n_0
    SLICE_X145Y35        CARRY4 (Prop_carry4_CI_CO[3])
                                                      0.114    15.526 r  livt_onnx_flant5_flant5application_i/model_instance/kernels_instance/math_instance/primitive_instance/ctor_result_reg[62]_i_72__0/CO[3]
                         net (fo=1, routed)           0.000    15.526    livt_onnx_flant5_flant5application_i/model_instance/kernels_instance/math_instance/primitive_instance/ctor_result_reg[62]_i_72__0_n_0
    SLICE_X145Y36        CARRY4 (Prop_carry4_CI_CO[3])
                                                      0.114    15.640 r  livt_onnx_flant5_flant5application_i/model_instance/kernels_instance/math_instance/primitive_instance/ctor_result_reg[62]_i_71__0/CO[3]
                         net (fo=1, routed)           0.000    15.640    livt_onnx_flant5_flant5application_i/model_instance/kernels_instance/math_instance/primitive_instance/ctor_result_reg[62]_i_71__0_n_0
    SLICE_X145Y37        CARRY4 (Prop_carry4_CI_CO[3])
                                                      0.114    15.754 r  livt_onnx_flant5_flant5application_i/model_instance/kernels_instance/math_instance/primitive_instance/ctor_result_reg[62]_i_49__0/CO[3]
                         net (fo=1, routed)           0.000    15.754    livt_onnx_flant5_flant5application_i/model_instance/kernels_instance/math_instance/primitive_instance/ctor_result_reg[62]_i_49__0_n_0
    SLICE_X145Y38        CARRY4 (Prop_carry4_CI_CO[3])
                                                      0.114    15.868 r  livt_onnx_flant5_flant5application_i/model_instance/kernels_instance/math_instance/primitive_instance/ctor_result_reg[62]_i_48__0/CO[3]
                         net (fo=1, routed)           0.000    15.868    livt_onnx_flant5_flant5application_i/model_instance/kernels_instance/math_instance/primitive_instance/ctor_result_reg[62]_i_48__0_n_0
    SLICE_X145Y39        CARRY4 (Prop_carry4_CI_CO[3])
                                                      0.114    15.982 r  livt_onnx_flant5_flant5application_i/model_instance/kernels_instance/math_instance/primitive_instance/ctor_result_reg[62]_i_47__0/CO[3]
                         net (fo=1, routed)           0.000    15.982    livt_onnx_flant5_flant5application_i/model_instance/kernels_instance/math_instance/primitive_instance/ctor_result_reg[62]_i_47__0_n_0
    SLICE_X145Y40        CARRY4 (Prop_carry4_CI_CO[3])
                                                      0.114    16.096 r  livt_onnx_flant5_flant5application_i/model_instance/kernels_instance/math_instance/primitive_instance/ctor_result_reg[62]_i_38__0/CO[3]
                         net (fo=1, routed)           0.000    16.096    livt_onnx_flant5_flant5application_i/model_instance/kernels_instance/math_instance/primitive_instance/ctor_result_reg[62]_i_38__0_n_0
    SLICE_X145Y41        CARRY4 (Prop_carry4_CI_CO[3])
                                                      0.114    16.210 r  livt_onnx_flant5_flant5application_i/model_instance/kernels_instance/math_instance/primitive_instance/ctor_result_reg[62]_i_37__0/CO[3]
                         net (fo=1, routed)           0.000    16.210    livt_onnx_flant5_flant5application_i/model_instance/kernels_instance/math_instance/primitive_instance/ctor_result_reg[62]_i_37__0_n_0
    SLICE_X145Y42        CARRY4 (Prop_carry4_CI_CO[3])
                                                      0.114    16.324 r  livt_onnx_flant5_flant5application_i/model_instance/kernels_instance/math_instance/primitive_instance/ctor_result_reg[62]_i_36__0/CO[3]
                         net (fo=1, routed)           0.000    16.324    livt_onnx_flant5_flant5application_i/model_instance/kernels_instance/math_instance/primitive_instance/ctor_result_reg[62]_i_36__0_n_0
    SLICE_X145Y43        CARRY4 (Prop_carry4_CI_O[2])
                                                      0.239    16.563 r  livt_onnx_flant5_flant5application_i/model_instance/kernels_instance/math_instance/primitive_instance/ctor_result_reg[62]_i_30__0/O[2]
                         net (fo=22, routed)          0.397    16.960    livt_onnx_flant5_flant5application_i/model_instance/kernels_instance/math_instance/primitive_instance/RESIZE[63]
    SLICE_X144Y43        LUT4 (Prop_lut4_I1_O)        0.302    17.262 r  livt_onnx_flant5_flant5application_i/model_instance/kernels_instance/math_instance/primitive_instance/ctor_result[62]_i_98__0/O
                         net (fo=1, routed)           0.822    18.084    livt_onnx_flant5_flant5application_i/model_instance/kernels_instance/math_instance/primitive_instance/ctor_result[62]_i_98__0_n_0
    SLICE_X144Y34        CARRY4 (Prop_carry4_CYINIT_CO[3])
                                                      0.595    18.679 r  livt_onnx_flant5_flant5application_i/model_instance/kernels_instance/math_instance/primitive_instance/ctor_result_reg[62]_i_66__0/CO[3]
                         net (fo=1, routed)           0.000    18.679    livt_onnx_flant5_flant5application_i/model_instance/kernels_instance/math_instance/primitive_instance/ctor_result_reg[62]_i_66__0_n_0
    SLICE_X144Y35        CARRY4 (Prop_carry4_CI_CO[3])
                                                      0.117    18.796 r  livt_onnx_flant5_flant5application_i/model_instance/kernels_instance/math_instance/primitive_instance/ctor_result_reg[62]_i_42__0/CO[3]
                         net (fo=1, routed)           0.000    18.796    livt_onnx_flant5_flant5application_i/model_instance/kernels_instance/math_instance/primitive_instance/ctor_result_reg[62]_i_42__0_n_0
    SLICE_X144Y36        CARRY4 (Prop_carry4_CI_CO[3])
                                                      0.117    18.913 r  livt_onnx_flant5_flant5application_i/model_instance/kernels_instance/math_instance/primitive_instance/ctor_result_reg[62]_i_31__0/CO[3]
                         net (fo=1, routed)           0.000    18.913    livt_onnx_flant5_flant5application_i/model_instance/kernels_instance/math_instance/primitive_instance/ctor_result_reg[62]_i_31__0_n_0
    SLICE_X144Y37        CARRY4 (Prop_carry4_CI_CO[3])
                                                      0.117    19.030 r  livt_onnx_flant5_flant5application_i/model_instance/kernels_instance/math_instance/primitive_instance/ctor_result_reg[62]_i_25__0/CO[3]
                         net (fo=1, routed)           0.000    19.030    livt_onnx_flant5_flant5application_i/model_instance/kernels_instance/math_instance/primitive_instance/ctor_result_reg[62]_i_25__0_n_0
    SLICE_X144Y38        CARRY4 (Prop_carry4_CI_CO[3])
                                                      0.117    19.147 r  livt_onnx_flant5_flant5application_i/model_instance/kernels_instance/math_instance/primitive_instance/ctor_result_reg[62]_i_23__0/CO[3]
                         net (fo=1, routed)           0.000    19.147    livt_onnx_flant5_flant5application_i/model_instance/kernels_instance/math_instance/primitive_instance/ctor_result_reg[62]_i_23__0_n_0
    SLICE_X144Y39        CARRY4 (Prop_carry4_CI_CO[0])
                                                      0.254    19.401 f  livt_onnx_flant5_flant5application_i/model_instance/kernels_instance/math_instance/primitive_instance/ctor_result_reg[62]_i_8__0/CO[0]
                         net (fo=1, routed)           0.308    19.708    livt_onnx_flant5_flant5application_i/model_instance/kernels_instance/math_instance/primitive_instance/data0
    SLICE_X144Y41        LUT6 (Prop_lut6_I4_O)        0.367    20.075 f  livt_onnx_flant5_flant5application_i/model_instance/kernels_instance/math_instance/primitive_instance/ctor_result[62]_i_2__0/O
                         net (fo=64, routed)          0.959    21.035    livt_onnx_flant5_flant5application_i/model_instance/kernels_instance/math_instance/primitive_instance/ctor_result[62]_i_2__0_n_0
    SLICE_X144Y49        LUT4 (Prop_lut4_I0_O)        0.124    21.159 r  livt_onnx_flant5_flant5application_i/model_instance/kernels_instance/math_instance/primitive_instance/ctor_result[63]_i_8__0/O
                         net (fo=1, routed)           0.822    21.981    livt_onnx_flant5_flant5application_i/model_instance/kernels_instance/math_instance/primitive_instance/ctor_result[63]_i_8__0_n_0
    SLICE_X140Y49        LUT4 (Prop_lut4_I0_O)        0.124    22.105 r  livt_onnx_flant5_flant5application_i/model_instance/kernels_instance/math_instance/primitive_instance/ctor_result[63]_i_5__0/O
                         net (fo=1, routed)           0.782    22.886    livt_onnx_flant5_flant5application_i/model_instance/kernels_instance/math_instance/primitive_instance/ctor_result[63]_i_5__0_n_0
    SLICE_X136Y49        LUT5 (Prop_lut5_I2_O)        0.124    23.010 r  livt_onnx_flant5_flant5application_i/model_instance/kernels_instance/math_instance/primitive_instance/ctor_result[63]_i_2__0/O
                         net (fo=1, routed)           0.000    23.010    livt_onnx_flant5_flant5application_i/model_instance/kernels_instance/math_instance/primitive_instance/ctor_result[63]_i_2__0_n_0
    SLICE_X136Y49        FDRE                                         r  livt_onnx_flant5_flant5application_i/model_instance/kernels_instance/math_instance/primitive_instance/ctor_result_reg[63]/D
  -------------------------------------------------------------------    -------------------

                         (clock app_clock rise edge)
                                                     20.000    20.000 r  <hidden>
                                                      0.000    20.000 r  Clk
                         net (fo=102028, unset)       1.920    21.920    livt_onnx_flant5_flant5application_i/model_instance/kernels_instance/math_instance/primitive_instance/Clk
    SLICE_X136Y49        FDRE                                         r  livt_onnx_flant5_flant5application_i/model_instance/kernels_instance/math_instance/primitive_instance/ctor_result_reg[63]/C
                         clock pessimism              0.096    22.016    <hidden>
                         clock uncertainty           -0.035    21.981    <hidden>
    SLICE_X136Y49        FDRE (Setup_fdre_C_D)        0.081    22.062    livt_onnx_flant5_flant5application_i/model_instance/kernels_instance/math_instance/primitive_instance/ctor_result_reg[63]
  -------------------------------------------------------------------
                         required time                         22.062    <hidden>
                         arrival time                         -23.010    <hidden>
  -------------------------------------------------------------------
                         slack                                 -0.949    <hidden>

Slack (VIOLATED) :        -0.905ns  (required time - arrival time)
  Source:                 livt_onnx_flant5_flant5application_i/model_instance/weights_instance/fixed_instance/math_instance/primitive_instance/ARG__11/CLK
                            (rising edge-triggered cell DSP48E1 clocked by app_clock  {rise@0.000ns fall@10.000ns period=20.000ns})
  Destination:            livt_onnx_flant5_flant5application_i/model_instance/weights_instance/fixed_instance/math_instance/primitive_instance/ctor_result_reg[3]/D
                            (rising edge-triggered cell FDRE clocked by app_clock  {rise@0.000ns fall@10.000ns period=20.000ns})
  Path Group:             app_clock
  Path Type:              Setup (Max at Slow Process Corner)
  Requirement:            20.000ns  (app_clock rise@20.000ns - app_clock rise@0.000ns)
  Data Path Delay:        20.860ns  (logic 14.391ns (68.990%)  route 6.469ns (31.010%))
  Logic Levels:           32  (CARRY4=23 DSP48E1=3 LUT3=1 LUT4=2 LUT6=3)
  Clock Path Skew:        -0.042ns (DCD - SCD + CPR)
    Destination Clock Delay (DCD):    1.984ns = ( 21.984 - 20.000 ) 
    Source Clock Delay      (SCD):    2.122ns
    Clock Pessimism Removal (CPR):    0.096ns
  Clock Uncertainty:      0.035ns  ((TSJ^2 + TIJ^2)^1/2 + DJ) / 2 + PE
    Total System Jitter     (TSJ):    0.071ns
    Total Input Jitter      (TIJ):    0.000ns
    Discrete Jitter          (DJ):    0.000ns
    Phase Error              (PE):    0.000ns

    Location             Delay type                Incr(ns)  Path(ns)    Netlist Resource(s)
  -------------------------------------------------------------------    -------------------
                         (clock app_clock rise edge)
                                                      0.000     0.000 r  <hidden>
                                                      0.000     0.000 r  Clk
                         net (fo=102028, unset)       2.122     2.122    livt_onnx_flant5_flant5application_i/model_instance/weights_instance/fixed_instance/math_instance/primitive_instance/Clk
    DSP48_X2Y0           DSP48E1                                      r  livt_onnx_flant5_flant5application_i/model_instance/weights_instance/fixed_instance/math_instance/primitive_instance/ARG__11/CLK
  -------------------------------------------------------------------    -------------------
    DSP48_X2Y0           DSP48E1 (Prop_dsp48e1_CLK_PCOUT[47])
                                                      4.206     6.328 r  livt_onnx_flant5_flant5application_i/model_instance/weights_instance/fixed_instance/math_instance/primitive_instance/ARG__11/PCOUT[47]
                         net (fo=1, routed)           0.002     6.330    livt_onnx_flant5_flant5application_i/model_instance/weights_instance/fixed_instance/math_instance/primitive_instance/ARG__11_n_106
    DSP48_X2Y1           DSP48E1 (Prop_dsp48e1_PCIN[47]_PCOUT[47])
                                                      1.713     8.043 r  livt_onnx_flant5_flant5application_i/model_instance/weights_instance/fixed_instance/math_instance/primitive_instance/ARG__12/PCOUT[47]
                         net (fo=1, routed)           0.002     8.045    livt_onnx_flant5_flant5application_i/model_instance/weights_instance/fixed_instance/math_instance/primitive_instance/ARG__12_n_106
    DSP48_X2Y2           DSP48E1 (Prop_dsp48e1_PCIN[47]_PCOUT[47])
                                                      1.713     9.758 r  livt_onnx_flant5_flant5application_i/model_instance/weights_instance/fixed_instance/math_instance/primitive_instance/ARG__13/PCOUT[47]
                         net (fo=1, routed)           0.002     9.760    livt_onnx_flant5_flant5application_i/model_instance/weights_instance/fixed_instance/math_instance/primitive_instance/ARG__13_n_106
    DSP48_X2Y3           DSP48E1 (Prop_dsp48e1_PCIN[47]_P[26])
                                                      1.518    11.278 r  livt_onnx_flant5_flant5application_i/model_instance/weights_instance/fixed_instance/math_instance/primitive_instance/ARG__14/P[26]
                         net (fo=2, routed)           1.265    12.542    livt_onnx_flant5_flant5application_i/model_instance/weights_instance/fixed_instance/math_instance/primitive_instance/p_3_in[60]
    SLICE_X46Y16         LUT3 (Prop_lut3_I1_O)        0.150    12.692 r  livt_onnx_flant5_flant5application_i/model_instance/weights_instance/fixed_instance/math_instance/primitive_instance/ctor_result[62]_i_12/O
                         net (fo=2, routed)           0.816    13.508    livt_onnx_flant5_flant5application_i/model_instance/weights_instance/fixed_instance/math_instance/primitive_instance/ctor_result[62]_i_12_n_0
    SLICE_X46Y17         LUT4 (Prop_lut4_I3_O)        0.355    13.863 r  livt_onnx_flant5_flant5application_i/model_instance/weights_instance/fixed_instance/math_instance/primitive_instance/ctor_result[62]_i_16/O
                         net (fo=1, routed)           0.000    13.863    livt_onnx_flant5_flant5application_i/model_instance/weights_instance/fixed_instance/math_instance/primitive_instance/ctor_result[62]_i_16_n_0
    SLICE_X46Y17         CARRY4 (Prop_carry4_S[0]_CO[3])
                                                      0.513    14.376 r  livt_onnx_flant5_flant5application_i/model_instance/weights_instance/fixed_instance/math_instance/primitive_instance/ctor_result_reg[62]_i_3/CO[3]
                         net (fo=1, routed)           0.000    14.376    livt_onnx_flant5_flant5application_i/model_instance/weights_instance/fixed_instance/math_instance/primitive_instance/ctor_result_reg[62]_i_3_n_0
    SLICE_X46Y18         CARRY4 (Prop_carry4_CI_CO[3])
                                                      0.117    14.493 r  livt_onnx_flant5_flant5application_i/model_instance/weights_instance/fixed_instance/math_instance/primitive_instance/ctor_result_reg[62]_i_130/CO[3]
                         net (fo=1, routed)           0.000    14.493    livt_onnx_flant5_flant5application_i/model_instance/weights_instance/fixed_instance/math_instance/primitive_instance/ctor_result_reg[62]_i_130_n_0
    SLICE_X46Y19         CARRY4 (Prop_carry4_CI_CO[3])
                                                      0.117    14.610 r  livt_onnx_flant5_flant5application_i/model_instance/weights_instance/fixed_instance/math_instance/primitive_instance/ctor_result_reg[62]_i_132/CO[3]
                         net (fo=1, routed)           0.000    14.610    livt_onnx_flant5_flant5application_i/model_instance/weights_instance/fixed_instance/math_instance/primitive_instance/ctor_result_reg[62]_i_132_n_0
    SLICE_X46Y20         CARRY4 (Prop_carry4_CI_CO[3])
                                                      0.117    14.727 r  livt_onnx_flant5_flant5application_i/model_instance/weights_instance/fixed_instance/math_instance/primitive_instance/ctor_result_reg[62]_i_131/CO[3]
                         net (fo=1, routed)           0.000    14.727    livt_onnx_flant5_flant5application_i/model_instance/weights_instance/fixed_instance/math_instance/primitive_instance/ctor_result_reg[62]_i_131_n_0
    SLICE_X46Y21         CARRY4 (Prop_carry4_CI_CO[3])
                                                      0.117    14.844 r  livt_onnx_flant5_flant5application_i/model_instance/weights_instance/fixed_instance/math_instance/primitive_instance/ctor_result_reg[62]_i_105/CO[3]
                         net (fo=1, routed)           0.000    14.844    livt_onnx_flant5_flant5application_i/model_instance/weights_instance/fixed_instance/math_instance/primitive_instance/ctor_result_reg[62]_i_105_n_0
    SLICE_X46Y22         CARRY4 (Prop_carry4_CI_CO[3])
                                                      0.117    14.961 r  livt_onnx_flant5_flant5application_i/model_instance/weights_instance/fixed_instance/math_instance/primitive_instance/ctor_result_reg[62]_i_104/CO[3]
                         net (fo=1, routed)           0.000    14.961    livt_onnx_flant5_flant5application_i/model_instance/weights_instance/fixed_instance/math_instance/primitive_instance/ctor_result_reg[62]_i_104_n_0
    SLICE_X46Y23         CARRY4 (Prop_carry4_CI_CO[3])
                                                      0.117    15.078 r  livt_onnx_flant5_flant5application_i/model_instance/weights_instance/fixed_instance/math_instance/primitive_instance/ctor_result_reg[62]_i_103/CO[3]
                         net (fo=1, routed)           0.000    15.078    livt_onnx_flant5_flant5application_i/model_instance/weights_instance/fixed_instance/math_instance/primitive_instance/ctor_result_reg[62]_i_103_n_0
    SLICE_X46Y24         CARRY4 (Prop_carry4_CI_CO[3])
                                                      0.117    15.195 r  livt_onnx_flant5_flant5application_i/model_instance/weights_instance/fixed_instance/math_instance/primitive_instance/ctor_result_reg[62]_i_73/CO[3]
                         net (fo=1, routed)           0.009    15.204    livt_onnx_flant5_flant5application_i/model_instance/weights_instance/fixed_instance/math_instance/primitive_instance/ctor_result_reg[62]_i_73_n_0
    SLICE_X46Y25         CARRY4 (Prop_carry4_CI_CO[3])
                                                      0.117    15.321 r  livt_onnx_flant5_flant5application_i/model_instance/weights_instance/fixed_instance/math_instance/primitive_instance/ctor_result_reg[62]_i_72/CO[3]
                         net (fo=1, routed)           0.000    15.321    livt_onnx_flant5_flant5application_i/model_instance/weights_instance/fixed_instance/math_instance/primitive_instance/ctor_result_reg[62]_i_72_n_0
    SLICE_X46Y26         CARRY4 (Prop_carry4_CI_CO[3])
                                                      0.117    15.438 r  livt_onnx_flant5_flant5application_i/model_instance/weights_instance/fixed_instance/math_instance/primitive_instance/ctor_result_reg[62]_i_71/CO[3]
                         net (fo=1, routed)           0.000    15.438    livt_onnx_flant5_flant5application_i/model_instance/weights_instance/fixed_instance/math_instance/primitive_instance/ctor_result_reg[62]_i_71_n_0
    SLICE_X46Y27         CARRY4 (Prop_carry4_CI_CO[3])
                                                      0.117    15.555 r  livt_onnx_flant5_flant5application_i/model_instance/weights_instance/fixed_instance/math_instance/primitive_instance/ctor_result_reg[62]_i_49/CO[3]
                         net (fo=1, routed)           0.000    15.555    livt_onnx_flant5_flant5application_i/model_instance/weights_instance/fixed_instance/math_instance/primitive_instance/ctor_result_reg[62]_i_49_n_0
    SLICE_X46Y28         CARRY4 (Prop_carry4_CI_CO[3])
                                                      0.117    15.672 r  livt_onnx_flant5_flant5application_i/model_instance/weights_instance/fixed_instance/math_instance/primitive_instance/ctor_result_reg[62]_i_48/CO[3]
                         net (fo=1, routed)           0.000    15.672    livt_onnx_flant5_flant5application_i/model_instance/weights_instance/fixed_instance/math_instance/primitive_instance/ctor_result_reg[62]_i_48_n_0
    SLICE_X46Y29         CARRY4 (Prop_carry4_CI_CO[3])
                                                      0.117    15.789 r  livt_onnx_flant5_flant5application_i/model_instance/weights_instance/fixed_instance/math_instance/primitive_instance/ctor_result_reg[62]_i_47/CO[3]
                         net (fo=1, routed)           0.000    15.789    livt_onnx_flant5_flant5application_i/model_instance/weights_instance/fixed_instance/math_instance/primitive_instance/ctor_result_reg[62]_i_47_n_0
    SLICE_X46Y30         CARRY4 (Prop_carry4_CI_CO[3])
                                                      0.117    15.906 r  livt_onnx_flant5_flant5application_i/model_instance/weights_instance/fixed_instance/math_instance/primitive_instance/ctor_result_reg[62]_i_38/CO[3]
                         net (fo=1, routed)           0.000    15.906    livt_onnx_flant5_flant5application_i/model_instance/weights_instance/fixed_instance/math_instance/primitive_instance/ctor_result_reg[62]_i_38_n_0
    SLICE_X46Y31         CARRY4 (Prop_carry4_CI_CO[3])
                                                      0.117    16.023 r  livt_onnx_flant5_flant5application_i/model_instance/weights_instance/fixed_instance/math_instance/primitive_instance/ctor_result_reg[62]_i_37/CO[3]
                         net (fo=1, routed)           0.000    16.023    livt_onnx_flant5_flant5application_i/model_instance/weights_instance/fixed_instance/math_instance/primitive_instance/ctor_result_reg[62]_i_37_n_0
    SLICE_X46Y32         CARRY4 (Prop_carry4_CI_CO[3])
                                                      0.117    16.140 r  livt_onnx_flant5_flant5application_i/model_instance/weights_instance/fixed_instance/math_instance/primitive_instance/ctor_result_reg[62]_i_36/CO[3]
                         net (fo=1, routed)           0.000    16.140    livt_onnx_flant5_flant5application_i/model_instance/weights_instance/fixed_instance/math_instance/primitive_instance/ctor_result_reg[62]_i_36_n_0
    SLICE_X46Y33         CARRY4 (Prop_carry4_CI_O[2])
                                                      0.239    16.379 r  livt_onnx_flant5_flant5application_i/model_instance/weights_instance/fixed_instance/math_instance/primitive_instance/ctor_result_reg[62]_i_30/O[2]
                         net (fo=22, routed)          0.924    17.303    livt_onnx_flant5_flant5application_i/model_instance/weights_instance/fixed_instance/math_instance/primitive_instance/RESIZE[63]
    SLICE_X47Y22         LUT4 (Prop_lut4_I1_O)        0.301    17.604 r  livt_onnx_flant5_flant5application_i/model_instance/weights_instance/fixed_instance/math_instance/primitive_instance/ctor_result[62]_i_98/O
                         net (fo=1, routed)           0.330    17.934    livt_onnx_flant5_flant5application_i/model_instance/weights_instance/fixed_instance/math_instance/primitive_instance/ctor_result[62]_i_98_n_0
    SLICE_X47Y23         CARRY4 (Prop_carry4_CYINIT_CO[3])
                                                      0.580    18.514 r  livt_onnx_flant5_flant5application_i/model_instance/weights_instance/fixed_instance/math_instance/primitive_instance/ctor_result_reg[62]_i_66/CO[3]
                         net (fo=1, routed)           0.000    18.514    livt_onnx_flant5_flant5application_i/model_instance/weights_instance/fixed_instance/math_instance/primitive_instance/ctor_result_reg[62]_i_66_n_0
    SLICE_X47Y24         CARRY4 (Prop_carry4_CI_CO[3])
                                                      0.114    18.628 r  livt_onnx_flant5_flant5application_i/model_instance/weights_instance/fixed_instance/math_instance/primitive_instance/ctor_result_reg[62]_i_42/CO[3]
                         net (fo=1, routed)           0.009    18.637    livt_onnx_flant5_flant5application_i/model_instance/weights_instance/fixed_instance/math_instance/primitive_instance/ctor_result_reg[62]_i_42_n_0
    SLICE_X47Y25         CARRY4 (Prop_carry4_CI_CO[3])
                                                      0.114    18.751 r  livt_onnx_flant5_flant5application_i/model_instance/weights_instance/fixed_instance/math_instance/primitive_instance/ctor_result_reg[62]_i_31/CO[3]
                         net (fo=1, routed)           0.000    18.751    livt_onnx_flant5_flant5application_i/model_instance/weights_instance/fixed_instance/math_instance/primitive_instance/ctor_result_reg[62]_i_31_n_0
    SLICE_X47Y26         CARRY4 (Prop_carry4_CI_CO[3])
                                                      0.114    18.865 r  livt_onnx_flant5_flant5application_i/model_instance/weights_instance/fixed_instance/math_instance/primitive_instance/ctor_result_reg[62]_i_25/CO[3]
                         net (fo=1, routed)           0.000    18.865    livt_onnx_flant5_flant5application_i/model_instance/weights_instance/fixed_instance/math_instance/primitive_instance/ctor_result_reg[62]_i_25_n_0
    SLICE_X47Y27         CARRY4 (Prop_carry4_CI_CO[3])
                                                      0.114    18.979 r  livt_onnx_flant5_flant5application_i/model_instance/weights_instance/fixed_instance/math_instance/primitive_instance/ctor_result_reg[62]_i_23/CO[3]
                         net (fo=1, routed)           0.000    18.979    livt_onnx_flant5_flant5application_i/model_instance/weights_instance/fixed_instance/math_instance/primitive_instance/ctor_result_reg[62]_i_23_n_0
    SLICE_X47Y28         CARRY4 (Prop_carry4_CI_CO[0])
                                                      0.271    19.250 f  livt_onnx_flant5_flant5application_i/model_instance/weights_instance/fixed_instance/math_instance/primitive_instance/ctor_result_reg[62]_i_8/CO[0]
                         net (fo=1, routed)           0.772    20.021    livt_onnx_flant5_flant5application_i/model_instance/weights_instance/fixed_instance/math_instance/primitive_instance/data0
    SLICE_X41Y24         LUT6 (Prop_lut6_I4_O)        0.373    20.394 f  livt_onnx_flant5_flant5application_i/model_instance/weights_instance/fixed_instance/math_instance/primitive_instance/ctor_result[62]_i_2/O
                         net (fo=64, routed)          1.612    22.007    livt_onnx_flant5_flant5application_i/model_instance/weights_instance/fixed_instance/math_instance/primitive_instance/ctor_result[62]_i_2_n_0
    SLICE_X33Y9          LUT6 (Prop_lut6_I5_O)        0.124    22.131 r  livt_onnx_flant5_flant5application_i/model_instance/weights_instance/fixed_instance/math_instance/primitive_instance/ctor_result[3]_i_2/O
                         net (fo=1, routed)           0.727    22.857    livt_onnx_flant5_flant5application_i/model_instance/weights_instance/fixed_instance/math_instance/primitive_instance/ctor_result[3]_i_2_n_0
    SLICE_X33Y9          LUT6 (Prop_lut6_I2_O)        0.124    22.981 r  livt_onnx_flant5_flant5application_i/model_instance/weights_instance/fixed_instance/math_instance/primitive_instance/ctor_result[3]_i_1/O
                         net (fo=1, routed)           0.000    22.981    livt_onnx_flant5_flant5application_i/model_instance/weights_instance/fixed_instance/math_instance/primitive_instance/ctor_result[3]_i_1_n_0
    SLICE_X33Y9          FDRE                                         r  livt_onnx_flant5_flant5application_i/model_instance/weights_instance/fixed_instance/math_instance/primitive_instance/ctor_result_reg[3]/D
  -------------------------------------------------------------------    -------------------

                         (clock app_clock rise edge)
                                                     20.000    20.000 r  <hidden>
                                                      0.000    20.000 r  Clk
                         net (fo=102028, unset)       1.984    21.984    livt_onnx_flant5_flant5application_i/model_instance/weights_instance/fixed_instance/math_instance/primitive_instance/Clk
    SLICE_X33Y9          FDRE                                         r  livt_onnx_flant5_flant5application_i/model_instance/weights_instance/fixed_instance/math_instance/primitive_instance/ctor_result_reg[3]/C
                         clock pessimism              0.096    22.080    <hidden>
                         clock uncertainty           -0.035    22.045    <hidden>
    SLICE_X33Y9          FDRE (Setup_fdre_C_D)        0.031    22.076    livt_onnx_flant5_flant5application_i/model_instance/weights_instance/fixed_instance/math_instance/primitive_instance/ctor_result_reg[3]
  -------------------------------------------------------------------
                         required time                         22.076    <hidden>
                         arrival time                         -22.981    <hidden>
  -------------------------------------------------------------------
                         slack                                 -0.905    <hidden>

Slack (VIOLATED) :        -0.848ns  (required time - arrival time)
  Source:                 livt_onnx_flant5_flant5application_i/model_instance/weights_instance/fixed_instance/math_instance/primitive_instance/ARG__11/CLK
                            (rising edge-triggered cell DSP48E1 clocked by app_clock  {rise@0.000ns fall@10.000ns period=20.000ns})
  Destination:            livt_onnx_flant5_flant5application_i/model_instance/weights_instance/fixed_instance/math_instance/primitive_instance/ctor_result_reg[8]/D
                            (rising edge-triggered cell FDRE clocked by app_clock  {rise@0.000ns fall@10.000ns period=20.000ns})
  Path Group:             app_clock
  Path Type:              Setup (Max at Slow Process Corner)
  Requirement:            20.000ns  (app_clock rise@20.000ns - app_clock rise@0.000ns)
  Data Path Delay:        20.798ns  (logic 14.391ns (69.194%)  route 6.407ns (30.806%))
  Logic Levels:           32  (CARRY4=23 DSP48E1=3 LUT3=1 LUT4=2 LUT6=3)
  Clock Path Skew:        -0.044ns (DCD - SCD + CPR)
    Destination Clock Delay (DCD):    1.982ns = ( 21.982 - 20.000 ) 
    Source Clock Delay      (SCD):    2.122ns
    Clock Pessimism Removal (CPR):    0.096ns
  Clock Uncertainty:      0.035ns  ((TSJ^2 + TIJ^2)^1/2 + DJ) / 2 + PE
    Total System Jitter     (TSJ):    0.071ns
    Total Input Jitter      (TIJ):    0.000ns
    Discrete Jitter          (DJ):    0.000ns
    Phase Error              (PE):    0.000ns

    Location             Delay type                Incr(ns)  Path(ns)    Netlist Resource(s)
  -------------------------------------------------------------------    -------------------
                         (clock app_clock rise edge)
                                                      0.000     0.000 r  <hidden>
                                                      0.000     0.000 r  Clk
                         net (fo=102028, unset)       2.122     2.122    livt_onnx_flant5_flant5application_i/model_instance/weights_instance/fixed_instance/math_instance/primitive_instance/Clk
    DSP48_X2Y0           DSP48E1                                      r  livt_onnx_flant5_flant5application_i/model_instance/weights_instance/fixed_instance/math_instance/primitive_instance/ARG__11/CLK
  -------------------------------------------------------------------    -------------------
    DSP48_X2Y0           DSP48E1 (Prop_dsp48e1_CLK_PCOUT[47])
                                                      4.206     6.328 r  livt_onnx_flant5_flant5application_i/model_instance/weights_instance/fixed_instance/math_instance/primitive_instance/ARG__11/PCOUT[47]
                         net (fo=1, routed)           0.002     6.330    livt_onnx_flant5_flant5application_i/model_instance/weights_instance/fixed_instance/math_instance/primitive_instance/ARG__11_n_106
    DSP48_X2Y1           DSP48E1 (Prop_dsp48e1_PCIN[47]_PCOUT[47])
                                                      1.713     8.043 r  livt_onnx_flant5_flant5application_i/model_instance/weights_instance/fixed_instance/math_instance/primitive_instance/ARG__12/PCOUT[47]
                         net (fo=1, routed)           0.002     8.045    livt_onnx_flant5_flant5application_i/model_instance/weights_instance/fixed_instance/math_instance/primitive_instance/ARG__12_n_106
    DSP48_X2Y2           DSP48E1 (Prop_dsp48e1_PCIN[47]_PCOUT[47])
                                                      1.713     9.758 r  livt_onnx_flant5_flant5application_i/model_instance/weights_instance/fixed_instance/math_instance/primitive_instance/ARG__13/PCOUT[47]
                         net (fo=1, routed)           0.002     9.760    livt_onnx_flant5_flant5application_i/model_instance/weights_instance/fixed_instance/math_instance/primitive_instance/ARG__13_n_106
    DSP48_X2Y3           DSP48E1 (Prop_dsp48e1_PCIN[47]_P[26])
                                                      1.518    11.278 r  livt_onnx_flant5_flant5application_i/model_instance/weights_instance/fixed_instance/math_instance/primitive_instance/ARG__14/P[26]
                         net (fo=2, routed)           1.265    12.542    livt_onnx_flant5_flant5application_i/model_instance/weights_instance/fixed_instance/math_instance/primitive_instance/p_3_in[60]
    SLICE_X46Y16         LUT3 (Prop_lut3_I1_O)        0.150    12.692 r  livt_onnx_flant5_flant5application_i/model_instance/weights_instance/fixed_instance/math_instance/primitive_instance/ctor_result[62]_i_12/O
                         net (fo=2, routed)           0.816    13.508    livt_onnx_flant5_flant5application_i/model_instance/weights_instance/fixed_instance/math_instance/primitive_instance/ctor_result[62]_i_12_n_0
    SLICE_X46Y17         LUT4 (Prop_lut4_I3_O)        0.355    13.863 r  livt_onnx_flant5_flant5application_i/model_instance/weights_instance/fixed_instance/math_instance/primitive_instance/ctor_result[62]_i_16/O
                         net (fo=1, routed)           0.000    13.863    livt_onnx_flant5_flant5application_i/model_instance/weights_instance/fixed_instance/math_instance/primitive_instance/ctor_result[62]_i_16_n_0
    SLICE_X46Y17         CARRY4 (Prop_carry4_S[0]_CO[3])
                                                      0.513    14.376 r  livt_onnx_flant5_flant5application_i/model_instance/weights_instance/fixed_instance/math_instance/primitive_instance/ctor_result_reg[62]_i_3/CO[3]
                         net (fo=1, routed)           0.000    14.376    livt_onnx_flant5_flant5application_i/model_instance/weights_instance/fixed_instance/math_instance/primitive_instance/ctor_result_reg[62]_i_3_n_0
    SLICE_X46Y18         CARRY4 (Prop_carry4_CI_CO[3])
                                                      0.117    14.493 r  livt_onnx_flant5_flant5application_i/model_instance/weights_instance/fixed_instance/math_instance/primitive_instance/ctor_result_reg[62]_i_130/CO[3]
                         net (fo=1, routed)           0.000    14.493    livt_onnx_flant5_flant5application_i/model_instance/weights_instance/fixed_instance/math_instance/primitive_instance/ctor_result_reg[62]_i_130_n_0
    SLICE_X46Y19         CARRY4 (Prop_carry4_CI_CO[3])
                                                      0.117    14.610 r  livt_onnx_flant5_flant5application_i/model_instance/weights_instance/fixed_instance/math_instance/primitive_instance/ctor_result_reg[62]_i_132/CO[3]
                         net (fo=1, routed)           0.000    14.610    livt_onnx_flant5_flant5application_i/model_instance/weights_instance/fixed_instance/math_instance/primitive_instance/ctor_result_reg[62]_i_132_n_0
    SLICE_X46Y20         CARRY4 (Prop_carry4_CI_CO[3])
                                                      0.117    14.727 r  livt_onnx_flant5_flant5application_i/model_instance/weights_instance/fixed_instance/math_instance/primitive_instance/ctor_result_reg[62]_i_131/CO[3]
                         net (fo=1, routed)           0.000    14.727    livt_onnx_flant5_flant5application_i/model_instance/weights_instance/fixed_instance/math_instance/primitive_instance/ctor_result_reg[62]_i_131_n_0
    SLICE_X46Y21         CARRY4 (Prop_carry4_CI_CO[3])
                                                      0.117    14.844 r  livt_onnx_flant5_flant5application_i/model_instance/weights_instance/fixed_instance/math_instance/primitive_instance/ctor_result_reg[62]_i_105/CO[3]
                         net (fo=1, routed)           0.000    14.844    livt_onnx_flant5_flant5application_i/model_instance/weights_instance/fixed_instance/math_instance/primitive_instance/ctor_result_reg[62]_i_105_n_0
    SLICE_X46Y22         CARRY4 (Prop_carry4_CI_CO[3])
                                                      0.117    14.961 r  livt_onnx_flant5_flant5application_i/model_instance/weights_instance/fixed_instance/math_instance/primitive_instance/ctor_result_reg[62]_i_104/CO[3]
                         net (fo=1, routed)           0.000    14.961    livt_onnx_flant5_flant5application_i/model_instance/weights_instance/fixed_instance/math_instance/primitive_instance/ctor_result_reg[62]_i_104_n_0
    SLICE_X46Y23         CARRY4 (Prop_carry4_CI_CO[3])
                                                      0.117    15.078 r  livt_onnx_flant5_flant5application_i/model_instance/weights_instance/fixed_instance/math_instance/primitive_instance/ctor_result_reg[62]_i_103/CO[3]
                         net (fo=1, routed)           0.000    15.078    livt_onnx_flant5_flant5application_i/model_instance/weights_instance/fixed_instance/math_instance/primitive_instance/ctor_result_reg[62]_i_103_n_0
    SLICE_X46Y24         CARRY4 (Prop_carry4_CI_CO[3])
                                                      0.117    15.195 r  livt_onnx_flant5_flant5application_i/model_instance/weights_instance/fixed_instance/math_instance/primitive_instance/ctor_result_reg[62]_i_73/CO[3]
                         net (fo=1, routed)           0.009    15.204    livt_onnx_flant5_flant5application_i/model_instance/weights_instance/fixed_instance/math_instance/primitive_instance/ctor_result_reg[62]_i_73_n_0
    SLICE_X46Y25         CARRY4 (Prop_carry4_CI_CO[3])
                                                      0.117    15.321 r  livt_onnx_flant5_flant5application_i/model_instance/weights_instance/fixed_instance/math_instance/primitive_instance/ctor_result_reg[62]_i_72/CO[3]
                         net (fo=1, routed)           0.000    15.321    livt_onnx_flant5_flant5application_i/model_instance/weights_instance/fixed_instance/math_instance/primitive_instance/ctor_result_reg[62]_i_72_n_0
    SLICE_X46Y26         CARRY4 (Prop_carry4_CI_CO[3])
                                                      0.117    15.438 r  livt_onnx_flant5_flant5application_i/model_instance/weights_instance/fixed_instance/math_instance/primitive_instance/ctor_result_reg[62]_i_71/CO[3]
                         net (fo=1, routed)           0.000    15.438    livt_onnx_flant5_flant5application_i/model_instance/weights_instance/fixed_instance/math_instance/primitive_instance/ctor_result_reg[62]_i_71_n_0
    SLICE_X46Y27         CARRY4 (Prop_carry4_CI_CO[3])
                                                      0.117    15.555 r  livt_onnx_flant5_flant5application_i/model_instance/weights_instance/fixed_instance/math_instance/primitive_instance/ctor_result_reg[62]_i_49/CO[3]
                         net (fo=1, routed)           0.000    15.555    livt_onnx_flant5_flant5application_i/model_instance/weights_instance/fixed_instance/math_instance/primitive_instance/ctor_result_reg[62]_i_49_n_0
    SLICE_X46Y28         CARRY4 (Prop_carry4_CI_CO[3])
                                                      0.117    15.672 r  livt_onnx_flant5_flant5application_i/model_instance/weights_instance/fixed_instance/math_instance/primitive_instance/ctor_result_reg[62]_i_48/CO[3]
                         net (fo=1, routed)           0.000    15.672    livt_onnx_flant5_flant5application_i/model_instance/weights_instance/fixed_instance/math_instance/primitive_instance/ctor_result_reg[62]_i_48_n_0
    SLICE_X46Y29         CARRY4 (Prop_carry4_CI_CO[3])
                                                      0.117    15.789 r  livt_onnx_flant5_flant5application_i/model_instance/weights_instance/fixed_instance/math_instance/primitive_instance/ctor_result_reg[62]_i_47/CO[3]
                         net (fo=1, routed)           0.000    15.789    livt_onnx_flant5_flant5application_i/model_instance/weights_instance/fixed_instance/math_instance/primitive_instance/ctor_result_reg[62]_i_47_n_0
    SLICE_X46Y30         CARRY4 (Prop_carry4_CI_CO[3])
                                                      0.117    15.906 r  livt_onnx_flant5_flant5application_i/model_instance/weights_instance/fixed_instance/math_instance/primitive_instance/ctor_result_reg[62]_i_38/CO[3]
                         net (fo=1, routed)           0.000    15.906    livt_onnx_flant5_flant5application_i/model_instance/weights_instance/fixed_instance/math_instance/primitive_instance/ctor_result_reg[62]_i_38_n_0
    SLICE_X46Y31         CARRY4 (Prop_carry4_CI_CO[3])
                                                      0.117    16.023 r  livt_onnx_flant5_flant5application_i/model_instance/weights_instance/fixed_instance/math_instance/primitive_instance/ctor_result_reg[62]_i_37/CO[3]
                         net (fo=1, routed)           0.000    16.023    livt_onnx_flant5_flant5application_i/model_instance/weights_instance/fixed_instance/math_instance/primitive_instance/ctor_result_reg[62]_i_37_n_0
    SLICE_X46Y32         CARRY4 (Prop_carry4_CI_CO[3])
                                                      0.117    16.140 r  livt_onnx_flant5_flant5application_i/model_instance/weights_instance/fixed_instance/math_instance/primitive_instance/ctor_result_reg[62]_i_36/CO[3]
                         net (fo=1, routed)           0.000    16.140    livt_onnx_flant5_flant5application_i/model_instance/weights_instance/fixed_instance/math_instance/primitive_instance/ctor_result_reg[62]_i_36_n_0
    SLICE_X46Y33         CARRY4 (Prop_carry4_CI_O[2])
                                                      0.239    16.379 r  livt_onnx_flant5_flant5application_i/model_instance/weights_instance/fixed_instance/math_instance/primitive_instance/ctor_result_reg[62]_i_30/O[2]
                         net (fo=22, routed)          0.924    17.303    livt_onnx_flant5_flant5application_i/model_instance/weights_instance/fixed_instance/math_instance/primitive_instance/RESIZE[63]
    SLICE_X47Y22         LUT4 (Prop_lut4_I1_O)        0.301    17.604 r  livt_onnx_flant5_flant5application_i/model_instance/weights_instance/fixed_instance/math_instance/primitive_instance/ctor_result[62]_i_98/O
                         net (fo=1, routed)           0.330    17.934    livt_onnx_flant5_flant5application_i/model_instance/weights_instance/fixed_instance/math_instance/primitive_instance/ctor_result[62]_i_98_n_0
    SLICE_X47Y23         CARRY4 (Prop_carry4_CYINIT_CO[3])
                                                      0.580    18.514 r  livt_onnx_flant5_flant5application_i/model_instance/weights_instance/fixed_instance/math_instance/primitive_instance/ctor_result_reg[62]_i_66/CO[3]
                         net (fo=1, routed)           0.000    18.514    livt_onnx_flant5_flant5application_i/model_instance/weights_instance/fixed_instance/math_instance/primitive_instance/ctor_result_reg[62]_i_66_n_0
    SLICE_X47Y24         CARRY4 (Prop_carry4_CI_CO[3])
                                                      0.114    18.628 r  livt_onnx_flant5_flant5application_i/model_instance/weights_instance/fixed_instance/math_instance/primitive_instance/ctor_result_reg[62]_i_42/CO[3]
                         net (fo=1, routed)           0.009    18.637    livt_onnx_flant5_flant5application_i/model_instance/weights_instance/fixed_instance/math_instance/primitive_instance/ctor_result_reg[62]_i_42_n_0
    SLICE_X47Y25         CARRY4 (Prop_carry4_CI_CO[3])
                                                      0.114    18.751 r  livt_onnx_flant5_flant5application_i/model_instance/weights_instance/fixed_instance/math_instance/primitive_instance/ctor_result_reg[62]_i_31/CO[3]
                         net (fo=1, routed)           0.000    18.751    livt_onnx_flant5_flant5application_i/model_instance/weights_instance/fixed_instance/math_instance/primitive_instance/ctor_result_reg[62]_i_31_n_0
    SLICE_X47Y26         CARRY4 (Prop_carry4_CI_CO[3])
                                                      0.114    18.865 r  livt_onnx_flant5_flant5application_i/model_instance/weights_instance/fixed_instance/math_instance/primitive_instance/ctor_result_reg[62]_i_25/CO[3]
                         net (fo=1, routed)           0.000    18.865    livt_onnx_flant5_flant5application_i/model_instance/weights_instance/fixed_instance/math_instance/primitive_instance/ctor_result_reg[62]_i_25_n_0
    SLICE_X47Y27         CARRY4 (Prop_carry4_CI_CO[3])
                                                      0.114    18.979 r  livt_onnx_flant5_flant5application_i/model_instance/weights_instance/fixed_instance/math_instance/primitive_instance/ctor_result_reg[62]_i_23/CO[3]
                         net (fo=1, routed)           0.000    18.979    livt_onnx_flant5_flant5application_i/model_instance/weights_instance/fixed_instance/math_instance/primitive_instance/ctor_result_reg[62]_i_23_n_0
    SLICE_X47Y28         CARRY4 (Prop_carry4_CI_CO[0])
                                                      0.271    19.250 f  livt_onnx_flant5_flant5application_i/model_instance/weights_instance/fixed_instance/math_instance/primitive_instance/ctor_result_reg[62]_i_8/CO[0]
                         net (fo=1, routed)           0.772    20.021    livt_onnx_flant5_flant5application_i/model_instance/weights_instance/fixed_instance/math_instance/primitive_instance/data0
    SLICE_X41Y24         LUT6 (Prop_lut6_I4_O)        0.373    20.394 f  livt_onnx_flant5_flant5application_i/model_instance/weights_instance/fixed_instance/math_instance/primitive_instance/ctor_result[62]_i_2/O
                         net (fo=64, routed)          1.528    21.922    livt_onnx_flant5_flant5application_i/model_instance/weights_instance/fixed_instance/math_instance/primitive_instance/ctor_result[62]_i_2_n_0
    SLICE_X32Y12         LUT6 (Prop_lut6_I3_O)        0.124    22.046 r  livt_onnx_flant5_flant5application_i/model_instance/weights_instance/fixed_instance/math_instance/primitive_instance/ctor_result[8]_i_2/O
                         net (fo=1, routed)           0.749    22.795    livt_onnx_flant5_flant5application_i/model_instance/weights_instance/fixed_instance/math_instance/primitive_instance/ctor_result[8]_i_2_n_0
    SLICE_X32Y12         LUT6 (Prop_lut6_I2_O)        0.124    22.919 r  livt_onnx_flant5_flant5application_i/model_instance/weights_instance/fixed_instance/math_instance/primitive_instance/ctor_result[8]_i_1/O
                         net (fo=1, routed)           0.000    22.919    livt_onnx_flant5_flant5application_i/model_instance/weights_instance/fixed_instance/math_instance/primitive_instance/ctor_result[8]_i_1_n_0
    SLICE_X32Y12         FDRE                                         r  livt_onnx_flant5_flant5application_i/model_instance/weights_instance/fixed_instance/math_instance/primitive_instance/ctor_result_reg[8]/D
  -------------------------------------------------------------------    -------------------

                         (clock app_clock rise edge)
                                                     20.000    20.000 r  <hidden>
                                                      0.000    20.000 r  Clk
                         net (fo=102028, unset)       1.982    21.982    livt_onnx_flant5_flant5application_i/model_instance/weights_instance/fixed_instance/math_instance/primitive_instance/Clk
    SLICE_X32Y12         FDRE                                         r  livt_onnx_flant5_flant5application_i/model_instance/weights_instance/fixed_instance/math_instance/primitive_instance/ctor_result_reg[8]/C
                         clock pessimism              0.096    22.078    <hidden>
                         clock uncertainty           -0.035    22.043    <hidden>
    SLICE_X32Y12         FDRE (Setup_fdre_C_D)        0.029    22.072    livt_onnx_flant5_flant5application_i/model_instance/weights_instance/fixed_instance/math_instance/primitive_instance/ctor_result_reg[8]
  -------------------------------------------------------------------
                         required time                         22.072    <hidden>
                         arrival time                         -22.919    <hidden>
  -------------------------------------------------------------------
                         slack                                 -0.848    <hidden>

Slack (VIOLATED) :        -0.820ns  (required time - arrival time)
  Source:                 livt_onnx_flant5_flant5application_i/model_instance/weights_instance/fixed_instance/math_instance/primitive_instance/ARG__11/CLK
                            (rising edge-triggered cell DSP48E1 clocked by app_clock  {rise@0.000ns fall@10.000ns period=20.000ns})
  Destination:            livt_onnx_flant5_flant5application_i/model_instance/weights_instance/fixed_instance/math_instance/primitive_instance/ctor_result_reg[52]/D
                            (rising edge-triggered cell FDRE clocked by app_clock  {rise@0.000ns fall@10.000ns period=20.000ns})
  Path Group:             app_clock
  Path Type:              Setup (Max at Slow Process Corner)
  Requirement:            20.000ns  (app_clock rise@20.000ns - app_clock rise@0.000ns)
  Data Path Delay:        20.774ns  (logic 14.391ns (69.273%)  route 6.383ns (30.727%))
  Logic Levels:           32  (CARRY4=23 DSP48E1=3 LUT3=1 LUT4=2 LUT5=1 LUT6=2)
  Clock Path Skew:        -0.042ns (DCD - SCD + CPR)
    Destination Clock Delay (DCD):    1.984ns = ( 21.984 - 20.000 ) 
    Source Clock Delay      (SCD):    2.122ns
    Clock Pessimism Removal (CPR):    0.096ns
  Clock Uncertainty:      0.035ns  ((TSJ^2 + TIJ^2)^1/2 + DJ) / 2 + PE
    Total System Jitter     (TSJ):    0.071ns
    Total Input Jitter      (TIJ):    0.000ns
    Discrete Jitter          (DJ):    0.000ns
    Phase Error              (PE):    0.000ns

    Location             Delay type                Incr(ns)  Path(ns)    Netlist Resource(s)
  -------------------------------------------------------------------    -------------------
                         (clock app_clock rise edge)
                                                      0.000     0.000 r  <hidden>
                                                      0.000     0.000 r  Clk
                         net (fo=102028, unset)       2.122     2.122    livt_onnx_flant5_flant5application_i/model_instance/weights_instance/fixed_instance/math_instance/primitive_instance/Clk
    DSP48_X2Y0           DSP48E1                                      r  livt_onnx_flant5_flant5application_i/model_instance/weights_instance/fixed_instance/math_instance/primitive_instance/ARG__11/CLK
  -------------------------------------------------------------------    -------------------
    DSP48_X2Y0           DSP48E1 (Prop_dsp48e1_CLK_PCOUT[47])
                                                      4.206     6.328 r  livt_onnx_flant5_flant5application_i/model_instance/weights_instance/fixed_instance/math_instance/primitive_instance/ARG__11/PCOUT[47]
                         net (fo=1, routed)           0.002     6.330    livt_onnx_flant5_flant5application_i/model_instance/weights_instance/fixed_instance/math_instance/primitive_instance/ARG__11_n_106
    DSP48_X2Y1           DSP48E1 (Prop_dsp48e1_PCIN[47]_PCOUT[47])
                                                      1.713     8.043 r  livt_onnx_flant5_flant5application_i/model_instance/weights_instance/fixed_instance/math_instance/primitive_instance/ARG__12/PCOUT[47]
                         net (fo=1, routed)           0.002     8.045    livt_onnx_flant5_flant5application_i/model_instance/weights_instance/fixed_instance/math_instance/primitive_instance/ARG__12_n_106
    DSP48_X2Y2           DSP48E1 (Prop_dsp48e1_PCIN[47]_PCOUT[47])
                                                      1.713     9.758 r  livt_onnx_flant5_flant5application_i/model_instance/weights_instance/fixed_instance/math_instance/primitive_instance/ARG__13/PCOUT[47]
                         net (fo=1, routed)           0.002     9.760    livt_onnx_flant5_flant5application_i/model_instance/weights_instance/fixed_instance/math_instance/primitive_instance/ARG__13_n_106
    DSP48_X2Y3           DSP48E1 (Prop_dsp48e1_PCIN[47]_P[26])
                                                      1.518    11.278 r  livt_onnx_flant5_flant5application_i/model_instance/weights_instance/fixed_instance/math_instance/primitive_instance/ARG__14/P[26]
                         net (fo=2, routed)           1.265    12.542    livt_onnx_flant5_flant5application_i/model_instance/weights_instance/fixed_instance/math_instance/primitive_instance/p_3_in[60]
    SLICE_X46Y16         LUT3 (Prop_lut3_I1_O)        0.150    12.692 r  livt_onnx_flant5_flant5application_i/model_instance/weights_instance/fixed_instance/math_instance/primitive_instance/ctor_result[62]_i_12/O
                         net (fo=2, routed)           0.816    13.508    livt_onnx_flant5_flant5application_i/model_instance/weights_instance/fixed_instance/math_instance/primitive_instance/ctor_result[62]_i_12_n_0
    SLICE_X46Y17         LUT4 (Prop_lut4_I3_O)        0.355    13.863 r  livt_onnx_flant5_flant5application_i/model_instance/weights_instance/fixed_instance/math_instance/primitive_instance/ctor_result[62]_i_16/O
                         net (fo=1, routed)           0.000    13.863    livt_onnx_flant5_flant5application_i/model_instance/weights_instance/fixed_instance/math_instance/primitive_instance/ctor_result[62]_i_16_n_0
    SLICE_X46Y17         CARRY4 (Prop_carry4_S[0]_CO[3])
                                                      0.513    14.376 r  livt_onnx_flant5_flant5application_i/model_instance/weights_instance/fixed_instance/math_instance/primitive_instance/ctor_result_reg[62]_i_3/CO[3]
                         net (fo=1, routed)           0.000    14.376    livt_onnx_flant5_flant5application_i/model_instance/weights_instance/fixed_instance/math_instance/primitive_instance/ctor_result_reg[62]_i_3_n_0
    SLICE_X46Y18         CARRY4 (Prop_carry4_CI_CO[3])
                                                      0.117    14.493 r  livt_onnx_flant5_flant5application_i/model_instance/weights_instance/fixed_instance/math_instance/primitive_instance/ctor_result_reg[62]_i_130/CO[3]
                         net (fo=1, routed)           0.000    14.493    livt_onnx_flant5_flant5application_i/model_instance/weights_instance/fixed_instance/math_instance/primitive_instance/ctor_result_reg[62]_i_130_n_0
    SLICE_X46Y19         CARRY4 (Prop_carry4_CI_CO[3])
                                                      0.117    14.610 r  livt_onnx_flant5_flant5application_i/model_instance/weights_instance/fixed_instance/math_instance/primitive_instance/ctor_result_reg[62]_i_132/CO[3]
                         net (fo=1, routed)           0.000    14.610    livt_onnx_flant5_flant5application_i/model_instance/weights_instance/fixed_instance/math_instance/primitive_instance/ctor_result_reg[62]_i_132_n_0
    SLICE_X46Y20         CARRY4 (Prop_carry4_CI_CO[3])
                                                      0.117    14.727 r  livt_onnx_flant5_flant5application_i/model_instance/weights_instance/fixed_instance/math_instance/primitive_instance/ctor_result_reg[62]_i_131/CO[3]
                         net (fo=1, routed)           0.000    14.727    livt_onnx_flant5_flant5application_i/model_instance/weights_instance/fixed_instance/math_instance/primitive_instance/ctor_result_reg[62]_i_131_n_0
    SLICE_X46Y21         CARRY4 (Prop_carry4_CI_CO[3])
                                                      0.117    14.844 r  livt_onnx_flant5_flant5application_i/model_instance/weights_instance/fixed_instance/math_instance/primitive_instance/ctor_result_reg[62]_i_105/CO[3]
                         net (fo=1, routed)           0.000    14.844    livt_onnx_flant5_flant5application_i/model_instance/weights_instance/fixed_instance/math_instance/primitive_instance/ctor_result_reg[62]_i_105_n_0
    SLICE_X46Y22         CARRY4 (Prop_carry4_CI_CO[3])
                                                      0.117    14.961 r  livt_onnx_flant5_flant5application_i/model_instance/weights_instance/fixed_instance/math_instance/primitive_instance/ctor_result_reg[62]_i_104/CO[3]
                         net (fo=1, routed)           0.000    14.961    livt_onnx_flant5_flant5application_i/model_instance/weights_instance/fixed_instance/math_instance/primitive_instance/ctor_result_reg[62]_i_104_n_0
    SLICE_X46Y23         CARRY4 (Prop_carry4_CI_CO[3])
                                                      0.117    15.078 r  livt_onnx_flant5_flant5application_i/model_instance/weights_instance/fixed_instance/math_instance/primitive_instance/ctor_result_reg[62]_i_103/CO[3]
                         net (fo=1, routed)           0.000    15.078    livt_onnx_flant5_flant5application_i/model_instance/weights_instance/fixed_instance/math_instance/primitive_instance/ctor_result_reg[62]_i_103_n_0
    SLICE_X46Y24         CARRY4 (Prop_carry4_CI_CO[3])
                                                      0.117    15.195 r  livt_onnx_flant5_flant5application_i/model_instance/weights_instance/fixed_instance/math_instance/primitive_instance/ctor_result_reg[62]_i_73/CO[3]
                         net (fo=1, routed)           0.009    15.204    livt_onnx_flant5_flant5application_i/model_instance/weights_instance/fixed_instance/math_instance/primitive_instance/ctor_result_reg[62]_i_73_n_0
    SLICE_X46Y25         CARRY4 (Prop_carry4_CI_CO[3])
                                                      0.117    15.321 r  livt_onnx_flant5_flant5application_i/model_instance/weights_instance/fixed_instance/math_instance/primitive_instance/ctor_result_reg[62]_i_72/CO[3]
                         net (fo=1, routed)           0.000    15.321    livt_onnx_flant5_flant5application_i/model_instance/weights_instance/fixed_instance/math_instance/primitive_instance/ctor_result_reg[62]_i_72_n_0
    SLICE_X46Y26         CARRY4 (Prop_carry4_CI_CO[3])
                                                      0.117    15.438 r  livt_onnx_flant5_flant5application_i/model_instance/weights_instance/fixed_instance/math_instance/primitive_instance/ctor_result_reg[62]_i_71/CO[3]
                         net (fo=1, routed)           0.000    15.438    livt_onnx_flant5_flant5application_i/model_instance/weights_instance/fixed_instance/math_instance/primitive_instance/ctor_result_reg[62]_i_71_n_0
    SLICE_X46Y27         CARRY4 (Prop_carry4_CI_CO[3])
                                                      0.117    15.555 r  livt_onnx_flant5_flant5application_i/model_instance/weights_instance/fixed_instance/math_instance/primitive_instance/ctor_result_reg[62]_i_49/CO[3]
                         net (fo=1, routed)           0.000    15.555    livt_onnx_flant5_flant5application_i/model_instance/weights_instance/fixed_instance/math_instance/primitive_instance/ctor_result_reg[62]_i_49_n_0
    SLICE_X46Y28         CARRY4 (Prop_carry4_CI_CO[3])
                                                      0.117    15.672 r  livt_onnx_flant5_flant5application_i/model_instance/weights_instance/fixed_instance/math_instance/primitive_instance/ctor_result_reg[62]_i_48/CO[3]
                         net (fo=1, routed)           0.000    15.672    livt_onnx_flant5_flant5application_i/model_instance/weights_instance/fixed_instance/math_instance/primitive_instance/ctor_result_reg[62]_i_48_n_0
    SLICE_X46Y29         CARRY4 (Prop_carry4_CI_CO[3])
                                                      0.117    15.789 r  livt_onnx_flant5_flant5application_i/model_instance/weights_instance/fixed_instance/math_instance/primitive_instance/ctor_result_reg[62]_i_47/CO[3]
                         net (fo=1, routed)           0.000    15.789    livt_onnx_flant5_flant5application_i/model_instance/weights_instance/fixed_instance/math_instance/primitive_instance/ctor_result_reg[62]_i_47_n_0
    SLICE_X46Y30         CARRY4 (Prop_carry4_CI_CO[3])
                                                      0.117    15.906 r  livt_onnx_flant5_flant5application_i/model_instance/weights_instance/fixed_instance/math_instance/primitive_instance/ctor_result_reg[62]_i_38/CO[3]
                         net (fo=1, routed)           0.000    15.906    livt_onnx_flant5_flant5application_i/model_instance/weights_instance/fixed_instance/math_instance/primitive_instance/ctor_result_reg[62]_i_38_n_0
    SLICE_X46Y31         CARRY4 (Prop_carry4_CI_CO[3])
                                                      0.117    16.023 r  livt_onnx_flant5_flant5application_i/model_instance/weights_instance/fixed_instance/math_instance/primitive_instance/ctor_result_reg[62]_i_37/CO[3]
                         net (fo=1, routed)           0.000    16.023    livt_onnx_flant5_flant5application_i/model_instance/weights_instance/fixed_instance/math_instance/primitive_instance/ctor_result_reg[62]_i_37_n_0
    SLICE_X46Y32         CARRY4 (Prop_carry4_CI_CO[3])
                                                      0.117    16.140 r  livt_onnx_flant5_flant5application_i/model_instance/weights_instance/fixed_instance/math_instance/primitive_instance/ctor_result_reg[62]_i_36/CO[3]
                         net (fo=1, routed)           0.000    16.140    livt_onnx_flant5_flant5application_i/model_instance/weights_instance/fixed_instance/math_instance/primitive_instance/ctor_result_reg[62]_i_36_n_0
    SLICE_X46Y33         CARRY4 (Prop_carry4_CI_O[2])
                                                      0.239    16.379 r  livt_onnx_flant5_flant5application_i/model_instance/weights_instance/fixed_instance/math_instance/primitive_instance/ctor_result_reg[62]_i_30/O[2]
                         net (fo=22, routed)          0.924    17.303    livt_onnx_flant5_flant5application_i/model_instance/weights_instance/fixed_instance/math_instance/primitive_instance/RESIZE[63]
    SLICE_X47Y22         LUT4 (Prop_lut4_I1_O)        0.301    17.604 r  livt_onnx_flant5_flant5application_i/model_instance/weights_instance/fixed_instance/math_instance/primitive_instance/ctor_result[62]_i_98/O
                         net (fo=1, routed)           0.330    17.934    livt_onnx_flant5_flant5application_i/model_instance/weights_instance/fixed_instance/math_instance/primitive_instance/ctor_result[62]_i_98_n_0
    SLICE_X47Y23         CARRY4 (Prop_carry4_CYINIT_CO[3])
                                                      0.580    18.514 r  livt_onnx_flant5_flant5application_i/model_instance/weights_instance/fixed_instance/math_instance/primitive_instance/ctor_result_reg[62]_i_66/CO[3]
                         net (fo=1, routed)           0.000    18.514    livt_onnx_flant5_flant5application_i/model_instance/weights_instance/fixed_instance/math_instance/primitive_instance/ctor_result_reg[62]_i_66_n_0
    SLICE_X47Y24         CARRY4 (Prop_carry4_CI_CO[3])
                                                      0.114    18.628 r  livt_onnx_flant5_flant5application_i/model_instance/weights_instance/fixed_instance/math_instance/primitive_instance/ctor_result_reg[62]_i_42/CO[3]
                         net (fo=1, routed)           0.009    18.637    livt_onnx_flant5_flant5application_i/model_instance/weights_instance/fixed_instance/math_instance/primitive_instance/ctor_result_reg[62]_i_42_n_0
    SLICE_X47Y25         CARRY4 (Prop_carry4_CI_CO[3])
                                                      0.114    18.751 r  livt_onnx_flant5_flant5application_i/model_instance/weights_instance/fixed_instance/math_instance/primitive_instance/ctor_result_reg[62]_i_31/CO[3]
                         net (fo=1, routed)           0.000    18.751    livt_onnx_flant5_flant5application_i/model_instance/weights_instance/fixed_instance/math_instance/primitive_instance/ctor_result_reg[62]_i_31_n_0
    SLICE_X47Y26         CARRY4 (Prop_carry4_CI_CO[3])
                                                      0.114    18.865 r  livt_onnx_flant5_flant5application_i/model_instance/weights_instance/fixed_instance/math_instance/primitive_instance/ctor_result_reg[62]_i_25/CO[3]
                         net (fo=1, routed)           0.000    18.865    livt_onnx_flant5_flant5application_i/model_instance/weights_instance/fixed_instance/math_instance/primitive_instance/ctor_result_reg[62]_i_25_n_0
    SLICE_X47Y27         CARRY4 (Prop_carry4_CI_CO[3])
                                                      0.114    18.979 r  livt_onnx_flant5_flant5application_i/model_instance/weights_instance/fixed_instance/math_instance/primitive_instance/ctor_result_reg[62]_i_23/CO[3]
                         net (fo=1, routed)           0.000    18.979    livt_onnx_flant5_flant5application_i/model_instance/weights_instance/fixed_instance/math_instance/primitive_instance/ctor_result_reg[62]_i_23_n_0
    SLICE_X47Y28         CARRY4 (Prop_carry4_CI_CO[0])
                                                      0.271    19.250 f  livt_onnx_flant5_flant5application_i/model_instance/weights_instance/fixed_instance/math_instance/primitive_instance/ctor_result_reg[62]_i_8/CO[0]
                         net (fo=1, routed)           0.772    20.021    livt_onnx_flant5_flant5application_i/model_instance/weights_instance/fixed_instance/math_instance/primitive_instance/data0
    SLICE_X41Y24         LUT6 (Prop_lut6_I4_O)        0.373    20.394 f  livt_onnx_flant5_flant5application_i/model_instance/weights_instance/fixed_instance/math_instance/primitive_instance/ctor_result[62]_i_2/O
                         net (fo=64, routed)          1.279    21.673    livt_onnx_flant5_flant5application_i/model_instance/weights_instance/fixed_instance/math_instance/primitive_instance/ctor_result[62]_i_2_n_0
    SLICE_X33Y24         LUT5 (Prop_lut5_I2_O)        0.124    21.797 r  livt_onnx_flant5_flant5application_i/model_instance/weights_instance/fixed_instance/math_instance/primitive_instance/ctor_result[52]_i_2/O
                         net (fo=1, routed)           0.975    22.772    livt_onnx_flant5_flant5application_i/model_instance/weights_instance/fixed_instance/math_instance/primitive_instance/ctor_result[52]_i_2_n_0
    SLICE_X25Y14         LUT6 (Prop_lut6_I0_O)        0.124    22.896 r  livt_onnx_flant5_flant5application_i/model_instance/weights_instance/fixed_instance/math_instance/primitive_instance/ctor_result[52]_i_1/O
                         net (fo=1, routed)           0.000    22.896    livt_onnx_flant5_flant5application_i/model_instance/weights_instance/fixed_instance/math_instance/primitive_instance/ctor_result[52]_i_1_n_0
    SLICE_X25Y14         FDRE                                         r  livt_onnx_flant5_flant5application_i/model_instance/weights_instance/fixed_instance/math_instance/primitive_instance/ctor_result_reg[52]/D
  -------------------------------------------------------------------    -------------------

                         (clock app_clock rise edge)
                                                     20.000    20.000 r  <hidden>
                                                      0.000    20.000 r  Clk
                         net (fo=102028, unset)       1.984    21.984    livt_onnx_flant5_flant5application_i/model_instance/weights_instance/fixed_instance/math_instance/primitive_instance/Clk
    SLICE_X25Y14         FDRE                                         r  livt_onnx_flant5_flant5application_i/model_instance/weights_instance/fixed_instance/math_instance/primitive_instance/ctor_result_reg[52]/C
                         clock pessimism              0.096    22.080    <hidden>
                         clock uncertainty           -0.035    22.045    <hidden>
    SLICE_X25Y14         FDRE (Setup_fdre_C_D)        0.031    22.076    livt_onnx_flant5_flant5application_i/model_instance/weights_instance/fixed_instance/math_instance/primitive_instance/ctor_result_reg[52]
  -------------------------------------------------------------------
                         required time                         22.076    <hidden>
                         arrival time                         -22.896    <hidden>
  -------------------------------------------------------------------
                         slack                                 -0.820    <hidden>

Slack (VIOLATED) :        -0.810ns  (required time - arrival time)
  Source:                 livt_onnx_flant5_flant5application_i/model_instance/weights_instance/fixed_instance/math_instance/primitive_instance/ARG__11/CLK
                            (rising edge-triggered cell DSP48E1 clocked by app_clock  {rise@0.000ns fall@10.000ns period=20.000ns})
  Destination:            livt_onnx_flant5_flant5application_i/model_instance/weights_instance/fixed_instance/math_instance/primitive_instance/ctor_result_reg[6]/D
                            (rising edge-triggered cell FDRE clocked by app_clock  {rise@0.000ns fall@10.000ns period=20.000ns})
  Path Group:             app_clock
  Path Type:              Setup (Max at Slow Process Corner)
  Requirement:            20.000ns  (app_clock rise@20.000ns - app_clock rise@0.000ns)
  Data Path Delay:        20.763ns  (logic 14.391ns (69.311%)  route 6.372ns (30.689%))
  Logic Levels:           32  (CARRY4=23 DSP48E1=3 LUT3=1 LUT4=2 LUT6=3)
  Clock Path Skew:        -0.043ns (DCD - SCD + CPR)
    Destination Clock Delay (DCD):    1.983ns = ( 21.983 - 20.000 ) 
    Source Clock Delay      (SCD):    2.122ns
    Clock Pessimism Removal (CPR):    0.096ns
  Clock Uncertainty:      0.035ns  ((TSJ^2 + TIJ^2)^1/2 + DJ) / 2 + PE
    Total System Jitter     (TSJ):    0.071ns
    Total Input Jitter      (TIJ):    0.000ns
    Discrete Jitter          (DJ):    0.000ns
    Phase Error              (PE):    0.000ns

    Location             Delay type                Incr(ns)  Path(ns)    Netlist Resource(s)
  -------------------------------------------------------------------    -------------------
                         (clock app_clock rise edge)
                                                      0.000     0.000 r  <hidden>
                                                      0.000     0.000 r  Clk
                         net (fo=102028, unset)       2.122     2.122    livt_onnx_flant5_flant5application_i/model_instance/weights_instance/fixed_instance/math_instance/primitive_instance/Clk
    DSP48_X2Y0           DSP48E1                                      r  livt_onnx_flant5_flant5application_i/model_instance/weights_instance/fixed_instance/math_instance/primitive_instance/ARG__11/CLK
  -------------------------------------------------------------------    -------------------
    DSP48_X2Y0           DSP48E1 (Prop_dsp48e1_CLK_PCOUT[47])
                                                      4.206     6.328 r  livt_onnx_flant5_flant5application_i/model_instance/weights_instance/fixed_instance/math_instance/primitive_instance/ARG__11/PCOUT[47]
                         net (fo=1, routed)           0.002     6.330    livt_onnx_flant5_flant5application_i/model_instance/weights_instance/fixed_instance/math_instance/primitive_instance/ARG__11_n_106
    DSP48_X2Y1           DSP48E1 (Prop_dsp48e1_PCIN[47]_PCOUT[47])
                                                      1.713     8.043 r  livt_onnx_flant5_flant5application_i/model_instance/weights_instance/fixed_instance/math_instance/primitive_instance/ARG__12/PCOUT[47]
                         net (fo=1, routed)           0.002     8.045    livt_onnx_flant5_flant5application_i/model_instance/weights_instance/fixed_instance/math_instance/primitive_instance/ARG__12_n_106
    DSP48_X2Y2           DSP48E1 (Prop_dsp48e1_PCIN[47]_PCOUT[47])
                                                      1.713     9.758 r  livt_onnx_flant5_flant5application_i/model_instance/weights_instance/fixed_instance/math_instance/primitive_instance/ARG__13/PCOUT[47]
                         net (fo=1, routed)           0.002     9.760    livt_onnx_flant5_flant5application_i/model_instance/weights_instance/fixed_instance/math_instance/primitive_instance/ARG__13_n_106
    DSP48_X2Y3           DSP48E1 (Prop_dsp48e1_PCIN[47]_P[26])
                                                      1.518    11.278 r  livt_onnx_flant5_flant5application_i/model_instance/weights_instance/fixed_instance/math_instance/primitive_instance/ARG__14/P[26]
                         net (fo=2, routed)           1.265    12.542    livt_onnx_flant5_flant5application_i/model_instance/weights_instance/fixed_instance/math_instance/primitive_instance/p_3_in[60]
    SLICE_X46Y16         LUT3 (Prop_lut3_I1_O)        0.150    12.692 r  livt_onnx_flant5_flant5application_i/model_instance/weights_instance/fixed_instance/math_instance/primitive_instance/ctor_result[62]_i_12/O
                         net (fo=2, routed)           0.816    13.508    livt_onnx_flant5_flant5application_i/model_instance/weights_instance/fixed_instance/math_instance/primitive_instance/ctor_result[62]_i_12_n_0
    SLICE_X46Y17         LUT4 (Prop_lut4_I3_O)        0.355    13.863 r  livt_onnx_flant5_flant5application_i/model_instance/weights_instance/fixed_instance/math_instance/primitive_instance/ctor_result[62]_i_16/O
                         net (fo=1, routed)           0.000    13.863    livt_onnx_flant5_flant5application_i/model_instance/weights_instance/fixed_instance/math_instance/primitive_instance/ctor_result[62]_i_16_n_0
    SLICE_X46Y17         CARRY4 (Prop_carry4_S[0]_CO[3])
                                                      0.513    14.376 r  livt_onnx_flant5_flant5application_i/model_instance/weights_instance/fixed_instance/math_instance/primitive_instance/ctor_result_reg[62]_i_3/CO[3]
                         net (fo=1, routed)           0.000    14.376    livt_onnx_flant5_flant5application_i/model_instance/weights_instance/fixed_instance/math_instance/primitive_instance/ctor_result_reg[62]_i_3_n_0
    SLICE_X46Y18         CARRY4 (Prop_carry4_CI_CO[3])
                                                      0.117    14.493 r  livt_onnx_flant5_flant5application_i/model_instance/weights_instance/fixed_instance/math_instance/primitive_instance/ctor_result_reg[62]_i_130/CO[3]
                         net (fo=1, routed)           0.000    14.493    livt_onnx_flant5_flant5application_i/model_instance/weights_instance/fixed_instance/math_instance/primitive_instance/ctor_result_reg[62]_i_130_n_0
    SLICE_X46Y19         CARRY4 (Prop_carry4_CI_CO[3])
                                                      0.117    14.610 r  livt_onnx_flant5_flant5application_i/model_instance/weights_instance/fixed_instance/math_instance/primitive_instance/ctor_result_reg[62]_i_132/CO[3]
                         net (fo=1, routed)           0.000    14.610    livt_onnx_flant5_flant5application_i/model_instance/weights_instance/fixed_instance/math_instance/primitive_instance/ctor_result_reg[62]_i_132_n_0
    SLICE_X46Y20         CARRY4 (Prop_carry4_CI_CO[3])
                                                      0.117    14.727 r  livt_onnx_flant5_flant5application_i/model_instance/weights_instance/fixed_instance/math_instance/primitive_instance/ctor_result_reg[62]_i_131/CO[3]
                         net (fo=1, routed)           0.000    14.727    livt_onnx_flant5_flant5application_i/model_instance/weights_instance/fixed_instance/math_instance/primitive_instance/ctor_result_reg[62]_i_131_n_0
    SLICE_X46Y21         CARRY4 (Prop_carry4_CI_CO[3])
                                                      0.117    14.844 r  livt_onnx_flant5_flant5application_i/model_instance/weights_instance/fixed_instance/math_instance/primitive_instance/ctor_result_reg[62]_i_105/CO[3]
                         net (fo=1, routed)           0.000    14.844    livt_onnx_flant5_flant5application_i/model_instance/weights_instance/fixed_instance/math_instance/primitive_instance/ctor_result_reg[62]_i_105_n_0
    SLICE_X46Y22         CARRY4 (Prop_carry4_CI_CO[3])
                                                      0.117    14.961 r  livt_onnx_flant5_flant5application_i/model_instance/weights_instance/fixed_instance/math_instance/primitive_instance/ctor_result_reg[62]_i_104/CO[3]
                         net (fo=1, routed)           0.000    14.961    livt_onnx_flant5_flant5application_i/model_instance/weights_instance/fixed_instance/math_instance/primitive_instance/ctor_result_reg[62]_i_104_n_0
    SLICE_X46Y23         CARRY4 (Prop_carry4_CI_CO[3])
                                                      0.117    15.078 r  livt_onnx_flant5_flant5application_i/model_instance/weights_instance/fixed_instance/math_instance/primitive_instance/ctor_result_reg[62]_i_103/CO[3]
                         net (fo=1, routed)           0.000    15.078    livt_onnx_flant5_flant5application_i/model_instance/weights_instance/fixed_instance/math_instance/primitive_instance/ctor_result_reg[62]_i_103_n_0
    SLICE_X46Y24         CARRY4 (Prop_carry4_CI_CO[3])
                                                      0.117    15.195 r  livt_onnx_flant5_flant5application_i/model_instance/weights_instance/fixed_instance/math_instance/primitive_instance/ctor_result_reg[62]_i_73/CO[3]
                         net (fo=1, routed)           0.009    15.204    livt_onnx_flant5_flant5application_i/model_instance/weights_instance/fixed_instance/math_instance/primitive_instance/ctor_result_reg[62]_i_73_n_0
    SLICE_X46Y25         CARRY4 (Prop_carry4_CI_CO[3])
                                                      0.117    15.321 r  livt_onnx_flant5_flant5application_i/model_instance/weights_instance/fixed_instance/math_instance/primitive_instance/ctor_result_reg[62]_i_72/CO[3]
                         net (fo=1, routed)           0.000    15.321    livt_onnx_flant5_flant5application_i/model_instance/weights_instance/fixed_instance/math_instance/primitive_instance/ctor_result_reg[62]_i_72_n_0
    SLICE_X46Y26         CARRY4 (Prop_carry4_CI_CO[3])
                                                      0.117    15.438 r  livt_onnx_flant5_flant5application_i/model_instance/weights_instance/fixed_instance/math_instance/primitive_instance/ctor_result_reg[62]_i_71/CO[3]
                         net (fo=1, routed)           0.000    15.438    livt_onnx_flant5_flant5application_i/model_instance/weights_instance/fixed_instance/math_instance/primitive_instance/ctor_result_reg[62]_i_71_n_0
    SLICE_X46Y27         CARRY4 (Prop_carry4_CI_CO[3])
                                                      0.117    15.555 r  livt_onnx_flant5_flant5application_i/model_instance/weights_instance/fixed_instance/math_instance/primitive_instance/ctor_result_reg[62]_i_49/CO[3]
                         net (fo=1, routed)           0.000    15.555    livt_onnx_flant5_flant5application_i/model_instance/weights_instance/fixed_instance/math_instance/primitive_instance/ctor_result_reg[62]_i_49_n_0
    SLICE_X46Y28         CARRY4 (Prop_carry4_CI_CO[3])
                                                      0.117    15.672 r  livt_onnx_flant5_flant5application_i/model_instance/weights_instance/fixed_instance/math_instance/primitive_instance/ctor_result_reg[62]_i_48/CO[3]
                         net (fo=1, routed)           0.000    15.672    livt_onnx_flant5_flant5application_i/model_instance/weights_instance/fixed_instance/math_instance/primitive_instance/ctor_result_reg[62]_i_48_n_0
    SLICE_X46Y29         CARRY4 (Prop_carry4_CI_CO[3])
                                                      0.117    15.789 r  livt_onnx_flant5_flant5application_i/model_instance/weights_instance/fixed_instance/math_instance/primitive_instance/ctor_result_reg[62]_i_47/CO[3]
                         net (fo=1, routed)           0.000    15.789    livt_onnx_flant5_flant5application_i/model_instance/weights_instance/fixed_instance/math_instance/primitive_instance/ctor_result_reg[62]_i_47_n_0
    SLICE_X46Y30         CARRY4 (Prop_carry4_CI_CO[3])
                                                      0.117    15.906 r  livt_onnx_flant5_flant5application_i/model_instance/weights_instance/fixed_instance/math_instance/primitive_instance/ctor_result_reg[62]_i_38/CO[3]
                         net (fo=1, routed)           0.000    15.906    livt_onnx_flant5_flant5application_i/model_instance/weights_instance/fixed_instance/math_instance/primitive_instance/ctor_result_reg[62]_i_38_n_0
    SLICE_X46Y31         CARRY4 (Prop_carry4_CI_CO[3])
                                                      0.117    16.023 r  livt_onnx_flant5_flant5application_i/model_instance/weights_instance/fixed_instance/math_instance/primitive_instance/ctor_result_reg[62]_i_37/CO[3]
                         net (fo=1, routed)           0.000    16.023    livt_onnx_flant5_flant5application_i/model_instance/weights_instance/fixed_instance/math_instance/primitive_instance/ctor_result_reg[62]_i_37_n_0
    SLICE_X46Y32         CARRY4 (Prop_carry4_CI_CO[3])
                                                      0.117    16.140 r  livt_onnx_flant5_flant5application_i/model_instance/weights_instance/fixed_instance/math_instance/primitive_instance/ctor_result_reg[62]_i_36/CO[3]
                         net (fo=1, routed)           0.000    16.140    livt_onnx_flant5_flant5application_i/model_instance/weights_instance/fixed_instance/math_instance/primitive_instance/ctor_result_reg[62]_i_36_n_0
    SLICE_X46Y33         CARRY4 (Prop_carry4_CI_O[2])
                                                      0.239    16.379 r  livt_onnx_flant5_flant5application_i/model_instance/weights_instance/fixed_instance/math_instance/primitive_instance/ctor_result_reg[62]_i_30/O[2]
                         net (fo=22, routed)          0.924    17.303    livt_onnx_flant5_flant5application_i/model_instance/weights_instance/fixed_instance/math_instance/primitive_instance/RESIZE[63]
    SLICE_X47Y22         LUT4 (Prop_lut4_I1_O)        0.301    17.604 r  livt_onnx_flant5_flant5application_i/model_instance/weights_instance/fixed_instance/math_instance/primitive_instance/ctor_result[62]_i_98/O
                         net (fo=1, routed)           0.330    17.934    livt_onnx_flant5_flant5application_i/model_instance/weights_instance/fixed_instance/math_instance/primitive_instance/ctor_result[62]_i_98_n_0
    SLICE_X47Y23         CARRY4 (Prop_carry4_CYINIT_CO[3])
                                                      0.580    18.514 r  livt_onnx_flant5_flant5application_i/model_instance/weights_instance/fixed_instance/math_instance/primitive_instance/ctor_result_reg[62]_i_66/CO[3]
                         net (fo=1, routed)           0.000    18.514    livt_onnx_flant5_flant5application_i/model_instance/weights_instance/fixed_instance/math_instance/primitive_instance/ctor_result_reg[62]_i_66_n_0
    SLICE_X47Y24         CARRY4 (Prop_carry4_CI_CO[3])
                                                      0.114    18.628 r  livt_onnx_flant5_flant5application_i/model_instance/weights_instance/fixed_instance/math_instance/primitive_instance/ctor_result_reg[62]_i_42/CO[3]
                         net (fo=1, routed)           0.009    18.637    livt_onnx_flant5_flant5application_i/model_instance/weights_instance/fixed_instance/math_instance/primitive_instance/ctor_result_reg[62]_i_42_n_0
    SLICE_X47Y25         CARRY4 (Prop_carry4_CI_CO[3])
                                                      0.114    18.751 r  livt_onnx_flant5_flant5application_i/model_instance/weights_instance/fixed_instance/math_instance/primitive_instance/ctor_result_reg[62]_i_31/CO[3]
                         net (fo=1, routed)           0.000    18.751    livt_onnx_flant5_flant5application_i/model_instance/weights_instance/fixed_instance/math_instance/primitive_instance/ctor_result_reg[62]_i_31_n_0
    SLICE_X47Y26         CARRY4 (Prop_carry4_CI_CO[3])
                                                      0.114    18.865 r  livt_onnx_flant5_flant5application_i/model_instance/weights_instance/fixed_instance/math_instance/primitive_instance/ctor_result_reg[62]_i_25/CO[3]
                         net (fo=1, routed)           0.000    18.865    livt_onnx_flant5_flant5application_i/model_instance/weights_instance/fixed_instance/math_instance/primitive_instance/ctor_result_reg[62]_i_25_n_0
    SLICE_X47Y27         CARRY4 (Prop_carry4_CI_CO[3])
                                                      0.114    18.979 r  livt_onnx_flant5_flant5application_i/model_instance/weights_instance/fixed_instance/math_instance/primitive_instance/ctor_result_reg[62]_i_23/CO[3]
                         net (fo=1, routed)           0.000    18.979    livt_onnx_flant5_flant5application_i/model_instance/weights_instance/fixed_instance/math_instance/primitive_instance/ctor_result_reg[62]_i_23_n_0
    SLICE_X47Y28         CARRY4 (Prop_carry4_CI_CO[0])
                                                      0.271    19.250 f  livt_onnx_flant5_flant5application_i/model_instance/weights_instance/fixed_instance/math_instance/primitive_instance/ctor_result_reg[62]_i_8/CO[0]
                         net (fo=1, routed)           0.772    20.021    livt_onnx_flant5_flant5application_i/model_instance/weights_instance/fixed_instance/math_instance/primitive_instance/data0
    SLICE_X41Y24         LUT6 (Prop_lut6_I4_O)        0.373    20.394 f  livt_onnx_flant5_flant5application_i/model_instance/weights_instance/fixed_instance/math_instance/primitive_instance/ctor_result[62]_i_2/O
                         net (fo=64, routed)          1.525    21.919    livt_onnx_flant5_flant5application_i/model_instance/weights_instance/fixed_instance/math_instance/primitive_instance/ctor_result[62]_i_2_n_0
    SLICE_X32Y12         LUT6 (Prop_lut6_I2_O)        0.124    22.043 r  livt_onnx_flant5_flant5application_i/model_instance/weights_instance/fixed_instance/math_instance/primitive_instance/ctor_result[6]_i_2/O
                         net (fo=1, routed)           0.717    22.761    livt_onnx_flant5_flant5application_i/model_instance/weights_instance/fixed_instance/math_instance/primitive_instance/ctor_result[6]_i_2_n_0
    SLICE_X31Y12         LUT6 (Prop_lut6_I4_O)        0.124    22.885 r  livt_onnx_flant5_flant5application_i/model_instance/weights_instance/fixed_instance/math_instance/primitive_instance/ctor_result[6]_i_1/O
                         net (fo=1, routed)           0.000    22.885    livt_onnx_flant5_flant5application_i/model_instance/weights_instance/fixed_instance/math_instance/primitive_instance/ctor_result[6]_i_1_n_0
    SLICE_X31Y12         FDRE                                         r  livt_onnx_flant5_flant5application_i/model_instance/weights_instance/fixed_instance/math_instance/primitive_instance/ctor_result_reg[6]/D
  -------------------------------------------------------------------    -------------------

                         (clock app_clock rise edge)
                                                     20.000    20.000 r  <hidden>
                                                      0.000    20.000 r  Clk
                         net (fo=102028, unset)       1.983    21.983    livt_onnx_flant5_flant5application_i/model_instance/weights_instance/fixed_instance/math_instance/primitive_instance/Clk
    SLICE_X31Y12         FDRE                                         r  livt_onnx_flant5_flant5application_i/model_instance/weights_instance/fixed_instance/math_instance/primitive_instance/ctor_result_reg[6]/C
                         clock pessimism              0.096    22.079    <hidden>
                         clock uncertainty           -0.035    22.044    <hidden>
    SLICE_X31Y12         FDRE (Setup_fdre_C_D)        0.031    22.075    livt_onnx_flant5_flant5application_i/model_instance/weights_instance/fixed_instance/math_instance/primitive_instance/ctor_result_reg[6]
  -------------------------------------------------------------------
                         required time                         22.075    <hidden>
                         arrival time                         -22.885    <hidden>
  -------------------------------------------------------------------
                         slack                                 -0.810    <hidden>

Slack (VIOLATED) :        -0.806ns  (required time - arrival time)
  Source:                 livt_onnx_flant5_flant5application_i/model_instance/weights_instance/fixed_instance/math_instance/primitive_instance/ARG__11/CLK
                            (rising edge-triggered cell DSP48E1 clocked by app_clock  {rise@0.000ns fall@10.000ns period=20.000ns})
  Destination:            livt_onnx_flant5_flant5application_i/model_instance/weights_instance/fixed_instance/math_instance/primitive_instance/ctor_result_reg[0]/D
                            (rising edge-triggered cell FDRE clocked by app_clock  {rise@0.000ns fall@10.000ns period=20.000ns})
  Path Group:             app_clock
  Path Type:              Setup (Max at Slow Process Corner)
  Requirement:            20.000ns  (app_clock rise@20.000ns - app_clock rise@0.000ns)
  Data Path Delay:        20.759ns  (logic 14.391ns (69.324%)  route 6.368ns (30.676%))
  Logic Levels:           32  (CARRY4=23 DSP48E1=3 LUT3=1 LUT4=3 LUT6=2)
  Clock Path Skew:        -0.043ns (DCD - SCD + CPR)
    Destination Clock Delay (DCD):    1.983ns = ( 21.983 - 20.000 ) 
    Source Clock Delay      (SCD):    2.122ns
    Clock Pessimism Removal (CPR):    0.096ns
  Clock Uncertainty:      0.035ns  ((TSJ^2 + TIJ^2)^1/2 + DJ) / 2 + PE
    Total System Jitter     (TSJ):    0.071ns
    Total Input Jitter      (TIJ):    0.000ns
    Discrete Jitter          (DJ):    0.000ns
    Phase Error              (PE):    0.000ns

    Location             Delay type                Incr(ns)  Path(ns)    Netlist Resource(s)
  -------------------------------------------------------------------    -------------------
                         (clock app_clock rise edge)
                                                      0.000     0.000 r  <hidden>
                                                      0.000     0.000 r  Clk
                         net (fo=102028, unset)       2.122     2.122    livt_onnx_flant5_flant5application_i/model_instance/weights_instance/fixed_instance/math_instance/primitive_instance/Clk
    DSP48_X2Y0           DSP48E1                                      r  livt_onnx_flant5_flant5application_i/model_instance/weights_instance/fixed_instance/math_instance/primitive_instance/ARG__11/CLK
  -------------------------------------------------------------------    -------------------
    DSP48_X2Y0           DSP48E1 (Prop_dsp48e1_CLK_PCOUT[47])
                                                      4.206     6.328 r  livt_onnx_flant5_flant5application_i/model_instance/weights_instance/fixed_instance/math_instance/primitive_instance/ARG__11/PCOUT[47]
                         net (fo=1, routed)           0.002     6.330    livt_onnx_flant5_flant5application_i/model_instance/weights_instance/fixed_instance/math_instance/primitive_instance/ARG__11_n_106
    DSP48_X2Y1           DSP48E1 (Prop_dsp48e1_PCIN[47]_PCOUT[47])
                                                      1.713     8.043 r  livt_onnx_flant5_flant5application_i/model_instance/weights_instance/fixed_instance/math_instance/primitive_instance/ARG__12/PCOUT[47]
                         net (fo=1, routed)           0.002     8.045    livt_onnx_flant5_flant5application_i/model_instance/weights_instance/fixed_instance/math_instance/primitive_instance/ARG__12_n_106
    DSP48_X2Y2           DSP48E1 (Prop_dsp48e1_PCIN[47]_PCOUT[47])
                                                      1.713     9.758 r  livt_onnx_flant5_flant5application_i/model_instance/weights_instance/fixed_instance/math_instance/primitive_instance/ARG__13/PCOUT[47]
                         net (fo=1, routed)           0.002     9.760    livt_onnx_flant5_flant5application_i/model_instance/weights_instance/fixed_instance/math_instance/primitive_instance/ARG__13_n_106
    DSP48_X2Y3           DSP48E1 (Prop_dsp48e1_PCIN[47]_P[26])
                                                      1.518    11.278 r  livt_onnx_flant5_flant5application_i/model_instance/weights_instance/fixed_instance/math_instance/primitive_instance/ARG__14/P[26]
                         net (fo=2, routed)           1.265    12.542    livt_onnx_flant5_flant5application_i/model_instance/weights_instance/fixed_instance/math_instance/primitive_instance/p_3_in[60]
    SLICE_X46Y16         LUT3 (Prop_lut3_I1_O)        0.150    12.692 r  livt_onnx_flant5_flant5application_i/model_instance/weights_instance/fixed_instance/math_instance/primitive_instance/ctor_result[62]_i_12/O
                         net (fo=2, routed)           0.816    13.508    livt_onnx_flant5_flant5application_i/model_instance/weights_instance/fixed_instance/math_instance/primitive_instance/ctor_result[62]_i_12_n_0
    SLICE_X46Y17         LUT4 (Prop_lut4_I3_O)        0.355    13.863 r  livt_onnx_flant5_flant5application_i/model_instance/weights_instance/fixed_instance/math_instance/primitive_instance/ctor_result[62]_i_16/O
                         net (fo=1, routed)           0.000    13.863    livt_onnx_flant5_flant5application_i/model_instance/weights_instance/fixed_instance/math_instance/primitive_instance/ctor_result[62]_i_16_n_0
    SLICE_X46Y17         CARRY4 (Prop_carry4_S[0]_CO[3])
                                                      0.513    14.376 r  livt_onnx_flant5_flant5application_i/model_instance/weights_instance/fixed_instance/math_instance/primitive_instance/ctor_result_reg[62]_i_3/CO[3]
                         net (fo=1, routed)           0.000    14.376    livt_onnx_flant5_flant5application_i/model_instance/weights_instance/fixed_instance/math_instance/primitive_instance/ctor_result_reg[62]_i_3_n_0
    SLICE_X46Y18         CARRY4 (Prop_carry4_CI_CO[3])
                                                      0.117    14.493 r  livt_onnx_flant5_flant5application_i/model_instance/weights_instance/fixed_instance/math_instance/primitive_instance/ctor_result_reg[62]_i_130/CO[3]
                         net (fo=1, routed)           0.000    14.493    livt_onnx_flant5_flant5application_i/model_instance/weights_instance/fixed_instance/math_instance/primitive_instance/ctor_result_reg[62]_i_130_n_0
    SLICE_X46Y19         CARRY4 (Prop_carry4_CI_CO[3])
                                                      0.117    14.610 r  livt_onnx_flant5_flant5application_i/model_instance/weights_instance/fixed_instance/math_instance/primitive_instance/ctor_result_reg[62]_i_132/CO[3]
                         net (fo=1, routed)           0.000    14.610    livt_onnx_flant5_flant5application_i/model_instance/weights_instance/fixed_instance/math_instance/primitive_instance/ctor_result_reg[62]_i_132_n_0
    SLICE_X46Y20         CARRY4 (Prop_carry4_CI_CO[3])
                                                      0.117    14.727 r  livt_onnx_flant5_flant5application_i/model_instance/weights_instance/fixed_instance/math_instance/primitive_instance/ctor_result_reg[62]_i_131/CO[3]
                         net (fo=1, routed)           0.000    14.727    livt_onnx_flant5_flant5application_i/model_instance/weights_instance/fixed_instance/math_instance/primitive_instance/ctor_result_reg[62]_i_131_n_0
    SLICE_X46Y21         CARRY4 (Prop_carry4_CI_CO[3])
                                                      0.117    14.844 r  livt_onnx_flant5_flant5application_i/model_instance/weights_instance/fixed_instance/math_instance/primitive_instance/ctor_result_reg[62]_i_105/CO[3]
                         net (fo=1, routed)           0.000    14.844    livt_onnx_flant5_flant5application_i/model_instance/weights_instance/fixed_instance/math_instance/primitive_instance/ctor_result_reg[62]_i_105_n_0
    SLICE_X46Y22         CARRY4 (Prop_carry4_CI_CO[3])
                                                      0.117    14.961 r  livt_onnx_flant5_flant5application_i/model_instance/weights_instance/fixed_instance/math_instance/primitive_instance/ctor_result_reg[62]_i_104/CO[3]
                         net (fo=1, routed)           0.000    14.961    livt_onnx_flant5_flant5application_i/model_instance/weights_instance/fixed_instance/math_instance/primitive_instance/ctor_result_reg[62]_i_104_n_0
    SLICE_X46Y23         CARRY4 (Prop_carry4_CI_CO[3])
                                                      0.117    15.078 r  livt_onnx_flant5_flant5application_i/model_instance/weights_instance/fixed_instance/math_instance/primitive_instance/ctor_result_reg[62]_i_103/CO[3]
                         net (fo=1, routed)           0.000    15.078    livt_onnx_flant5_flant5application_i/model_instance/weights_instance/fixed_instance/math_instance/primitive_instance/ctor_result_reg[62]_i_103_n_0
    SLICE_X46Y24         CARRY4 (Prop_carry4_CI_CO[3])
                                                      0.117    15.195 r  livt_onnx_flant5_flant5application_i/model_instance/weights_instance/fixed_instance/math_instance/primitive_instance/ctor_result_reg[62]_i_73/CO[3]
                         net (fo=1, routed)           0.009    15.204    livt_onnx_flant5_flant5application_i/model_instance/weights_instance/fixed_instance/math_instance/primitive_instance/ctor_result_reg[62]_i_73_n_0
    SLICE_X46Y25         CARRY4 (Prop_carry4_CI_CO[3])
                                                      0.117    15.321 r  livt_onnx_flant5_flant5application_i/model_instance/weights_instance/fixed_instance/math_instance/primitive_instance/ctor_result_reg[62]_i_72/CO[3]
                         net (fo=1, routed)           0.000    15.321    livt_onnx_flant5_flant5application_i/model_instance/weights_instance/fixed_instance/math_instance/primitive_instance/ctor_result_reg[62]_i_72_n_0
    SLICE_X46Y26         CARRY4 (Prop_carry4_CI_CO[3])
                                                      0.117    15.438 r  livt_onnx_flant5_flant5application_i/model_instance/weights_instance/fixed_instance/math_instance/primitive_instance/ctor_result_reg[62]_i_71/CO[3]
                         net (fo=1, routed)           0.000    15.438    livt_onnx_flant5_flant5application_i/model_instance/weights_instance/fixed_instance/math_instance/primitive_instance/ctor_result_reg[62]_i_71_n_0
    SLICE_X46Y27         CARRY4 (Prop_carry4_CI_CO[3])
                                                      0.117    15.555 r  livt_onnx_flant5_flant5application_i/model_instance/weights_instance/fixed_instance/math_instance/primitive_instance/ctor_result_reg[62]_i_49/CO[3]
                         net (fo=1, routed)           0.000    15.555    livt_onnx_flant5_flant5application_i/model_instance/weights_instance/fixed_instance/math_instance/primitive_instance/ctor_result_reg[62]_i_49_n_0
    SLICE_X46Y28         CARRY4 (Prop_carry4_CI_CO[3])
                                                      0.117    15.672 r  livt_onnx_flant5_flant5application_i/model_instance/weights_instance/fixed_instance/math_instance/primitive_instance/ctor_result_reg[62]_i_48/CO[3]
                         net (fo=1, routed)           0.000    15.672    livt_onnx_flant5_flant5application_i/model_instance/weights_instance/fixed_instance/math_instance/primitive_instance/ctor_result_reg[62]_i_48_n_0
    SLICE_X46Y29         CARRY4 (Prop_carry4_CI_CO[3])
                                                      0.117    15.789 r  livt_onnx_flant5_flant5application_i/model_instance/weights_instance/fixed_instance/math_instance/primitive_instance/ctor_result_reg[62]_i_47/CO[3]
                         net (fo=1, routed)           0.000    15.789    livt_onnx_flant5_flant5application_i/model_instance/weights_instance/fixed_instance/math_instance/primitive_instance/ctor_result_reg[62]_i_47_n_0
    SLICE_X46Y30         CARRY4 (Prop_carry4_CI_CO[3])
                                                      0.117    15.906 r  livt_onnx_flant5_flant5application_i/model_instance/weights_instance/fixed_instance/math_instance/primitive_instance/ctor_result_reg[62]_i_38/CO[3]
                         net (fo=1, routed)           0.000    15.906    livt_onnx_flant5_flant5application_i/model_instance/weights_instance/fixed_instance/math_instance/primitive_instance/ctor_result_reg[62]_i_38_n_0
    SLICE_X46Y31         CARRY4 (Prop_carry4_CI_CO[3])
                                                      0.117    16.023 r  livt_onnx_flant5_flant5application_i/model_instance/weights_instance/fixed_instance/math_instance/primitive_instance/ctor_result_reg[62]_i_37/CO[3]
                         net (fo=1, routed)           0.000    16.023    livt_onnx_flant5_flant5application_i/model_instance/weights_instance/fixed_instance/math_instance/primitive_instance/ctor_result_reg[62]_i_37_n_0
    SLICE_X46Y32         CARRY4 (Prop_carry4_CI_CO[3])
                                                      0.117    16.140 r  livt_onnx_flant5_flant5application_i/model_instance/weights_instance/fixed_instance/math_instance/primitive_instance/ctor_result_reg[62]_i_36/CO[3]
                         net (fo=1, routed)           0.000    16.140    livt_onnx_flant5_flant5application_i/model_instance/weights_instance/fixed_instance/math_instance/primitive_instance/ctor_result_reg[62]_i_36_n_0
    SLICE_X46Y33         CARRY4 (Prop_carry4_CI_O[2])
                                                      0.239    16.379 r  livt_onnx_flant5_flant5application_i/model_instance/weights_instance/fixed_instance/math_instance/primitive_instance/ctor_result_reg[62]_i_30/O[2]
                         net (fo=22, routed)          0.924    17.303    livt_onnx_flant5_flant5application_i/model_instance/weights_instance/fixed_instance/math_instance/primitive_instance/RESIZE[63]
    SLICE_X47Y22         LUT4 (Prop_lut4_I1_O)        0.301    17.604 r  livt_onnx_flant5_flant5application_i/model_instance/weights_instance/fixed_instance/math_instance/primitive_instance/ctor_result[62]_i_98/O
                         net (fo=1, routed)           0.330    17.934    livt_onnx_flant5_flant5application_i/model_instance/weights_instance/fixed_instance/math_instance/primitive_instance/ctor_result[62]_i_98_n_0
    SLICE_X47Y23         CARRY4 (Prop_carry4_CYINIT_CO[3])
                                                      0.580    18.514 r  livt_onnx_flant5_flant5application_i/model_instance/weights_instance/fixed_instance/math_instance/primitive_instance/ctor_result_reg[62]_i_66/CO[3]
                         net (fo=1, routed)           0.000    18.514    livt_onnx_flant5_flant5application_i/model_instance/weights_instance/fixed_instance/math_instance/primitive_instance/ctor_result_reg[62]_i_66_n_0
    SLICE_X47Y24         CARRY4 (Prop_carry4_CI_CO[3])
                                                      0.114    18.628 r  livt_onnx_flant5_flant5application_i/model_instance/weights_instance/fixed_instance/math_instance/primitive_instance/ctor_result_reg[62]_i_42/CO[3]
                         net (fo=1, routed)           0.009    18.637    livt_onnx_flant5_flant5application_i/model_instance/weights_instance/fixed_instance/math_instance/primitive_instance/ctor_result_reg[62]_i_42_n_0
    SLICE_X47Y25         CARRY4 (Prop_carry4_CI_CO[3])
                                                      0.114    18.751 r  livt_onnx_flant5_flant5application_i/model_instance/weights_instance/fixed_instance/math_instance/primitive_instance/ctor_result_reg[62]_i_31/CO[3]
                         net (fo=1, routed)           0.000    18.751    livt_onnx_flant5_flant5application_i/model_instance/weights_instance/fixed_instance/math_instance/primitive_instance/ctor_result_reg[62]_i_31_n_0
    SLICE_X47Y26         CARRY4 (Prop_carry4_CI_CO[3])
                                                      0.114    18.865 r  livt_onnx_flant5_flant5application_i/model_instance/weights_instance/fixed_instance/math_instance/primitive_instance/ctor_result_reg[62]_i_25/CO[3]
                         net (fo=1, routed)           0.000    18.865    livt_onnx_flant5_flant5application_i/model_instance/weights_instance/fixed_instance/math_instance/primitive_instance/ctor_result_reg[62]_i_25_n_0
    SLICE_X47Y27         CARRY4 (Prop_carry4_CI_CO[3])
                                                      0.114    18.979 r  livt_onnx_flant5_flant5application_i/model_instance/weights_instance/fixed_instance/math_instance/primitive_instance/ctor_result_reg[62]_i_23/CO[3]
                         net (fo=1, routed)           0.000    18.979    livt_onnx_flant5_flant5application_i/model_instance/weights_instance/fixed_instance/math_instance/primitive_instance/ctor_result_reg[62]_i_23_n_0
    SLICE_X47Y28         CARRY4 (Prop_carry4_CI_CO[0])
                                                      0.271    19.250 f  livt_onnx_flant5_flant5application_i/model_instance/weights_instance/fixed_instance/math_instance/primitive_instance/ctor_result_reg[62]_i_8/CO[0]
                         net (fo=1, routed)           0.772    20.021    livt_onnx_flant5_flant5application_i/model_instance/weights_instance/fixed_instance/math_instance/primitive_instance/data0
    SLICE_X41Y24         LUT6 (Prop_lut6_I4_O)        0.373    20.394 f  livt_onnx_flant5_flant5application_i/model_instance/weights_instance/fixed_instance/math_instance/primitive_instance/ctor_result[62]_i_2/O
                         net (fo=64, routed)          1.430    21.825    livt_onnx_flant5_flant5application_i/model_instance/weights_instance/fixed_instance/math_instance/primitive_instance/ctor_result[62]_i_2_n_0
    SLICE_X31Y12         LUT6 (Prop_lut6_I2_O)        0.124    21.949 r  livt_onnx_flant5_flant5application_i/model_instance/weights_instance/fixed_instance/math_instance/primitive_instance/ctor_result[0]_i_3/O
                         net (fo=1, routed)           0.808    22.757    livt_onnx_flant5_flant5application_i/model_instance/weights_instance/fixed_instance/math_instance/primitive_instance/ctor_result[0]_i_3_n_0
    SLICE_X31Y12         LUT4 (Prop_lut4_I1_O)        0.124    22.881 r  livt_onnx_flant5_flant5application_i/model_instance/weights_instance/fixed_instance/math_instance/primitive_instance/ctor_result[0]_i_1/O
                         net (fo=1, routed)           0.000    22.881    livt_onnx_flant5_flant5application_i/model_instance/weights_instance/fixed_instance/math_instance/primitive_instance/ctor_result[0]_i_1_n_0
    SLICE_X31Y12         FDRE                                         r  livt_onnx_flant5_flant5application_i/model_instance/weights_instance/fixed_instance/math_instance/primitive_instance/ctor_result_reg[0]/D
  -------------------------------------------------------------------    -------------------

                         (clock app_clock rise edge)
                                                     20.000    20.000 r  <hidden>
                                                      0.000    20.000 r  Clk
                         net (fo=102028, unset)       1.983    21.983    livt_onnx_flant5_flant5application_i/model_instance/weights_instance/fixed_instance/math_instance/primitive_instance/Clk
    SLICE_X31Y12         FDRE                                         r  livt_onnx_flant5_flant5application_i/model_instance/weights_instance/fixed_instance/math_instance/primitive_instance/ctor_result_reg[0]/C
                         clock pessimism              0.096    22.079    <hidden>
                         clock uncertainty           -0.035    22.044    <hidden>
    SLICE_X31Y12         FDRE (Setup_fdre_C_D)        0.031    22.075    livt_onnx_flant5_flant5application_i/model_instance/weights_instance/fixed_instance/math_instance/primitive_instance/ctor_result_reg[0]
  -------------------------------------------------------------------
                         required time                         22.075    <hidden>
                         arrival time                         -22.881    <hidden>
  -------------------------------------------------------------------
                         slack                                 -0.806    <hidden>

Slack (VIOLATED) :        -0.802ns  (required time - arrival time)
  Source:                 livt_onnx_flant5_flant5application_i/model_instance/weights_instance/fixed_instance/math_instance/primitive_instance/ARG__11/CLK
                            (rising edge-triggered cell DSP48E1 clocked by app_clock  {rise@0.000ns fall@10.000ns period=20.000ns})
  Destination:            livt_onnx_flant5_flant5application_i/model_instance/weights_instance/fixed_instance/math_instance/primitive_instance/ctor_result_reg[27]/D
                            (rising edge-triggered cell FDRE clocked by app_clock  {rise@0.000ns fall@10.000ns period=20.000ns})
  Path Group:             app_clock
  Path Type:              Setup (Max at Slow Process Corner)
  Requirement:            20.000ns  (app_clock rise@20.000ns - app_clock rise@0.000ns)
  Data Path Delay:        20.756ns  (logic 14.391ns (69.333%)  route 6.365ns (30.667%))
  Logic Levels:           32  (CARRY4=23 DSP48E1=3 LUT3=1 LUT4=2 LUT5=1 LUT6=2)
  Clock Path Skew:        -0.042ns (DCD - SCD + CPR)
    Destination Clock Delay (DCD):    1.984ns = ( 21.984 - 20.000 ) 
    Source Clock Delay      (SCD):    2.122ns
    Clock Pessimism Removal (CPR):    0.096ns
  Clock Uncertainty:      0.035ns  ((TSJ^2 + TIJ^2)^1/2 + DJ) / 2 + PE
    Total System Jitter     (TSJ):    0.071ns
    Total Input Jitter      (TIJ):    0.000ns
    Discrete Jitter          (DJ):    0.000ns
    Phase Error              (PE):    0.000ns

    Location             Delay type                Incr(ns)  Path(ns)    Netlist Resource(s)
  -------------------------------------------------------------------    -------------------
                         (clock app_clock rise edge)
                                                      0.000     0.000 r  <hidden>
                                                      0.000     0.000 r  Clk
                         net (fo=102028, unset)       2.122     2.122    livt_onnx_flant5_flant5application_i/model_instance/weights_instance/fixed_instance/math_instance/primitive_instance/Clk
    DSP48_X2Y0           DSP48E1                                      r  livt_onnx_flant5_flant5application_i/model_instance/weights_instance/fixed_instance/math_instance/primitive_instance/ARG__11/CLK
  -------------------------------------------------------------------    -------------------
    DSP48_X2Y0           DSP48E1 (Prop_dsp48e1_CLK_PCOUT[47])
                                                      4.206     6.328 r  livt_onnx_flant5_flant5application_i/model_instance/weights_instance/fixed_instance/math_instance/primitive_instance/ARG__11/PCOUT[47]
                         net (fo=1, routed)           0.002     6.330    livt_onnx_flant5_flant5application_i/model_instance/weights_instance/fixed_instance/math_instance/primitive_instance/ARG__11_n_106
    DSP48_X2Y1           DSP48E1 (Prop_dsp48e1_PCIN[47]_PCOUT[47])
                                                      1.713     8.043 r  livt_onnx_flant5_flant5application_i/model_instance/weights_instance/fixed_instance/math_instance/primitive_instance/ARG__12/PCOUT[47]
                         net (fo=1, routed)           0.002     8.045    livt_onnx_flant5_flant5application_i/model_instance/weights_instance/fixed_instance/math_instance/primitive_instance/ARG__12_n_106
    DSP48_X2Y2           DSP48E1 (Prop_dsp48e1_PCIN[47]_PCOUT[47])
                                                      1.713     9.758 r  livt_onnx_flant5_flant5application_i/model_instance/weights_instance/fixed_instance/math_instance/primitive_instance/ARG__13/PCOUT[47]
                         net (fo=1, routed)           0.002     9.760    livt_onnx_flant5_flant5application_i/model_instance/weights_instance/fixed_instance/math_instance/primitive_instance/ARG__13_n_106
    DSP48_X2Y3           DSP48E1 (Prop_dsp48e1_PCIN[47]_P[26])
                                                      1.518    11.278 r  livt_onnx_flant5_flant5application_i/model_instance/weights_instance/fixed_instance/math_instance/primitive_instance/ARG__14/P[26]
                         net (fo=2, routed)           1.265    12.542    livt_onnx_flant5_flant5application_i/model_instance/weights_instance/fixed_instance/math_instance/primitive_instance/p_3_in[60]
    SLICE_X46Y16         LUT3 (Prop_lut3_I1_O)        0.150    12.692 r  livt_onnx_flant5_flant5application_i/model_instance/weights_instance/fixed_instance/math_instance/primitive_instance/ctor_result[62]_i_12/O
                         net (fo=2, routed)           0.816    13.508    livt_onnx_flant5_flant5application_i/model_instance/weights_instance/fixed_instance/math_instance/primitive_instance/ctor_result[62]_i_12_n_0
    SLICE_X46Y17         LUT4 (Prop_lut4_I3_O)        0.355    13.863 r  livt_onnx_flant5_flant5application_i/model_instance/weights_instance/fixed_instance/math_instance/primitive_instance/ctor_result[62]_i_16/O
                         net (fo=1, routed)           0.000    13.863    livt_onnx_flant5_flant5application_i/model_instance/weights_instance/fixed_instance/math_instance/primitive_instance/ctor_result[62]_i_16_n_0
    SLICE_X46Y17         CARRY4 (Prop_carry4_S[0]_CO[3])
                                                      0.513    14.376 r  livt_onnx_flant5_flant5application_i/model_instance/weights_instance/fixed_instance/math_instance/primitive_instance/ctor_result_reg[62]_i_3/CO[3]
                         net (fo=1, routed)           0.000    14.376    livt_onnx_flant5_flant5application_i/model_instance/weights_instance/fixed_instance/math_instance/primitive_instance/ctor_result_reg[62]_i_3_n_0
    SLICE_X46Y18         CARRY4 (Prop_carry4_CI_CO[3])
                                                      0.117    14.493 r  livt_onnx_flant5_flant5application_i/model_instance/weights_instance/fixed_instance/math_instance/primitive_instance/ctor_result_reg[62]_i_130/CO[3]
                         net (fo=1, routed)           0.000    14.493    livt_onnx_flant5_flant5application_i/model_instance/weights_instance/fixed_instance/math_instance/primitive_instance/ctor_result_reg[62]_i_130_n_0
    SLICE_X46Y19         CARRY4 (Prop_carry4_CI_CO[3])
                                                      0.117    14.610 r  livt_onnx_flant5_flant5application_i/model_instance/weights_instance/fixed_instance/math_instance/primitive_instance/ctor_result_reg[62]_i_132/CO[3]
                         net (fo=1, routed)           0.000    14.610    livt_onnx_flant5_flant5application_i/model_instance/weights_instance/fixed_instance/math_instance/primitive_instance/ctor_result_reg[62]_i_132_n_0
    SLICE_X46Y20         CARRY4 (Prop_carry4_CI_CO[3])
                                                      0.117    14.727 r  livt_onnx_flant5_flant5application_i/model_instance/weights_instance/fixed_instance/math_instance/primitive_instance/ctor_result_reg[62]_i_131/CO[3]
                         net (fo=1, routed)           0.000    14.727    livt_onnx_flant5_flant5application_i/model_instance/weights_instance/fixed_instance/math_instance/primitive_instance/ctor_result_reg[62]_i_131_n_0
    SLICE_X46Y21         CARRY4 (Prop_carry4_CI_CO[3])
                                                      0.117    14.844 r  livt_onnx_flant5_flant5application_i/model_instance/weights_instance/fixed_instance/math_instance/primitive_instance/ctor_result_reg[62]_i_105/CO[3]
                         net (fo=1, routed)           0.000    14.844    livt_onnx_flant5_flant5application_i/model_instance/weights_instance/fixed_instance/math_instance/primitive_instance/ctor_result_reg[62]_i_105_n_0
    SLICE_X46Y22         CARRY4 (Prop_carry4_CI_CO[3])
                                                      0.117    14.961 r  livt_onnx_flant5_flant5application_i/model_instance/weights_instance/fixed_instance/math_instance/primitive_instance/ctor_result_reg[62]_i_104/CO[3]
                         net (fo=1, routed)           0.000    14.961    livt_onnx_flant5_flant5application_i/model_instance/weights_instance/fixed_instance/math_instance/primitive_instance/ctor_result_reg[62]_i_104_n_0
    SLICE_X46Y23         CARRY4 (Prop_carry4_CI_CO[3])
                                                      0.117    15.078 r  livt_onnx_flant5_flant5application_i/model_instance/weights_instance/fixed_instance/math_instance/primitive_instance/ctor_result_reg[62]_i_103/CO[3]
                         net (fo=1, routed)           0.000    15.078    livt_onnx_flant5_flant5application_i/model_instance/weights_instance/fixed_instance/math_instance/primitive_instance/ctor_result_reg[62]_i_103_n_0
    SLICE_X46Y24         CARRY4 (Prop_carry4_CI_CO[3])
                                                      0.117    15.195 r  livt_onnx_flant5_flant5application_i/model_instance/weights_instance/fixed_instance/math_instance/primitive_instance/ctor_result_reg[62]_i_73/CO[3]
                         net (fo=1, routed)           0.009    15.204    livt_onnx_flant5_flant5application_i/model_instance/weights_instance/fixed_instance/math_instance/primitive_instance/ctor_result_reg[62]_i_73_n_0
    SLICE_X46Y25         CARRY4 (Prop_carry4_CI_CO[3])
                                                      0.117    15.321 r  livt_onnx_flant5_flant5application_i/model_instance/weights_instance/fixed_instance/math_instance/primitive_instance/ctor_result_reg[62]_i_72/CO[3]
                         net (fo=1, routed)           0.000    15.321    livt_onnx_flant5_flant5application_i/model_instance/weights_instance/fixed_instance/math_instance/primitive_instance/ctor_result_reg[62]_i_72_n_0
    SLICE_X46Y26         CARRY4 (Prop_carry4_CI_CO[3])
                                                      0.117    15.438 r  livt_onnx_flant5_flant5application_i/model_instance/weights_instance/fixed_instance/math_instance/primitive_instance/ctor_result_reg[62]_i_71/CO[3]
                         net (fo=1, routed)           0.000    15.438    livt_onnx_flant5_flant5application_i/model_instance/weights_instance/fixed_instance/math_instance/primitive_instance/ctor_result_reg[62]_i_71_n_0
    SLICE_X46Y27         CARRY4 (Prop_carry4_CI_CO[3])
                                                      0.117    15.555 r  livt_onnx_flant5_flant5application_i/model_instance/weights_instance/fixed_instance/math_instance/primitive_instance/ctor_result_reg[62]_i_49/CO[3]
                         net (fo=1, routed)           0.000    15.555    livt_onnx_flant5_flant5application_i/model_instance/weights_instance/fixed_instance/math_instance/primitive_instance/ctor_result_reg[62]_i_49_n_0
    SLICE_X46Y28         CARRY4 (Prop_carry4_CI_CO[3])
                                                      0.117    15.672 r  livt_onnx_flant5_flant5application_i/model_instance/weights_instance/fixed_instance/math_instance/primitive_instance/ctor_result_reg[62]_i_48/CO[3]
                         net (fo=1, routed)           0.000    15.672    livt_onnx_flant5_flant5application_i/model_instance/weights_instance/fixed_instance/math_instance/primitive_instance/ctor_result_reg[62]_i_48_n_0
    SLICE_X46Y29         CARRY4 (Prop_carry4_CI_CO[3])
                                                      0.117    15.789 r  livt_onnx_flant5_flant5application_i/model_instance/weights_instance/fixed_instance/math_instance/primitive_instance/ctor_result_reg[62]_i_47/CO[3]
                         net (fo=1, routed)           0.000    15.789    livt_onnx_flant5_flant5application_i/model_instance/weights_instance/fixed_instance/math_instance/primitive_instance/ctor_result_reg[62]_i_47_n_0
    SLICE_X46Y30         CARRY4 (Prop_carry4_CI_CO[3])
                                                      0.117    15.906 r  livt_onnx_flant5_flant5application_i/model_instance/weights_instance/fixed_instance/math_instance/primitive_instance/ctor_result_reg[62]_i_38/CO[3]
                         net (fo=1, routed)           0.000    15.906    livt_onnx_flant5_flant5application_i/model_instance/weights_instance/fixed_instance/math_instance/primitive_instance/ctor_result_reg[62]_i_38_n_0
    SLICE_X46Y31         CARRY4 (Prop_carry4_CI_CO[3])
                                                      0.117    16.023 r  livt_onnx_flant5_flant5application_i/model_instance/weights_instance/fixed_instance/math_instance/primitive_instance/ctor_result_reg[62]_i_37/CO[3]
                         net (fo=1, routed)           0.000    16.023    livt_onnx_flant5_flant5application_i/model_instance/weights_instance/fixed_instance/math_instance/primitive_instance/ctor_result_reg[62]_i_37_n_0
    SLICE_X46Y32         CARRY4 (Prop_carry4_CI_CO[3])
                                                      0.117    16.140 r  livt_onnx_flant5_flant5application_i/model_instance/weights_instance/fixed_instance/math_instance/primitive_instance/ctor_result_reg[62]_i_36/CO[3]
                         net (fo=1, routed)           0.000    16.140    livt_onnx_flant5_flant5application_i/model_instance/weights_instance/fixed_instance/math_instance/primitive_instance/ctor_result_reg[62]_i_36_n_0
    SLICE_X46Y33         CARRY4 (Prop_carry4_CI_O[2])
                                                      0.239    16.379 r  livt_onnx_flant5_flant5application_i/model_instance/weights_instance/fixed_instance/math_instance/primitive_instance/ctor_result_reg[62]_i_30/O[2]
                         net (fo=22, routed)          0.924    17.303    livt_onnx_flant5_flant5application_i/model_instance/weights_instance/fixed_instance/math_instance/primitive_instance/RESIZE[63]
    SLICE_X47Y22         LUT4 (Prop_lut4_I1_O)        0.301    17.604 r  livt_onnx_flant5_flant5application_i/model_instance/weights_instance/fixed_instance/math_instance/primitive_instance/ctor_result[62]_i_98/O
                         net (fo=1, routed)           0.330    17.934    livt_onnx_flant5_flant5application_i/model_instance/weights_instance/fixed_instance/math_instance/primitive_instance/ctor_result[62]_i_98_n_0
    SLICE_X47Y23         CARRY4 (Prop_carry4_CYINIT_CO[3])
                                                      0.580    18.514 r  livt_onnx_flant5_flant5application_i/model_instance/weights_instance/fixed_instance/math_instance/primitive_instance/ctor_result_reg[62]_i_66/CO[3]
                         net (fo=1, routed)           0.000    18.514    livt_onnx_flant5_flant5application_i/model_instance/weights_instance/fixed_instance/math_instance/primitive_instance/ctor_result_reg[62]_i_66_n_0
    SLICE_X47Y24         CARRY4 (Prop_carry4_CI_CO[3])
                                                      0.114    18.628 r  livt_onnx_flant5_flant5application_i/model_instance/weights_instance/fixed_instance/math_instance/primitive_instance/ctor_result_reg[62]_i_42/CO[3]
                         net (fo=1, routed)           0.009    18.637    livt_onnx_flant5_flant5application_i/model_instance/weights_instance/fixed_instance/math_instance/primitive_instance/ctor_result_reg[62]_i_42_n_0
    SLICE_X47Y25         CARRY4 (Prop_carry4_CI_CO[3])
                                                      0.114    18.751 r  livt_onnx_flant5_flant5application_i/model_instance/weights_instance/fixed_instance/math_instance/primitive_instance/ctor_result_reg[62]_i_31/CO[3]
                         net (fo=1, routed)           0.000    18.751    livt_onnx_flant5_flant5application_i/model_instance/weights_instance/fixed_instance/math_instance/primitive_instance/ctor_result_reg[62]_i_31_n_0
    SLICE_X47Y26         CARRY4 (Prop_carry4_CI_CO[3])
                                                      0.114    18.865 r  livt_onnx_flant5_flant5application_i/model_instance/weights_instance/fixed_instance/math_instance/primitive_instance/ctor_result_reg[62]_i_25/CO[3]
                         net (fo=1, routed)           0.000    18.865    livt_onnx_flant5_flant5application_i/model_instance/weights_instance/fixed_instance/math_instance/primitive_instance/ctor_result_reg[62]_i_25_n_0
    SLICE_X47Y27         CARRY4 (Prop_carry4_CI_CO[3])
                                                      0.114    18.979 r  livt_onnx_flant5_flant5application_i/model_instance/weights_instance/fixed_instance/math_instance/primitive_instance/ctor_result_reg[62]_i_23/CO[3]
                         net (fo=1, routed)           0.000    18.979    livt_onnx_flant5_flant5application_i/model_instance/weights_instance/fixed_instance/math_instance/primitive_instance/ctor_result_reg[62]_i_23_n_0
    SLICE_X47Y28         CARRY4 (Prop_carry4_CI_CO[0])
                                                      0.271    19.250 f  livt_onnx_flant5_flant5application_i/model_instance/weights_instance/fixed_instance/math_instance/primitive_instance/ctor_result_reg[62]_i_8/CO[0]
                         net (fo=1, routed)           0.772    20.021    livt_onnx_flant5_flant5application_i/model_instance/weights_instance/fixed_instance/math_instance/primitive_instance/data0
    SLICE_X41Y24         LUT6 (Prop_lut6_I4_O)        0.373    20.394 f  livt_onnx_flant5_flant5application_i/model_instance/weights_instance/fixed_instance/math_instance/primitive_instance/ctor_result[62]_i_2/O
                         net (fo=64, routed)          1.624    22.019    livt_onnx_flant5_flant5application_i/model_instance/weights_instance/fixed_instance/math_instance/primitive_instance/ctor_result[62]_i_2_n_0
    SLICE_X34Y9          LUT5 (Prop_lut5_I4_O)        0.124    22.143 r  livt_onnx_flant5_flant5application_i/model_instance/weights_instance/fixed_instance/math_instance/primitive_instance/ctor_result[27]_i_2/O
                         net (fo=1, routed)           0.611    22.754    livt_onnx_flant5_flant5application_i/model_instance/weights_instance/fixed_instance/math_instance/primitive_instance/ctor_result[27]_i_2_n_0
    SLICE_X34Y9          LUT6 (Prop_lut6_I0_O)        0.124    22.878 r  livt_onnx_flant5_flant5application_i/model_instance/weights_instance/fixed_instance/math_instance/primitive_instance/ctor_result[27]_i_1/O
                         net (fo=1, routed)           0.000    22.878    livt_onnx_flant5_flant5application_i/model_instance/weights_instance/fixed_instance/math_instance/primitive_instance/ctor_result[27]_i_1_n_0
    SLICE_X34Y9          FDRE                                         r  livt_onnx_flant5_flant5application_i/model_instance/weights_instance/fixed_instance/math_instance/primitive_instance/ctor_result_reg[27]/D
  -------------------------------------------------------------------    -------------------

                         (clock app_clock rise edge)
                                                     20.000    20.000 r  <hidden>
                                                      0.000    20.000 r  Clk
                         net (fo=102028, unset)       1.984    21.984    livt_onnx_flant5_flant5application_i/model_instance/weights_instance/fixed_instance/math_instance/primitive_instance/Clk
    SLICE_X34Y9          FDRE                                         r  livt_onnx_flant5_flant5application_i/model_instance/weights_instance/fixed_instance/math_instance/primitive_instance/ctor_result_reg[27]/C
                         clock pessimism              0.096    22.080    <hidden>
                         clock uncertainty           -0.035    22.045    <hidden>
    SLICE_X34Y9          FDRE (Setup_fdre_C_D)        0.031    22.076    livt_onnx_flant5_flant5application_i/model_instance/weights_instance/fixed_instance/math_instance/primitive_instance/ctor_result_reg[27]
  -------------------------------------------------------------------
                         required time                         22.076    <hidden>
                         arrival time                         -22.878    <hidden>
  -------------------------------------------------------------------
                         slack                                 -0.802    <hidden>

Slack (VIOLATED) :        -0.795ns  (required time - arrival time)
  Source:                 livt_onnx_flant5_flant5application_i/model_instance/weights_instance/fixed_instance/math_instance/primitive_instance/ARG__11/CLK
                            (rising edge-triggered cell DSP48E1 clocked by app_clock  {rise@0.000ns fall@10.000ns period=20.000ns})
  Destination:            livt_onnx_flant5_flant5application_i/model_instance/weights_instance/fixed_instance/math_instance/primitive_instance/ctor_result_reg[20]/D
                            (rising edge-triggered cell FDRE clocked by app_clock  {rise@0.000ns fall@10.000ns period=20.000ns})
  Path Group:             app_clock
  Path Type:              Setup (Max at Slow Process Corner)
  Requirement:            20.000ns  (app_clock rise@20.000ns - app_clock rise@0.000ns)
  Data Path Delay:        20.750ns  (logic 14.391ns (69.355%)  route 6.359ns (30.645%))
  Logic Levels:           32  (CARRY4=23 DSP48E1=3 LUT3=1 LUT4=2 LUT6=3)
  Clock Path Skew:        -0.039ns (DCD - SCD + CPR)
    Destination Clock Delay (DCD):    1.987ns = ( 21.987 - 20.000 ) 
    Source Clock Delay      (SCD):    2.122ns
    Clock Pessimism Removal (CPR):    0.096ns
  Clock Uncertainty:      0.035ns  ((TSJ^2 + TIJ^2)^1/2 + DJ) / 2 + PE
    Total System Jitter     (TSJ):    0.071ns
    Total Input Jitter      (TIJ):    0.000ns
    Discrete Jitter          (DJ):    0.000ns
    Phase Error              (PE):    0.000ns

    Location             Delay type                Incr(ns)  Path(ns)    Netlist Resource(s)
  -------------------------------------------------------------------    -------------------
                         (clock app_clock rise edge)
                                                      0.000     0.000 r  <hidden>
                                                      0.000     0.000 r  Clk
                         net (fo=102028, unset)       2.122     2.122    livt_onnx_flant5_flant5application_i/model_instance/weights_instance/fixed_instance/math_instance/primitive_instance/Clk
    DSP48_X2Y0           DSP48E1                                      r  livt_onnx_flant5_flant5application_i/model_instance/weights_instance/fixed_instance/math_instance/primitive_instance/ARG__11/CLK
  -------------------------------------------------------------------    -------------------
    DSP48_X2Y0           DSP48E1 (Prop_dsp48e1_CLK_PCOUT[47])
                                                      4.206     6.328 r  livt_onnx_flant5_flant5application_i/model_instance/weights_instance/fixed_instance/math_instance/primitive_instance/ARG__11/PCOUT[47]
                         net (fo=1, routed)           0.002     6.330    livt_onnx_flant5_flant5application_i/model_instance/weights_instance/fixed_instance/math_instance/primitive_instance/ARG__11_n_106
    DSP48_X2Y1           DSP48E1 (Prop_dsp48e1_PCIN[47]_PCOUT[47])
                                                      1.713     8.043 r  livt_onnx_flant5_flant5application_i/model_instance/weights_instance/fixed_instance/math_instance/primitive_instance/ARG__12/PCOUT[47]
                         net (fo=1, routed)           0.002     8.045    livt_onnx_flant5_flant5application_i/model_instance/weights_instance/fixed_instance/math_instance/primitive_instance/ARG__12_n_106
    DSP48_X2Y2           DSP48E1 (Prop_dsp48e1_PCIN[47]_PCOUT[47])
                                                      1.713     9.758 r  livt_onnx_flant5_flant5application_i/model_instance/weights_instance/fixed_instance/math_instance/primitive_instance/ARG__13/PCOUT[47]
                         net (fo=1, routed)           0.002     9.760    livt_onnx_flant5_flant5application_i/model_instance/weights_instance/fixed_instance/math_instance/primitive_instance/ARG__13_n_106
    DSP48_X2Y3           DSP48E1 (Prop_dsp48e1_PCIN[47]_P[26])
                                                      1.518    11.278 r  livt_onnx_flant5_flant5application_i/model_instance/weights_instance/fixed_instance/math_instance/primitive_instance/ARG__14/P[26]
                         net (fo=2, routed)           1.265    12.542    livt_onnx_flant5_flant5application_i/model_instance/weights_instance/fixed_instance/math_instance/primitive_instance/p_3_in[60]
    SLICE_X46Y16         LUT3 (Prop_lut3_I1_O)        0.150    12.692 r  livt_onnx_flant5_flant5application_i/model_instance/weights_instance/fixed_instance/math_instance/primitive_instance/ctor_result[62]_i_12/O
                         net (fo=2, routed)           0.816    13.508    livt_onnx_flant5_flant5application_i/model_instance/weights_instance/fixed_instance/math_instance/primitive_instance/ctor_result[62]_i_12_n_0
    SLICE_X46Y17         LUT4 (Prop_lut4_I3_O)        0.355    13.863 r  livt_onnx_flant5_flant5application_i/model_instance/weights_instance/fixed_instance/math_instance/primitive_instance/ctor_result[62]_i_16/O
                         net (fo=1, routed)           0.000    13.863    livt_onnx_flant5_flant5application_i/model_instance/weights_instance/fixed_instance/math_instance/primitive_instance/ctor_result[62]_i_16_n_0
    SLICE_X46Y17         CARRY4 (Prop_carry4_S[0]_CO[3])
                                                      0.513    14.376 r  livt_onnx_flant5_flant5application_i/model_instance/weights_instance/fixed_instance/math_instance/primitive_instance/ctor_result_reg[62]_i_3/CO[3]
                         net (fo=1, routed)           0.000    14.376    livt_onnx_flant5_flant5application_i/model_instance/weights_instance/fixed_instance/math_instance/primitive_instance/ctor_result_reg[62]_i_3_n_0
    SLICE_X46Y18         CARRY4 (Prop_carry4_CI_CO[3])
                                                      0.117    14.493 r  livt_onnx_flant5_flant5application_i/model_instance/weights_instance/fixed_instance/math_instance/primitive_instance/ctor_result_reg[62]_i_130/CO[3]
                         net (fo=1, routed)           0.000    14.493    livt_onnx_flant5_flant5application_i/model_instance/weights_instance/fixed_instance/math_instance/primitive_instance/ctor_result_reg[62]_i_130_n_0
    SLICE_X46Y19         CARRY4 (Prop_carry4_CI_CO[3])
                                                      0.117    14.610 r  livt_onnx_flant5_flant5application_i/model_instance/weights_instance/fixed_instance/math_instance/primitive_instance/ctor_result_reg[62]_i_132/CO[3]
                         net (fo=1, routed)           0.000    14.610    livt_onnx_flant5_flant5application_i/model_instance/weights_instance/fixed_instance/math_instance/primitive_instance/ctor_result_reg[62]_i_132_n_0
    SLICE_X46Y20         CARRY4 (Prop_carry4_CI_CO[3])
                                                      0.117    14.727 r  livt_onnx_flant5_flant5application_i/model_instance/weights_instance/fixed_instance/math_instance/primitive_instance/ctor_result_reg[62]_i_131/CO[3]
                         net (fo=1, routed)           0.000    14.727    livt_onnx_flant5_flant5application_i/model_instance/weights_instance/fixed_instance/math_instance/primitive_instance/ctor_result_reg[62]_i_131_n_0
    SLICE_X46Y21         CARRY4 (Prop_carry4_CI_CO[3])
                                                      0.117    14.844 r  livt_onnx_flant5_flant5application_i/model_instance/weights_instance/fixed_instance/math_instance/primitive_instance/ctor_result_reg[62]_i_105/CO[3]
                         net (fo=1, routed)           0.000    14.844    livt_onnx_flant5_flant5application_i/model_instance/weights_instance/fixed_instance/math_instance/primitive_instance/ctor_result_reg[62]_i_105_n_0
    SLICE_X46Y22         CARRY4 (Prop_carry4_CI_CO[3])
                                                      0.117    14.961 r  livt_onnx_flant5_flant5application_i/model_instance/weights_instance/fixed_instance/math_instance/primitive_instance/ctor_result_reg[62]_i_104/CO[3]
                         net (fo=1, routed)           0.000    14.961    livt_onnx_flant5_flant5application_i/model_instance/weights_instance/fixed_instance/math_instance/primitive_instance/ctor_result_reg[62]_i_104_n_0
    SLICE_X46Y23         CARRY4 (Prop_carry4_CI_CO[3])
                                                      0.117    15.078 r  livt_onnx_flant5_flant5application_i/model_instance/weights_instance/fixed_instance/math_instance/primitive_instance/ctor_result_reg[62]_i_103/CO[3]
                         net (fo=1, routed)           0.000    15.078    livt_onnx_flant5_flant5application_i/model_instance/weights_instance/fixed_instance/math_instance/primitive_instance/ctor_result_reg[62]_i_103_n_0
    SLICE_X46Y24         CARRY4 (Prop_carry4_CI_CO[3])
                                                      0.117    15.195 r  livt_onnx_flant5_flant5application_i/model_instance/weights_instance/fixed_instance/math_instance/primitive_instance/ctor_result_reg[62]_i_73/CO[3]
                         net (fo=1, routed)           0.009    15.204    livt_onnx_flant5_flant5application_i/model_instance/weights_instance/fixed_instance/math_instance/primitive_instance/ctor_result_reg[62]_i_73_n_0
    SLICE_X46Y25         CARRY4 (Prop_carry4_CI_CO[3])
                                                      0.117    15.321 r  livt_onnx_flant5_flant5application_i/model_instance/weights_instance/fixed_instance/math_instance/primitive_instance/ctor_result_reg[62]_i_72/CO[3]
                         net (fo=1, routed)           0.000    15.321    livt_onnx_flant5_flant5application_i/model_instance/weights_instance/fixed_instance/math_instance/primitive_instance/ctor_result_reg[62]_i_72_n_0
    SLICE_X46Y26         CARRY4 (Prop_carry4_CI_CO[3])
                                                      0.117    15.438 r  livt_onnx_flant5_flant5application_i/model_instance/weights_instance/fixed_instance/math_instance/primitive_instance/ctor_result_reg[62]_i_71/CO[3]
                         net (fo=1, routed)           0.000    15.438    livt_onnx_flant5_flant5application_i/model_instance/weights_instance/fixed_instance/math_instance/primitive_instance/ctor_result_reg[62]_i_71_n_0
    SLICE_X46Y27         CARRY4 (Prop_carry4_CI_CO[3])
                                                      0.117    15.555 r  livt_onnx_flant5_flant5application_i/model_instance/weights_instance/fixed_instance/math_instance/primitive_instance/ctor_result_reg[62]_i_49/CO[3]
                         net (fo=1, routed)           0.000    15.555    livt_onnx_flant5_flant5application_i/model_instance/weights_instance/fixed_instance/math_instance/primitive_instance/ctor_result_reg[62]_i_49_n_0
    SLICE_X46Y28         CARRY4 (Prop_carry4_CI_CO[3])
                                                      0.117    15.672 r  livt_onnx_flant5_flant5application_i/model_instance/weights_instance/fixed_instance/math_instance/primitive_instance/ctor_result_reg[62]_i_48/CO[3]
                         net (fo=1, routed)           0.000    15.672    livt_onnx_flant5_flant5application_i/model_instance/weights_instance/fixed_instance/math_instance/primitive_instance/ctor_result_reg[62]_i_48_n_0
    SLICE_X46Y29         CARRY4 (Prop_carry4_CI_CO[3])
                                                      0.117    15.789 r  livt_onnx_flant5_flant5application_i/model_instance/weights_instance/fixed_instance/math_instance/primitive_instance/ctor_result_reg[62]_i_47/CO[3]
                         net (fo=1, routed)           0.000    15.789    livt_onnx_flant5_flant5application_i/model_instance/weights_instance/fixed_instance/math_instance/primitive_instance/ctor_result_reg[62]_i_47_n_0
    SLICE_X46Y30         CARRY4 (Prop_carry4_CI_CO[3])
                                                      0.117    15.906 r  livt_onnx_flant5_flant5application_i/model_instance/weights_instance/fixed_instance/math_instance/primitive_instance/ctor_result_reg[62]_i_38/CO[3]
                         net (fo=1, routed)           0.000    15.906    livt_onnx_flant5_flant5application_i/model_instance/weights_instance/fixed_instance/math_instance/primitive_instance/ctor_result_reg[62]_i_38_n_0
    SLICE_X46Y31         CARRY4 (Prop_carry4_CI_CO[3])
                                                      0.117    16.023 r  livt_onnx_flant5_flant5application_i/model_instance/weights_instance/fixed_instance/math_instance/primitive_instance/ctor_result_reg[62]_i_37/CO[3]
                         net (fo=1, routed)           0.000    16.023    livt_onnx_flant5_flant5application_i/model_instance/weights_instance/fixed_instance/math_instance/primitive_instance/ctor_result_reg[62]_i_37_n_0
    SLICE_X46Y32         CARRY4 (Prop_carry4_CI_CO[3])
                                                      0.117    16.140 r  livt_onnx_flant5_flant5application_i/model_instance/weights_instance/fixed_instance/math_instance/primitive_instance/ctor_result_reg[62]_i_36/CO[3]
                         net (fo=1, routed)           0.000    16.140    livt_onnx_flant5_flant5application_i/model_instance/weights_instance/fixed_instance/math_instance/primitive_instance/ctor_result_reg[62]_i_36_n_0
    SLICE_X46Y33         CARRY4 (Prop_carry4_CI_O[2])
                                                      0.239    16.379 r  livt_onnx_flant5_flant5application_i/model_instance/weights_instance/fixed_instance/math_instance/primitive_instance/ctor_result_reg[62]_i_30/O[2]
                         net (fo=22, routed)          0.924    17.303    livt_onnx_flant5_flant5application_i/model_instance/weights_instance/fixed_instance/math_instance/primitive_instance/RESIZE[63]
    SLICE_X47Y22         LUT4 (Prop_lut4_I1_O)        0.301    17.604 r  livt_onnx_flant5_flant5application_i/model_instance/weights_instance/fixed_instance/math_instance/primitive_instance/ctor_result[62]_i_98/O
                         net (fo=1, routed)           0.330    17.934    livt_onnx_flant5_flant5application_i/model_instance/weights_instance/fixed_instance/math_instance/primitive_instance/ctor_result[62]_i_98_n_0
    SLICE_X47Y23         CARRY4 (Prop_carry4_CYINIT_CO[3])
                                                      0.580    18.514 r  livt_onnx_flant5_flant5application_i/model_instance/weights_instance/fixed_instance/math_instance/primitive_instance/ctor_result_reg[62]_i_66/CO[3]
                         net (fo=1, routed)           0.000    18.514    livt_onnx_flant5_flant5application_i/model_instance/weights_instance/fixed_instance/math_instance/primitive_instance/ctor_result_reg[62]_i_66_n_0
    SLICE_X47Y24         CARRY4 (Prop_carry4_CI_CO[3])
                                                      0.114    18.628 r  livt_onnx_flant5_flant5application_i/model_instance/weights_instance/fixed_instance/math_instance/primitive_instance/ctor_result_reg[62]_i_42/CO[3]
                         net (fo=1, routed)           0.009    18.637    livt_onnx_flant5_flant5application_i/model_instance/weights_instance/fixed_instance/math_instance/primitive_instance/ctor_result_reg[62]_i_42_n_0
    SLICE_X47Y25         CARRY4 (Prop_carry4_CI_CO[3])
                                                      0.114    18.751 r  livt_onnx_flant5_flant5application_i/model_instance/weights_instance/fixed_instance/math_instance/primitive_instance/ctor_result_reg[62]_i_31/CO[3]
                         net (fo=1, routed)           0.000    18.751    livt_onnx_flant5_flant5application_i/model_instance/weights_instance/fixed_instance/math_instance/primitive_instance/ctor_result_reg[62]_i_31_n_0
    SLICE_X47Y26         CARRY4 (Prop_carry4_CI_CO[3])
                                                      0.114    18.865 r  livt_onnx_flant5_flant5application_i/model_instance/weights_instance/fixed_instance/math_instance/primitive_instance/ctor_result_reg[62]_i_25/CO[3]
                         net (fo=1, routed)           0.000    18.865    livt_onnx_flant5_flant5application_i/model_instance/weights_instance/fixed_instance/math_instance/primitive_instance/ctor_result_reg[62]_i_25_n_0
    SLICE_X47Y27         CARRY4 (Prop_carry4_CI_CO[3])
                                                      0.114    18.979 r  livt_onnx_flant5_flant5application_i/model_instance/weights_instance/fixed_instance/math_instance/primitive_instance/ctor_result_reg[62]_i_23/CO[3]
                         net (fo=1, routed)           0.000    18.979    livt_onnx_flant5_flant5application_i/model_instance/weights_instance/fixed_instance/math_instance/primitive_instance/ctor_result_reg[62]_i_23_n_0
    SLICE_X47Y28         CARRY4 (Prop_carry4_CI_CO[0])
                                                      0.271    19.250 f  livt_onnx_flant5_flant5application_i/model_instance/weights_instance/fixed_instance/math_instance/primitive_instance/ctor_result_reg[62]_i_8/CO[0]
                         net (fo=1, routed)           0.772    20.021    livt_onnx_flant5_flant5application_i/model_instance/weights_instance/fixed_instance/math_instance/primitive_instance/data0
    SLICE_X41Y24         LUT6 (Prop_lut6_I4_O)        0.373    20.394 f  livt_onnx_flant5_flant5application_i/model_instance/weights_instance/fixed_instance/math_instance/primitive_instance/ctor_result[62]_i_2/O
                         net (fo=64, routed)          1.474    21.868    livt_onnx_flant5_flant5application_i/model_instance/weights_instance/fixed_instance/math_instance/primitive_instance/ctor_result[62]_i_2_n_0
    SLICE_X28Y12         LUT6 (Prop_lut6_I3_O)        0.124    21.992 r  livt_onnx_flant5_flant5application_i/model_instance/weights_instance/fixed_instance/math_instance/primitive_instance/ctor_result[20]_i_2/O
                         net (fo=1, routed)           0.755    22.747    livt_onnx_flant5_flant5application_i/model_instance/weights_instance/fixed_instance/math_instance/primitive_instance/ctor_result[20]_i_2_n_0
    SLICE_X27Y10         LUT6 (Prop_lut6_I4_O)        0.124    22.871 r  livt_onnx_flant5_flant5application_i/model_instance/weights_instance/fixed_instance/math_instance/primitive_instance/ctor_result[20]_i_1/O
                         net (fo=1, routed)           0.000    22.871    livt_onnx_flant5_flant5application_i/model_instance/weights_instance/fixed_instance/math_instance/primitive_instance/ctor_result[20]_i_1_n_0
    SLICE_X27Y10         FDRE                                         r  livt_onnx_flant5_flant5application_i/model_instance/weights_instance/fixed_instance/math_instance/primitive_instance/ctor_result_reg[20]/D
  -------------------------------------------------------------------    -------------------

                         (clock app_clock rise edge)
                                                     20.000    20.000 r  <hidden>
                                                      0.000    20.000 r  Clk
                         net (fo=102028, unset)       1.987    21.987    livt_onnx_flant5_flant5application_i/model_instance/weights_instance/fixed_instance/math_instance/primitive_instance/Clk
    SLICE_X27Y10         FDRE                                         r  livt_onnx_flant5_flant5application_i/model_instance/weights_instance/fixed_instance/math_instance/primitive_instance/ctor_result_reg[20]/C
                         clock pessimism              0.096    22.083    <hidden>
                         clock uncertainty           -0.035    22.048    <hidden>
    SLICE_X27Y10         FDRE (Setup_fdre_C_D)        0.029    22.077    livt_onnx_flant5_flant5application_i/model_instance/weights_instance/fixed_instance/math_instance/primitive_instance/ctor_result_reg[20]
  -------------------------------------------------------------------
                         required time                         22.077    <hidden>
                         arrival time                         -22.871    <hidden>
  -------------------------------------------------------------------
                         slack                                 -0.795    <hidden>

Slack (VIOLATED) :        -0.781ns  (required time - arrival time)
  Source:                 livt_onnx_flant5_flant5application_i/model_instance/weights_instance/fixed_instance/math_instance/primitive_instance/ARG__11/CLK
                            (rising edge-triggered cell DSP48E1 clocked by app_clock  {rise@0.000ns fall@10.000ns period=20.000ns})
  Destination:            livt_onnx_flant5_flant5application_i/model_instance/weights_instance/fixed_instance/math_instance/primitive_instance/ctor_result_reg[1]/D
                            (rising edge-triggered cell FDRE clocked by app_clock  {rise@0.000ns fall@10.000ns period=20.000ns})
  Path Group:             app_clock
  Path Type:              Setup (Max at Slow Process Corner)
  Requirement:            20.000ns  (app_clock rise@20.000ns - app_clock rise@0.000ns)
  Data Path Delay:        20.732ns  (logic 14.391ns (69.415%)  route 6.341ns (30.585%))
  Logic Levels:           32  (CARRY4=23 DSP48E1=3 LUT3=1 LUT4=2 LUT6=3)
  Clock Path Skew:        -0.043ns (DCD - SCD + CPR)
    Destination Clock Delay (DCD):    1.983ns = ( 21.983 - 20.000 ) 
    Source Clock Delay      (SCD):    2.122ns
    Clock Pessimism Removal (CPR):    0.096ns
  Clock Uncertainty:      0.035ns  ((TSJ^2 + TIJ^2)^1/2 + DJ) / 2 + PE
    Total System Jitter     (TSJ):    0.071ns
    Total Input Jitter      (TIJ):    0.000ns
    Discrete Jitter          (DJ):    0.000ns
    Phase Error              (PE):    0.000ns

    Location             Delay type                Incr(ns)  Path(ns)    Netlist Resource(s)
  -------------------------------------------------------------------    -------------------
                         (clock app_clock rise edge)
                                                      0.000     0.000 r  <hidden>
                                                      0.000     0.000 r  Clk
                         net (fo=102028, unset)       2.122     2.122    livt_onnx_flant5_flant5application_i/model_instance/weights_instance/fixed_instance/math_instance/primitive_instance/Clk
    DSP48_X2Y0           DSP48E1                                      r  livt_onnx_flant5_flant5application_i/model_instance/weights_instance/fixed_instance/math_instance/primitive_instance/ARG__11/CLK
  -------------------------------------------------------------------    -------------------
    DSP48_X2Y0           DSP48E1 (Prop_dsp48e1_CLK_PCOUT[47])
                                                      4.206     6.328 r  livt_onnx_flant5_flant5application_i/model_instance/weights_instance/fixed_instance/math_instance/primitive_instance/ARG__11/PCOUT[47]
                         net (fo=1, routed)           0.002     6.330    livt_onnx_flant5_flant5application_i/model_instance/weights_instance/fixed_instance/math_instance/primitive_instance/ARG__11_n_106
    DSP48_X2Y1           DSP48E1 (Prop_dsp48e1_PCIN[47]_PCOUT[47])
                                                      1.713     8.043 r  livt_onnx_flant5_flant5application_i/model_instance/weights_instance/fixed_instance/math_instance/primitive_instance/ARG__12/PCOUT[47]
                         net (fo=1, routed)           0.002     8.045    livt_onnx_flant5_flant5application_i/model_instance/weights_instance/fixed_instance/math_instance/primitive_instance/ARG__12_n_106
    DSP48_X2Y2           DSP48E1 (Prop_dsp48e1_PCIN[47]_PCOUT[47])
                                                      1.713     9.758 r  livt_onnx_flant5_flant5application_i/model_instance/weights_instance/fixed_instance/math_instance/primitive_instance/ARG__13/PCOUT[47]
                         net (fo=1, routed)           0.002     9.760    livt_onnx_flant5_flant5application_i/model_instance/weights_instance/fixed_instance/math_instance/primitive_instance/ARG__13_n_106
    DSP48_X2Y3           DSP48E1 (Prop_dsp48e1_PCIN[47]_P[26])
                                                      1.518    11.278 r  livt_onnx_flant5_flant5application_i/model_instance/weights_instance/fixed_instance/math_instance/primitive_instance/ARG__14/P[26]
                         net (fo=2, routed)           1.265    12.542    livt_onnx_flant5_flant5application_i/model_instance/weights_instance/fixed_instance/math_instance/primitive_instance/p_3_in[60]
    SLICE_X46Y16         LUT3 (Prop_lut3_I1_O)        0.150    12.692 r  livt_onnx_flant5_flant5application_i/model_instance/weights_instance/fixed_instance/math_instance/primitive_instance/ctor_result[62]_i_12/O
                         net (fo=2, routed)           0.816    13.508    livt_onnx_flant5_flant5application_i/model_instance/weights_instance/fixed_instance/math_instance/primitive_instance/ctor_result[62]_i_12_n_0
    SLICE_X46Y17         LUT4 (Prop_lut4_I3_O)        0.355    13.863 r  livt_onnx_flant5_flant5application_i/model_instance/weights_instance/fixed_instance/math_instance/primitive_instance/ctor_result[62]_i_16/O
                         net (fo=1, routed)           0.000    13.863    livt_onnx_flant5_flant5application_i/model_instance/weights_instance/fixed_instance/math_instance/primitive_instance/ctor_result[62]_i_16_n_0
    SLICE_X46Y17         CARRY4 (Prop_carry4_S[0]_CO[3])
                                                      0.513    14.376 r  livt_onnx_flant5_flant5application_i/model_instance/weights_instance/fixed_instance/math_instance/primitive_instance/ctor_result_reg[62]_i_3/CO[3]
                         net (fo=1, routed)           0.000    14.376    livt_onnx_flant5_flant5application_i/model_instance/weights_instance/fixed_instance/math_instance/primitive_instance/ctor_result_reg[62]_i_3_n_0
    SLICE_X46Y18         CARRY4 (Prop_carry4_CI_CO[3])
                                                      0.117    14.493 r  livt_onnx_flant5_flant5application_i/model_instance/weights_instance/fixed_instance/math_instance/primitive_instance/ctor_result_reg[62]_i_130/CO[3]
                         net (fo=1, routed)           0.000    14.493    livt_onnx_flant5_flant5application_i/model_instance/weights_instance/fixed_instance/math_instance/primitive_instance/ctor_result_reg[62]_i_130_n_0
    SLICE_X46Y19         CARRY4 (Prop_carry4_CI_CO[3])
                                                      0.117    14.610 r  livt_onnx_flant5_flant5application_i/model_instance/weights_instance/fixed_instance/math_instance/primitive_instance/ctor_result_reg[62]_i_132/CO[3]
                         net (fo=1, routed)           0.000    14.610    livt_onnx_flant5_flant5application_i/model_instance/weights_instance/fixed_instance/math_instance/primitive_instance/ctor_result_reg[62]_i_132_n_0
    SLICE_X46Y20         CARRY4 (Prop_carry4_CI_CO[3])
                                                      0.117    14.727 r  livt_onnx_flant5_flant5application_i/model_instance/weights_instance/fixed_instance/math_instance/primitive_instance/ctor_result_reg[62]_i_131/CO[3]
                         net (fo=1, routed)           0.000    14.727    livt_onnx_flant5_flant5application_i/model_instance/weights_instance/fixed_instance/math_instance/primitive_instance/ctor_result_reg[62]_i_131_n_0
    SLICE_X46Y21         CARRY4 (Prop_carry4_CI_CO[3])
                                                      0.117    14.844 r  livt_onnx_flant5_flant5application_i/model_instance/weights_instance/fixed_instance/math_instance/primitive_instance/ctor_result_reg[62]_i_105/CO[3]
                         net (fo=1, routed)           0.000    14.844    livt_onnx_flant5_flant5application_i/model_instance/weights_instance/fixed_instance/math_instance/primitive_instance/ctor_result_reg[62]_i_105_n_0
    SLICE_X46Y22         CARRY4 (Prop_carry4_CI_CO[3])
                                                      0.117    14.961 r  livt_onnx_flant5_flant5application_i/model_instance/weights_instance/fixed_instance/math_instance/primitive_instance/ctor_result_reg[62]_i_104/CO[3]
                         net (fo=1, routed)           0.000    14.961    livt_onnx_flant5_flant5application_i/model_instance/weights_instance/fixed_instance/math_instance/primitive_instance/ctor_result_reg[62]_i_104_n_0
    SLICE_X46Y23         CARRY4 (Prop_carry4_CI_CO[3])
                                                      0.117    15.078 r  livt_onnx_flant5_flant5application_i/model_instance/weights_instance/fixed_instance/math_instance/primitive_instance/ctor_result_reg[62]_i_103/CO[3]
                         net (fo=1, routed)           0.000    15.078    livt_onnx_flant5_flant5application_i/model_instance/weights_instance/fixed_instance/math_instance/primitive_instance/ctor_result_reg[62]_i_103_n_0
    SLICE_X46Y24         CARRY4 (Prop_carry4_CI_CO[3])
                                                      0.117    15.195 r  livt_onnx_flant5_flant5application_i/model_instance/weights_instance/fixed_instance/math_instance/primitive_instance/ctor_result_reg[62]_i_73/CO[3]
                         net (fo=1, routed)           0.009    15.204    livt_onnx_flant5_flant5application_i/model_instance/weights_instance/fixed_instance/math_instance/primitive_instance/ctor_result_reg[62]_i_73_n_0
    SLICE_X46Y25         CARRY4 (Prop_carry4_CI_CO[3])
                                                      0.117    15.321 r  livt_onnx_flant5_flant5application_i/model_instance/weights_instance/fixed_instance/math_instance/primitive_instance/ctor_result_reg[62]_i_72/CO[3]
                         net (fo=1, routed)           0.000    15.321    livt_onnx_flant5_flant5application_i/model_instance/weights_instance/fixed_instance/math_instance/primitive_instance/ctor_result_reg[62]_i_72_n_0
    SLICE_X46Y26         CARRY4 (Prop_carry4_CI_CO[3])
                                                      0.117    15.438 r  livt_onnx_flant5_flant5application_i/model_instance/weights_instance/fixed_instance/math_instance/primitive_instance/ctor_result_reg[62]_i_71/CO[3]
                         net (fo=1, routed)           0.000    15.438    livt_onnx_flant5_flant5application_i/model_instance/weights_instance/fixed_instance/math_instance/primitive_instance/ctor_result_reg[62]_i_71_n_0
    SLICE_X46Y27         CARRY4 (Prop_carry4_CI_CO[3])
                                                      0.117    15.555 r  livt_onnx_flant5_flant5application_i/model_instance/weights_instance/fixed_instance/math_instance/primitive_instance/ctor_result_reg[62]_i_49/CO[3]
                         net (fo=1, routed)           0.000    15.555    livt_onnx_flant5_flant5application_i/model_instance/weights_instance/fixed_instance/math_instance/primitive_instance/ctor_result_reg[62]_i_49_n_0
    SLICE_X46Y28         CARRY4 (Prop_carry4_CI_CO[3])
                                                      0.117    15.672 r  livt_onnx_flant5_flant5application_i/model_instance/weights_instance/fixed_instance/math_instance/primitive_instance/ctor_result_reg[62]_i_48/CO[3]
                         net (fo=1, routed)           0.000    15.672    livt_onnx_flant5_flant5application_i/model_instance/weights_instance/fixed_instance/math_instance/primitive_instance/ctor_result_reg[62]_i_48_n_0
    SLICE_X46Y29         CARRY4 (Prop_carry4_CI_CO[3])
                                                      0.117    15.789 r  livt_onnx_flant5_flant5application_i/model_instance/weights_instance/fixed_instance/math_instance/primitive_instance/ctor_result_reg[62]_i_47/CO[3]
                         net (fo=1, routed)           0.000    15.789    livt_onnx_flant5_flant5application_i/model_instance/weights_instance/fixed_instance/math_instance/primitive_instance/ctor_result_reg[62]_i_47_n_0
    SLICE_X46Y30         CARRY4 (Prop_carry4_CI_CO[3])
                                                      0.117    15.906 r  livt_onnx_flant5_flant5application_i/model_instance/weights_instance/fixed_instance/math_instance/primitive_instance/ctor_result_reg[62]_i_38/CO[3]
                         net (fo=1, routed)           0.000    15.906    livt_onnx_flant5_flant5application_i/model_instance/weights_instance/fixed_instance/math_instance/primitive_instance/ctor_result_reg[62]_i_38_n_0
    SLICE_X46Y31         CARRY4 (Prop_carry4_CI_CO[3])
                                                      0.117    16.023 r  livt_onnx_flant5_flant5application_i/model_instance/weights_instance/fixed_instance/math_instance/primitive_instance/ctor_result_reg[62]_i_37/CO[3]
                         net (fo=1, routed)           0.000    16.023    livt_onnx_flant5_flant5application_i/model_instance/weights_instance/fixed_instance/math_instance/primitive_instance/ctor_result_reg[62]_i_37_n_0
    SLICE_X46Y32         CARRY4 (Prop_carry4_CI_CO[3])
                                                      0.117    16.140 r  livt_onnx_flant5_flant5application_i/model_instance/weights_instance/fixed_instance/math_instance/primitive_instance/ctor_result_reg[62]_i_36/CO[3]
                         net (fo=1, routed)           0.000    16.140    livt_onnx_flant5_flant5application_i/model_instance/weights_instance/fixed_instance/math_instance/primitive_instance/ctor_result_reg[62]_i_36_n_0
    SLICE_X46Y33         CARRY4 (Prop_carry4_CI_O[2])
                                                      0.239    16.379 r  livt_onnx_flant5_flant5application_i/model_instance/weights_instance/fixed_instance/math_instance/primitive_instance/ctor_result_reg[62]_i_30/O[2]
                         net (fo=22, routed)          0.924    17.303    livt_onnx_flant5_flant5application_i/model_instance/weights_instance/fixed_instance/math_instance/primitive_instance/RESIZE[63]
    SLICE_X47Y22         LUT4 (Prop_lut4_I1_O)        0.301    17.604 r  livt_onnx_flant5_flant5application_i/model_instance/weights_instance/fixed_instance/math_instance/primitive_instance/ctor_result[62]_i_98/O
                         net (fo=1, routed)           0.330    17.934    livt_onnx_flant5_flant5application_i/model_instance/weights_instance/fixed_instance/math_instance/primitive_instance/ctor_result[62]_i_98_n_0
    SLICE_X47Y23         CARRY4 (Prop_carry4_CYINIT_CO[3])
                                                      0.580    18.514 r  livt_onnx_flant5_flant5application_i/model_instance/weights_instance/fixed_instance/math_instance/primitive_instance/ctor_result_reg[62]_i_66/CO[3]
                         net (fo=1, routed)           0.000    18.514    livt_onnx_flant5_flant5application_i/model_instance/weights_instance/fixed_instance/math_instance/primitive_instance/ctor_result_reg[62]_i_66_n_0
    SLICE_X47Y24         CARRY4 (Prop_carry4_CI_CO[3])
                                                      0.114    18.628 r  livt_onnx_flant5_flant5application_i/model_instance/weights_instance/fixed_instance/math_instance/primitive_instance/ctor_result_reg[62]_i_42/CO[3]
                         net (fo=1, routed)           0.009    18.637    livt_onnx_flant5_flant5application_i/model_instance/weights_instance/fixed_instance/math_instance/primitive_instance/ctor_result_reg[62]_i_42_n_0
    SLICE_X47Y25         CARRY4 (Prop_carry4_CI_CO[3])
                                                      0.114    18.751 r  livt_onnx_flant5_flant5application_i/model_instance/weights_instance/fixed_instance/math_instance/primitive_instance/ctor_result_reg[62]_i_31/CO[3]
                         net (fo=1, routed)           0.000    18.751    livt_onnx_flant5_flant5application_i/model_instance/weights_instance/fixed_instance/math_instance/primitive_instance/ctor_result_reg[62]_i_31_n_0
    SLICE_X47Y26         CARRY4 (Prop_carry4_CI_CO[3])
                                                      0.114    18.865 r  livt_onnx_flant5_flant5application_i/model_instance/weights_instance/fixed_instance/math_instance/primitive_instance/ctor_result_reg[62]_i_25/CO[3]
                         net (fo=1, routed)           0.000    18.865    livt_onnx_flant5_flant5application_i/model_instance/weights_instance/fixed_instance/math_instance/primitive_instance/ctor_result_reg[62]_i_25_n_0
    SLICE_X47Y27         CARRY4 (Prop_carry4_CI_CO[3])
                                                      0.114    18.979 r  livt_onnx_flant5_flant5application_i/model_instance/weights_instance/fixed_instance/math_instance/primitive_instance/ctor_result_reg[62]_i_23/CO[3]
                         net (fo=1, routed)           0.000    18.979    livt_onnx_flant5_flant5application_i/model_instance/weights_instance/fixed_instance/math_instance/primitive_instance/ctor_result_reg[62]_i_23_n_0
    SLICE_X47Y28         CARRY4 (Prop_carry4_CI_CO[0])
                                                      0.271    19.250 f  livt_onnx_flant5_flant5application_i/model_instance/weights_instance/fixed_instance/math_instance/primitive_instance/ctor_result_reg[62]_i_8/CO[0]
                         net (fo=1, routed)           0.772    20.021    livt_onnx_flant5_flant5application_i/model_instance/weights_instance/fixed_instance/math_instance/primitive_instance/data0
    SLICE_X41Y24         LUT6 (Prop_lut6_I4_O)        0.373    20.394 f  livt_onnx_flant5_flant5application_i/model_instance/weights_instance/fixed_instance/math_instance/primitive_instance/ctor_result[62]_i_2/O
                         net (fo=64, routed)          1.785    22.179    livt_onnx_flant5_flant5application_i/model_instance/weights_instance/fixed_instance/math_instance/primitive_instance/ctor_result[62]_i_2_n_0
    SLICE_X32Y11         LUT6 (Prop_lut6_I2_O)        0.124    22.303 r  livt_onnx_flant5_flant5application_i/model_instance/weights_instance/fixed_instance/math_instance/primitive_instance/ctor_result[1]_i_2/O
                         net (fo=1, routed)           0.426    22.729    livt_onnx_flant5_flant5application_i/model_instance/weights_instance/fixed_instance/math_instance/primitive_instance/ctor_result[1]_i_2_n_0
    SLICE_X32Y11         LUT6 (Prop_lut6_I4_O)        0.124    22.853 r  livt_onnx_flant5_flant5application_i/model_instance/weights_instance/fixed_instance/math_instance/primitive_instance/ctor_result[1]_i_1/O
                         net (fo=1, routed)           0.000    22.853    livt_onnx_flant5_flant5application_i/model_instance/weights_instance/fixed_instance/math_instance/primitive_instance/ctor_result[1]_i_1_n_0
    SLICE_X32Y11         FDRE                                         r  livt_onnx_flant5_flant5application_i/model_instance/weights_instance/fixed_instance/math_instance/primitive_instance/ctor_result_reg[1]/D
  -------------------------------------------------------------------    -------------------

                         (clock app_clock rise edge)
                                                     20.000    20.000 r  <hidden>
                                                      0.000    20.000 r  Clk
                         net (fo=102028, unset)       1.983    21.983    livt_onnx_flant5_flant5application_i/model_instance/weights_instance/fixed_instance/math_instance/primitive_instance/Clk
    SLICE_X32Y11         FDRE                                         r  livt_onnx_flant5_flant5application_i/model_instance/weights_instance/fixed_instance/math_instance/primitive_instance/ctor_result_reg[1]/C
                         clock pessimism              0.096    22.079    <hidden>
                         clock uncertainty           -0.035    22.044    <hidden>
    SLICE_X32Y11         FDRE (Setup_fdre_C_D)        0.029    22.073    livt_onnx_flant5_flant5application_i/model_instance/weights_instance/fixed_instance/math_instance/primitive_instance/ctor_result_reg[1]
  -------------------------------------------------------------------
                         required time                         22.073    <hidden>
                         arrival time                         -22.853    <hidden>
  -------------------------------------------------------------------
                         slack                                 -0.781    <hidden>

Slack (VIOLATED) :        -0.780ns  (required time - arrival time)
  Source:                 livt_onnx_flant5_flant5application_i/model_instance/weights_instance/fixed_instance/math_instance/primitive_instance/ARG__11/CLK
                            (rising edge-triggered cell DSP48E1 clocked by app_clock  {rise@0.000ns fall@10.000ns period=20.000ns})
  Destination:            livt_onnx_flant5_flant5application_i/model_instance/weights_instance/fixed_instance/math_instance/primitive_instance/ctor_result_reg[55]/D
                            (rising edge-triggered cell FDRE clocked by app_clock  {rise@0.000ns fall@10.000ns period=20.000ns})
  Path Group:             app_clock
  Path Type:              Setup (Max at Slow Process Corner)
  Requirement:            20.000ns  (app_clock rise@20.000ns - app_clock rise@0.000ns)
  Data Path Delay:        20.734ns  (logic 14.391ns (69.408%)  route 6.343ns (30.592%))
  Logic Levels:           32  (CARRY4=23 DSP48E1=3 LUT3=1 LUT4=2 LUT5=1 LUT6=2)
  Clock Path Skew:        -0.042ns (DCD - SCD + CPR)
    Destination Clock Delay (DCD):    1.984ns = ( 21.984 - 20.000 ) 
    Source Clock Delay      (SCD):    2.122ns
    Clock Pessimism Removal (CPR):    0.096ns
  Clock Uncertainty:      0.035ns  ((TSJ^2 + TIJ^2)^1/2 + DJ) / 2 + PE
    Total System Jitter     (TSJ):    0.071ns
    Total Input Jitter      (TIJ):    0.000ns
    Discrete Jitter          (DJ):    0.000ns
    Phase Error              (PE):    0.000ns

    Location             Delay type                Incr(ns)  Path(ns)    Netlist Resource(s)
  -------------------------------------------------------------------    -------------------
                         (clock app_clock rise edge)
                                                      0.000     0.000 r  <hidden>
                                                      0.000     0.000 r  Clk
                         net (fo=102028, unset)       2.122     2.122    livt_onnx_flant5_flant5application_i/model_instance/weights_instance/fixed_instance/math_instance/primitive_instance/Clk
    DSP48_X2Y0           DSP48E1                                      r  livt_onnx_flant5_flant5application_i/model_instance/weights_instance/fixed_instance/math_instance/primitive_instance/ARG__11/CLK
  -------------------------------------------------------------------    -------------------
    DSP48_X2Y0           DSP48E1 (Prop_dsp48e1_CLK_PCOUT[47])
                                                      4.206     6.328 r  livt_onnx_flant5_flant5application_i/model_instance/weights_instance/fixed_instance/math_instance/primitive_instance/ARG__11/PCOUT[47]
                         net (fo=1, routed)           0.002     6.330    livt_onnx_flant5_flant5application_i/model_instance/weights_instance/fixed_instance/math_instance/primitive_instance/ARG__11_n_106
    DSP48_X2Y1           DSP48E1 (Prop_dsp48e1_PCIN[47]_PCOUT[47])
                                                      1.713     8.043 r  livt_onnx_flant5_flant5application_i/model_instance/weights_instance/fixed_instance/math_instance/primitive_instance/ARG__12/PCOUT[47]
                         net (fo=1, routed)           0.002     8.045    livt_onnx_flant5_flant5application_i/model_instance/weights_instance/fixed_instance/math_instance/primitive_instance/ARG__12_n_106
    DSP48_X2Y2           DSP48E1 (Prop_dsp48e1_PCIN[47]_PCOUT[47])
                                                      1.713     9.758 r  livt_onnx_flant5_flant5application_i/model_instance/weights_instance/fixed_instance/math_instance/primitive_instance/ARG__13/PCOUT[47]
                         net (fo=1, routed)           0.002     9.760    livt_onnx_flant5_flant5application_i/model_instance/weights_instance/fixed_instance/math_instance/primitive_instance/ARG__13_n_106
    DSP48_X2Y3           DSP48E1 (Prop_dsp48e1_PCIN[47]_P[26])
                                                      1.518    11.278 r  livt_onnx_flant5_flant5application_i/model_instance/weights_instance/fixed_instance/math_instance/primitive_instance/ARG__14/P[26]
                         net (fo=2, routed)           1.265    12.542    livt_onnx_flant5_flant5application_i/model_instance/weights_instance/fixed_instance/math_instance/primitive_instance/p_3_in[60]
    SLICE_X46Y16         LUT3 (Prop_lut3_I1_O)        0.150    12.692 r  livt_onnx_flant5_flant5application_i/model_instance/weights_instance/fixed_instance/math_instance/primitive_instance/ctor_result[62]_i_12/O
                         net (fo=2, routed)           0.816    13.508    livt_onnx_flant5_flant5application_i/model_instance/weights_instance/fixed_instance/math_instance/primitive_instance/ctor_result[62]_i_12_n_0
    SLICE_X46Y17         LUT4 (Prop_lut4_I3_O)        0.355    13.863 r  livt_onnx_flant5_flant5application_i/model_instance/weights_instance/fixed_instance/math_instance/primitive_instance/ctor_result[62]_i_16/O
                         net (fo=1, routed)           0.000    13.863    livt_onnx_flant5_flant5application_i/model_instance/weights_instance/fixed_instance/math_instance/primitive_instance/ctor_result[62]_i_16_n_0
    SLICE_X46Y17         CARRY4 (Prop_carry4_S[0]_CO[3])
                                                      0.513    14.376 r  livt_onnx_flant5_flant5application_i/model_instance/weights_instance/fixed_instance/math_instance/primitive_instance/ctor_result_reg[62]_i_3/CO[3]
                         net (fo=1, routed)           0.000    14.376    livt_onnx_flant5_flant5application_i/model_instance/weights_instance/fixed_instance/math_instance/primitive_instance/ctor_result_reg[62]_i_3_n_0
    SLICE_X46Y18         CARRY4 (Prop_carry4_CI_CO[3])
                                                      0.117    14.493 r  livt_onnx_flant5_flant5application_i/model_instance/weights_instance/fixed_instance/math_instance/primitive_instance/ctor_result_reg[62]_i_130/CO[3]
                         net (fo=1, routed)           0.000    14.493    livt_onnx_flant5_flant5application_i/model_instance/weights_instance/fixed_instance/math_instance/primitive_instance/ctor_result_reg[62]_i_130_n_0
    SLICE_X46Y19         CARRY4 (Prop_carry4_CI_CO[3])
                                                      0.117    14.610 r  livt_onnx_flant5_flant5application_i/model_instance/weights_instance/fixed_instance/math_instance/primitive_instance/ctor_result_reg[62]_i_132/CO[3]
                         net (fo=1, routed)           0.000    14.610    livt_onnx_flant5_flant5application_i/model_instance/weights_instance/fixed_instance/math_instance/primitive_instance/ctor_result_reg[62]_i_132_n_0
    SLICE_X46Y20         CARRY4 (Prop_carry4_CI_CO[3])
                                                      0.117    14.727 r  livt_onnx_flant5_flant5application_i/model_instance/weights_instance/fixed_instance/math_instance/primitive_instance/ctor_result_reg[62]_i_131/CO[3]
                         net (fo=1, routed)           0.000    14.727    livt_onnx_flant5_flant5application_i/model_instance/weights_instance/fixed_instance/math_instance/primitive_instance/ctor_result_reg[62]_i_131_n_0
    SLICE_X46Y21         CARRY4 (Prop_carry4_CI_CO[3])
                                                      0.117    14.844 r  livt_onnx_flant5_flant5application_i/model_instance/weights_instance/fixed_instance/math_instance/primitive_instance/ctor_result_reg[62]_i_105/CO[3]
                         net (fo=1, routed)           0.000    14.844    livt_onnx_flant5_flant5application_i/model_instance/weights_instance/fixed_instance/math_instance/primitive_instance/ctor_result_reg[62]_i_105_n_0
    SLICE_X46Y22         CARRY4 (Prop_carry4_CI_CO[3])
                                                      0.117    14.961 r  livt_onnx_flant5_flant5application_i/model_instance/weights_instance/fixed_instance/math_instance/primitive_instance/ctor_result_reg[62]_i_104/CO[3]
                         net (fo=1, routed)           0.000    14.961    livt_onnx_flant5_flant5application_i/model_instance/weights_instance/fixed_instance/math_instance/primitive_instance/ctor_result_reg[62]_i_104_n_0
    SLICE_X46Y23         CARRY4 (Prop_carry4_CI_CO[3])
                                                      0.117    15.078 r  livt_onnx_flant5_flant5application_i/model_instance/weights_instance/fixed_instance/math_instance/primitive_instance/ctor_result_reg[62]_i_103/CO[3]
                         net (fo=1, routed)           0.000    15.078    livt_onnx_flant5_flant5application_i/model_instance/weights_instance/fixed_instance/math_instance/primitive_instance/ctor_result_reg[62]_i_103_n_0
    SLICE_X46Y24         CARRY4 (Prop_carry4_CI_CO[3])
                                                      0.117    15.195 r  livt_onnx_flant5_flant5application_i/model_instance/weights_instance/fixed_instance/math_instance/primitive_instance/ctor_result_reg[62]_i_73/CO[3]
                         net (fo=1, routed)           0.009    15.204    livt_onnx_flant5_flant5application_i/model_instance/weights_instance/fixed_instance/math_instance/primitive_instance/ctor_result_reg[62]_i_73_n_0
    SLICE_X46Y25         CARRY4 (Prop_carry4_CI_CO[3])
                                                      0.117    15.321 r  livt_onnx_flant5_flant5application_i/model_instance/weights_instance/fixed_instance/math_instance/primitive_instance/ctor_result_reg[62]_i_72/CO[3]
                         net (fo=1, routed)           0.000    15.321    livt_onnx_flant5_flant5application_i/model_instance/weights_instance/fixed_instance/math_instance/primitive_instance/ctor_result_reg[62]_i_72_n_0
    SLICE_X46Y26         CARRY4 (Prop_carry4_CI_CO[3])
                                                      0.117    15.438 r  livt_onnx_flant5_flant5application_i/model_instance/weights_instance/fixed_instance/math_instance/primitive_instance/ctor_result_reg[62]_i_71/CO[3]
                         net (fo=1, routed)           0.000    15.438    livt_onnx_flant5_flant5application_i/model_instance/weights_instance/fixed_instance/math_instance/primitive_instance/ctor_result_reg[62]_i_71_n_0
    SLICE_X46Y27         CARRY4 (Prop_carry4_CI_CO[3])
                                                      0.117    15.555 r  livt_onnx_flant5_flant5application_i/model_instance/weights_instance/fixed_instance/math_instance/primitive_instance/ctor_result_reg[62]_i_49/CO[3]
                         net (fo=1, routed)           0.000    15.555    livt_onnx_flant5_flant5application_i/model_instance/weights_instance/fixed_instance/math_instance/primitive_instance/ctor_result_reg[62]_i_49_n_0
    SLICE_X46Y28         CARRY4 (Prop_carry4_CI_CO[3])
                                                      0.117    15.672 r  livt_onnx_flant5_flant5application_i/model_instance/weights_instance/fixed_instance/math_instance/primitive_instance/ctor_result_reg[62]_i_48/CO[3]
                         net (fo=1, routed)           0.000    15.672    livt_onnx_flant5_flant5application_i/model_instance/weights_instance/fixed_instance/math_instance/primitive_instance/ctor_result_reg[62]_i_48_n_0
    SLICE_X46Y29         CARRY4 (Prop_carry4_CI_CO[3])
                                                      0.117    15.789 r  livt_onnx_flant5_flant5application_i/model_instance/weights_instance/fixed_instance/math_instance/primitive_instance/ctor_result_reg[62]_i_47/CO[3]
                         net (fo=1, routed)           0.000    15.789    livt_onnx_flant5_flant5application_i/model_instance/weights_instance/fixed_instance/math_instance/primitive_instance/ctor_result_reg[62]_i_47_n_0
    SLICE_X46Y30         CARRY4 (Prop_carry4_CI_CO[3])
                                                      0.117    15.906 r  livt_onnx_flant5_flant5application_i/model_instance/weights_instance/fixed_instance/math_instance/primitive_instance/ctor_result_reg[62]_i_38/CO[3]
                         net (fo=1, routed)           0.000    15.906    livt_onnx_flant5_flant5application_i/model_instance/weights_instance/fixed_instance/math_instance/primitive_instance/ctor_result_reg[62]_i_38_n_0
    SLICE_X46Y31         CARRY4 (Prop_carry4_CI_CO[3])
                                                      0.117    16.023 r  livt_onnx_flant5_flant5application_i/model_instance/weights_instance/fixed_instance/math_instance/primitive_instance/ctor_result_reg[62]_i_37/CO[3]
                         net (fo=1, routed)           0.000    16.023    livt_onnx_flant5_flant5application_i/model_instance/weights_instance/fixed_instance/math_instance/primitive_instance/ctor_result_reg[62]_i_37_n_0
    SLICE_X46Y32         CARRY4 (Prop_carry4_CI_CO[3])
                                                      0.117    16.140 r  livt_onnx_flant5_flant5application_i/model_instance/weights_instance/fixed_instance/math_instance/primitive_instance/ctor_result_reg[62]_i_36/CO[3]
                         net (fo=1, routed)           0.000    16.140    livt_onnx_flant5_flant5application_i/model_instance/weights_instance/fixed_instance/math_instance/primitive_instance/ctor_result_reg[62]_i_36_n_0
    SLICE_X46Y33         CARRY4 (Prop_carry4_CI_O[2])
                                                      0.239    16.379 r  livt_onnx_flant5_flant5application_i/model_instance/weights_instance/fixed_instance/math_instance/primitive_instance/ctor_result_reg[62]_i_30/O[2]
                         net (fo=22, routed)          0.924    17.303    livt_onnx_flant5_flant5application_i/model_instance/weights_instance/fixed_instance/math_instance/primitive_instance/RESIZE[63]
    SLICE_X47Y22         LUT4 (Prop_lut4_I1_O)        0.301    17.604 r  livt_onnx_flant5_flant5application_i/model_instance/weights_instance/fixed_instance/math_instance/primitive_instance/ctor_result[62]_i_98/O
                         net (fo=1, routed)           0.330    17.934    livt_onnx_flant5_flant5application_i/model_instance/weights_instance/fixed_instance/math_instance/primitive_instance/ctor_result[62]_i_98_n_0
    SLICE_X47Y23         CARRY4 (Prop_carry4_CYINIT_CO[3])
                                                      0.580    18.514 r  livt_onnx_flant5_flant5application_i/model_instance/weights_instance/fixed_instance/math_instance/primitive_instance/ctor_result_reg[62]_i_66/CO[3]
                         net (fo=1, routed)           0.000    18.514    livt_onnx_flant5_flant5application_i/model_instance/weights_instance/fixed_instance/math_instance/primitive_instance/ctor_result_reg[62]_i_66_n_0
    SLICE_X47Y24         CARRY4 (Prop_carry4_CI_CO[3])
                                                      0.114    18.628 r  livt_onnx_flant5_flant5application_i/model_instance/weights_instance/fixed_instance/math_instance/primitive_instance/ctor_result_reg[62]_i_42/CO[3]
                         net (fo=1, routed)           0.009    18.637    livt_onnx_flant5_flant5application_i/model_instance/weights_instance/fixed_instance/math_instance/primitive_instance/ctor_result_reg[62]_i_42_n_0
    SLICE_X47Y25         CARRY4 (Prop_carry4_CI_CO[3])
                                                      0.114    18.751 r  livt_onnx_flant5_flant5application_i/model_instance/weights_instance/fixed_instance/math_instance/primitive_instance/ctor_result_reg[62]_i_31/CO[3]
                         net (fo=1, routed)           0.000    18.751    livt_onnx_flant5_flant5application_i/model_instance/weights_instance/fixed_instance/math_instance/primitive_instance/ctor_result_reg[62]_i_31_n_0
    SLICE_X47Y26         CARRY4 (Prop_carry4_CI_CO[3])
                                                      0.114    18.865 r  livt_onnx_flant5_flant5application_i/model_instance/weights_instance/fixed_instance/math_instance/primitive_instance/ctor_result_reg[62]_i_25/CO[3]
                         net (fo=1, routed)           0.000    18.865    livt_onnx_flant5_flant5application_i/model_instance/weights_instance/fixed_instance/math_instance/primitive_instance/ctor_result_reg[62]_i_25_n_0
    SLICE_X47Y27         CARRY4 (Prop_carry4_CI_CO[3])
                                                      0.114    18.979 r  livt_onnx_flant5_flant5application_i/model_instance/weights_instance/fixed_instance/math_instance/primitive_instance/ctor_result_reg[62]_i_23/CO[3]
                         net (fo=1, routed)           0.000    18.979    livt_onnx_flant5_flant5application_i/model_instance/weights_instance/fixed_instance/math_instance/primitive_instance/ctor_result_reg[62]_i_23_n_0
    SLICE_X47Y28         CARRY4 (Prop_carry4_CI_CO[0])
                                                      0.271    19.250 f  livt_onnx_flant5_flant5application_i/model_instance/weights_instance/fixed_instance/math_instance/primitive_instance/ctor_result_reg[62]_i_8/CO[0]
                         net (fo=1, routed)           0.772    20.021    livt_onnx_flant5_flant5application_i/model_instance/weights_instance/fixed_instance/math_instance/primitive_instance/data0
    SLICE_X41Y24         LUT6 (Prop_lut6_I4_O)        0.373    20.394 f  livt_onnx_flant5_flant5application_i/model_instance/weights_instance/fixed_instance/math_instance/primitive_instance/ctor_result[62]_i_2/O
                         net (fo=64, routed)          1.393    21.788    livt_onnx_flant5_flant5application_i/model_instance/weights_instance/fixed_instance/math_instance/primitive_instance/ctor_result[62]_i_2_n_0
    SLICE_X25Y15         LUT5 (Prop_lut5_I2_O)        0.124    21.912 r  livt_onnx_flant5_flant5application_i/model_instance/weights_instance/fixed_instance/math_instance/primitive_instance/ctor_result[55]_i_2/O
                         net (fo=1, routed)           0.820    22.731    livt_onnx_flant5_flant5application_i/model_instance/weights_instance/fixed_instance/math_instance/primitive_instance/ctor_result[55]_i_2_n_0
    SLICE_X25Y14         LUT6 (Prop_lut6_I0_O)        0.124    22.855 r  livt_onnx_flant5_flant5application_i/model_instance/weights_instance/fixed_instance/math_instance/primitive_instance/ctor_result[55]_i_1/O
                         net (fo=1, routed)           0.000    22.855    livt_onnx_flant5_flant5application_i/model_instance/weights_instance/fixed_instance/math_instance/primitive_instance/ctor_result[55]_i_1_n_0
    SLICE_X25Y14         FDRE                                         r  livt_onnx_flant5_flant5application_i/model_instance/weights_instance/fixed_instance/math_instance/primitive_instance/ctor_result_reg[55]/D
  -------------------------------------------------------------------    -------------------

                         (clock app_clock rise edge)
                                                     20.000    20.000 r  <hidden>
                                                      0.000    20.000 r  Clk
                         net (fo=102028, unset)       1.984    21.984    livt_onnx_flant5_flant5application_i/model_instance/weights_instance/fixed_instance/math_instance/primitive_instance/Clk
    SLICE_X25Y14         FDRE                                         r  livt_onnx_flant5_flant5application_i/model_instance/weights_instance/fixed_instance/math_instance/primitive_instance/ctor_result_reg[55]/C
                         clock pessimism              0.096    22.080    <hidden>
                         clock uncertainty           -0.035    22.045    <hidden>
    SLICE_X25Y14         FDRE (Setup_fdre_C_D)        0.031    22.076    livt_onnx_flant5_flant5application_i/model_instance/weights_instance/fixed_instance/math_instance/primitive_instance/ctor_result_reg[55]
  -------------------------------------------------------------------
                         required time                         22.076    <hidden>
                         arrival time                         -22.855    <hidden>
  -------------------------------------------------------------------
                         slack                                 -0.780    <hidden>

Slack (VIOLATED) :        -0.778ns  (required time - arrival time)
  Source:                 livt_onnx_flant5_flant5application_i/model_instance/weights_instance/fixed_instance/math_instance/primitive_instance/ARG__11/CLK
                            (rising edge-triggered cell DSP48E1 clocked by app_clock  {rise@0.000ns fall@10.000ns period=20.000ns})
  Destination:            livt_onnx_flant5_flant5application_i/model_instance/weights_instance/fixed_instance/math_instance/primitive_instance/ctor_result_reg[31]/D
                            (rising edge-triggered cell FDRE clocked by app_clock  {rise@0.000ns fall@10.000ns period=20.000ns})
  Path Group:             app_clock
  Path Type:              Setup (Max at Slow Process Corner)
  Requirement:            20.000ns  (app_clock rise@20.000ns - app_clock rise@0.000ns)
  Data Path Delay:        20.732ns  (logic 14.391ns (69.416%)  route 6.341ns (30.584%))
  Logic Levels:           32  (CARRY4=23 DSP48E1=3 LUT3=1 LUT4=2 LUT5=1 LUT6=2)
  Clock Path Skew:        -0.043ns (DCD - SCD + CPR)
    Destination Clock Delay (DCD):    1.983ns = ( 21.983 - 20.000 ) 
    Source Clock Delay      (SCD):    2.122ns
    Clock Pessimism Removal (CPR):    0.096ns
  Clock Uncertainty:      0.035ns  ((TSJ^2 + TIJ^2)^1/2 + DJ) / 2 + PE
    Total System Jitter     (TSJ):    0.071ns
    Total Input Jitter      (TIJ):    0.000ns
    Discrete Jitter          (DJ):    0.000ns
    Phase Error              (PE):    0.000ns

    Location             Delay type                Incr(ns)  Path(ns)    Netlist Resource(s)
  -------------------------------------------------------------------    -------------------
                         (clock app_clock rise edge)
                                                      0.000     0.000 r  <hidden>
                                                      0.000     0.000 r  Clk
                         net (fo=102028, unset)       2.122     2.122    livt_onnx_flant5_flant5application_i/model_instance/weights_instance/fixed_instance/math_instance/primitive_instance/Clk
    DSP48_X2Y0           DSP48E1                                      r  livt_onnx_flant5_flant5application_i/model_instance/weights_instance/fixed_instance/math_instance/primitive_instance/ARG__11/CLK
  -------------------------------------------------------------------    -------------------
    DSP48_X2Y0           DSP48E1 (Prop_dsp48e1_CLK_PCOUT[47])
                                                      4.206     6.328 r  livt_onnx_flant5_flant5application_i/model_instance/weights_instance/fixed_instance/math_instance/primitive_instance/ARG__11/PCOUT[47]
                         net (fo=1, routed)           0.002     6.330    livt_onnx_flant5_flant5application_i/model_instance/weights_instance/fixed_instance/math_instance/primitive_instance/ARG__11_n_106
    DSP48_X2Y1           DSP48E1 (Prop_dsp48e1_PCIN[47]_PCOUT[47])
                                                      1.713     8.043 r  livt_onnx_flant5_flant5application_i/model_instance/weights_instance/fixed_instance/math_instance/primitive_instance/ARG__12/PCOUT[47]
                         net (fo=1, routed)           0.002     8.045    livt_onnx_flant5_flant5application_i/model_instance/weights_instance/fixed_instance/math_instance/primitive_instance/ARG__12_n_106
    DSP48_X2Y2           DSP48E1 (Prop_dsp48e1_PCIN[47]_PCOUT[47])
                                                      1.713     9.758 r  livt_onnx_flant5_flant5application_i/model_instance/weights_instance/fixed_instance/math_instance/primitive_instance/ARG__13/PCOUT[47]
                         net (fo=1, routed)           0.002     9.760    livt_onnx_flant5_flant5application_i/model_instance/weights_instance/fixed_instance/math_instance/primitive_instance/ARG__13_n_106
    DSP48_X2Y3           DSP48E1 (Prop_dsp48e1_PCIN[47]_P[26])
                                                      1.518    11.278 r  livt_onnx_flant5_flant5application_i/model_instance/weights_instance/fixed_instance/math_instance/primitive_instance/ARG__14/P[26]
                         net (fo=2, routed)           1.265    12.542    livt_onnx_flant5_flant5application_i/model_instance/weights_instance/fixed_instance/math_instance/primitive_instance/p_3_in[60]
    SLICE_X46Y16         LUT3 (Prop_lut3_I1_O)        0.150    12.692 r  livt_onnx_flant5_flant5application_i/model_instance/weights_instance/fixed_instance/math_instance/primitive_instance/ctor_result[62]_i_12/O
                         net (fo=2, routed)           0.816    13.508    livt_onnx_flant5_flant5application_i/model_instance/weights_instance/fixed_instance/math_instance/primitive_instance/ctor_result[62]_i_12_n_0
    SLICE_X46Y17         LUT4 (Prop_lut4_I3_O)        0.355    13.863 r  livt_onnx_flant5_flant5application_i/model_instance/weights_instance/fixed_instance/math_instance/primitive_instance/ctor_result[62]_i_16/O
                         net (fo=1, routed)           0.000    13.863    livt_onnx_flant5_flant5application_i/model_instance/weights_instance/fixed_instance/math_instance/primitive_instance/ctor_result[62]_i_16_n_0
    SLICE_X46Y17         CARRY4 (Prop_carry4_S[0]_CO[3])
                                                      0.513    14.376 r  livt_onnx_flant5_flant5application_i/model_instance/weights_instance/fixed_instance/math_instance/primitive_instance/ctor_result_reg[62]_i_3/CO[3]
                         net (fo=1, routed)           0.000    14.376    livt_onnx_flant5_flant5application_i/model_instance/weights_instance/fixed_instance/math_instance/primitive_instance/ctor_result_reg[62]_i_3_n_0
    SLICE_X46Y18         CARRY4 (Prop_carry4_CI_CO[3])
                                                      0.117    14.493 r  livt_onnx_flant5_flant5application_i/model_instance/weights_instance/fixed_instance/math_instance/primitive_instance/ctor_result_reg[62]_i_130/CO[3]
                         net (fo=1, routed)           0.000    14.493    livt_onnx_flant5_flant5application_i/model_instance/weights_instance/fixed_instance/math_instance/primitive_instance/ctor_result_reg[62]_i_130_n_0
    SLICE_X46Y19         CARRY4 (Prop_carry4_CI_CO[3])
                                                      0.117    14.610 r  livt_onnx_flant5_flant5application_i/model_instance/weights_instance/fixed_instance/math_instance/primitive_instance/ctor_result_reg[62]_i_132/CO[3]
                         net (fo=1, routed)           0.000    14.610    livt_onnx_flant5_flant5application_i/model_instance/weights_instance/fixed_instance/math_instance/primitive_instance/ctor_result_reg[62]_i_132_n_0
    SLICE_X46Y20         CARRY4 (Prop_carry4_CI_CO[3])
                                                      0.117    14.727 r  livt_onnx_flant5_flant5application_i/model_instance/weights_instance/fixed_instance/math_instance/primitive_instance/ctor_result_reg[62]_i_131/CO[3]
                         net (fo=1, routed)           0.000    14.727    livt_onnx_flant5_flant5application_i/model_instance/weights_instance/fixed_instance/math_instance/primitive_instance/ctor_result_reg[62]_i_131_n_0
    SLICE_X46Y21         CARRY4 (Prop_carry4_CI_CO[3])
                                                      0.117    14.844 r  livt_onnx_flant5_flant5application_i/model_instance/weights_instance/fixed_instance/math_instance/primitive_instance/ctor_result_reg[62]_i_105/CO[3]
                         net (fo=1, routed)           0.000    14.844    livt_onnx_flant5_flant5application_i/model_instance/weights_instance/fixed_instance/math_instance/primitive_instance/ctor_result_reg[62]_i_105_n_0
    SLICE_X46Y22         CARRY4 (Prop_carry4_CI_CO[3])
                                                      0.117    14.961 r  livt_onnx_flant5_flant5application_i/model_instance/weights_instance/fixed_instance/math_instance/primitive_instance/ctor_result_reg[62]_i_104/CO[3]
                         net (fo=1, routed)           0.000    14.961    livt_onnx_flant5_flant5application_i/model_instance/weights_instance/fixed_instance/math_instance/primitive_instance/ctor_result_reg[62]_i_104_n_0
    SLICE_X46Y23         CARRY4 (Prop_carry4_CI_CO[3])
                                                      0.117    15.078 r  livt_onnx_flant5_flant5application_i/model_instance/weights_instance/fixed_instance/math_instance/primitive_instance/ctor_result_reg[62]_i_103/CO[3]
                         net (fo=1, routed)           0.000    15.078    livt_onnx_flant5_flant5application_i/model_instance/weights_instance/fixed_instance/math_instance/primitive_instance/ctor_result_reg[62]_i_103_n_0
    SLICE_X46Y24         CARRY4 (Prop_carry4_CI_CO[3])
                                                      0.117    15.195 r  livt_onnx_flant5_flant5application_i/model_instance/weights_instance/fixed_instance/math_instance/primitive_instance/ctor_result_reg[62]_i_73/CO[3]
                         net (fo=1, routed)           0.009    15.204    livt_onnx_flant5_flant5application_i/model_instance/weights_instance/fixed_instance/math_instance/primitive_instance/ctor_result_reg[62]_i_73_n_0
    SLICE_X46Y25         CARRY4 (Prop_carry4_CI_CO[3])
                                                      0.117    15.321 r  livt_onnx_flant5_flant5application_i/model_instance/weights_instance/fixed_instance/math_instance/primitive_instance/ctor_result_reg[62]_i_72/CO[3]
                         net (fo=1, routed)           0.000    15.321    livt_onnx_flant5_flant5application_i/model_instance/weights_instance/fixed_instance/math_instance/primitive_instance/ctor_result_reg[62]_i_72_n_0
    SLICE_X46Y26         CARRY4 (Prop_carry4_CI_CO[3])
                                                      0.117    15.438 r  livt_onnx_flant5_flant5application_i/model_instance/weights_instance/fixed_instance/math_instance/primitive_instance/ctor_result_reg[62]_i_71/CO[3]
                         net (fo=1, routed)           0.000    15.438    livt_onnx_flant5_flant5application_i/model_instance/weights_instance/fixed_instance/math_instance/primitive_instance/ctor_result_reg[62]_i_71_n_0
    SLICE_X46Y27         CARRY4 (Prop_carry4_CI_CO[3])
                                                      0.117    15.555 r  livt_onnx_flant5_flant5application_i/model_instance/weights_instance/fixed_instance/math_instance/primitive_instance/ctor_result_reg[62]_i_49/CO[3]
                         net (fo=1, routed)           0.000    15.555    livt_onnx_flant5_flant5application_i/model_instance/weights_instance/fixed_instance/math_instance/primitive_instance/ctor_result_reg[62]_i_49_n_0
    SLICE_X46Y28         CARRY4 (Prop_carry4_CI_CO[3])
                                                      0.117    15.672 r  livt_onnx_flant5_flant5application_i/model_instance/weights_instance/fixed_instance/math_instance/primitive_instance/ctor_result_reg[62]_i_48/CO[3]
                         net (fo=1, routed)           0.000    15.672    livt_onnx_flant5_flant5application_i/model_instance/weights_instance/fixed_instance/math_instance/primitive_instance/ctor_result_reg[62]_i_48_n_0
    SLICE_X46Y29         CARRY4 (Prop_carry4_CI_CO[3])
                                                      0.117    15.789 r  livt_onnx_flant5_flant5application_i/model_instance/weights_instance/fixed_instance/math_instance/primitive_instance/ctor_result_reg[62]_i_47/CO[3]
                         net (fo=1, routed)           0.000    15.789    livt_onnx_flant5_flant5application_i/model_instance/weights_instance/fixed_instance/math_instance/primitive_instance/ctor_result_reg[62]_i_47_n_0
    SLICE_X46Y30         CARRY4 (Prop_carry4_CI_CO[3])
                                                      0.117    15.906 r  livt_onnx_flant5_flant5application_i/model_instance/weights_instance/fixed_instance/math_instance/primitive_instance/ctor_result_reg[62]_i_38/CO[3]
                         net (fo=1, routed)           0.000    15.906    livt_onnx_flant5_flant5application_i/model_instance/weights_instance/fixed_instance/math_instance/primitive_instance/ctor_result_reg[62]_i_38_n_0
    SLICE_X46Y31         CARRY4 (Prop_carry4_CI_CO[3])
                                                      0.117    16.023 r  livt_onnx_flant5_flant5application_i/model_instance/weights_instance/fixed_instance/math_instance/primitive_instance/ctor_result_reg[62]_i_37/CO[3]
                         net (fo=1, routed)           0.000    16.023    livt_onnx_flant5_flant5application_i/model_instance/weights_instance/fixed_instance/math_instance/primitive_instance/ctor_result_reg[62]_i_37_n_0
    SLICE_X46Y32         CARRY4 (Prop_carry4_CI_CO[3])
                                                      0.117    16.140 r  livt_onnx_flant5_flant5application_i/model_instance/weights_instance/fixed_instance/math_instance/primitive_instance/ctor_result_reg[62]_i_36/CO[3]
                         net (fo=1, routed)           0.000    16.140    livt_onnx_flant5_flant5application_i/model_instance/weights_instance/fixed_instance/math_instance/primitive_instance/ctor_result_reg[62]_i_36_n_0
    SLICE_X46Y33         CARRY4 (Prop_carry4_CI_O[2])
                                                      0.239    16.379 r  livt_onnx_flant5_flant5application_i/model_instance/weights_instance/fixed_instance/math_instance/primitive_instance/ctor_result_reg[62]_i_30/O[2]
                         net (fo=22, routed)          0.924    17.303    livt_onnx_flant5_flant5application_i/model_instance/weights_instance/fixed_instance/math_instance/primitive_instance/RESIZE[63]
    SLICE_X47Y22         LUT4 (Prop_lut4_I1_O)        0.301    17.604 r  livt_onnx_flant5_flant5application_i/model_instance/weights_instance/fixed_instance/math_instance/primitive_instance/ctor_result[62]_i_98/O
                         net (fo=1, routed)           0.330    17.934    livt_onnx_flant5_flant5application_i/model_instance/weights_instance/fixed_instance/math_instance/primitive_instance/ctor_result[62]_i_98_n_0
    SLICE_X47Y23         CARRY4 (Prop_carry4_CYINIT_CO[3])
                                                      0.580    18.514 r  livt_onnx_flant5_flant5application_i/model_instance/weights_instance/fixed_instance/math_instance/primitive_instance/ctor_result_reg[62]_i_66/CO[3]
                         net (fo=1, routed)           0.000    18.514    livt_onnx_flant5_flant5application_i/model_instance/weights_instance/fixed_instance/math_instance/primitive_instance/ctor_result_reg[62]_i_66_n_0
    SLICE_X47Y24         CARRY4 (Prop_carry4_CI_CO[3])
                                                      0.114    18.628 r  livt_onnx_flant5_flant5application_i/model_instance/weights_instance/fixed_instance/math_instance/primitive_instance/ctor_result_reg[62]_i_42/CO[3]
                         net (fo=1, routed)           0.009    18.637    livt_onnx_flant5_flant5application_i/model_instance/weights_instance/fixed_instance/math_instance/primitive_instance/ctor_result_reg[62]_i_42_n_0
    SLICE_X47Y25         CARRY4 (Prop_carry4_CI_CO[3])
                                                      0.114    18.751 r  livt_onnx_flant5_flant5application_i/model_instance/weights_instance/fixed_instance/math_instance/primitive_instance/ctor_result_reg[62]_i_31/CO[3]
                         net (fo=1, routed)           0.000    18.751    livt_onnx_flant5_flant5application_i/model_instance/weights_instance/fixed_instance/math_instance/primitive_instance/ctor_result_reg[62]_i_31_n_0
    SLICE_X47Y26         CARRY4 (Prop_carry4_CI_CO[3])
                                                      0.114    18.865 r  livt_onnx_flant5_flant5application_i/model_instance/weights_instance/fixed_instance/math_instance/primitive_instance/ctor_result_reg[62]_i_25/CO[3]
                         net (fo=1, routed)           0.000    18.865    livt_onnx_flant5_flant5application_i/model_instance/weights_instance/fixed_instance/math_instance/primitive_instance/ctor_result_reg[62]_i_25_n_0
    SLICE_X47Y27         CARRY4 (Prop_carry4_CI_CO[3])
                                                      0.114    18.979 r  livt_onnx_flant5_flant5application_i/model_instance/weights_instance/fixed_instance/math_instance/primitive_instance/ctor_result_reg[62]_i_23/CO[3]
                         net (fo=1, routed)           0.000    18.979    livt_onnx_flant5_flant5application_i/model_instance/weights_instance/fixed_instance/math_instance/primitive_instance/ctor_result_reg[62]_i_23_n_0
    SLICE_X47Y28         CARRY4 (Prop_carry4_CI_CO[0])
                                                      0.271    19.250 f  livt_onnx_flant5_flant5application_i/model_instance/weights_instance/fixed_instance/math_instance/primitive_instance/ctor_result_reg[62]_i_8/CO[0]
                         net (fo=1, routed)           0.772    20.021    livt_onnx_flant5_flant5application_i/model_instance/weights_instance/fixed_instance/math_instance/primitive_instance/data0
    SLICE_X41Y24         LUT6 (Prop_lut6_I4_O)        0.373    20.394 f  livt_onnx_flant5_flant5application_i/model_instance/weights_instance/fixed_instance/math_instance/primitive_instance/ctor_result[62]_i_2/O
                         net (fo=64, routed)          1.475    21.870    livt_onnx_flant5_flant5application_i/model_instance/weights_instance/fixed_instance/math_instance/primitive_instance/ctor_result[62]_i_2_n_0
    SLICE_X32Y11         LUT5 (Prop_lut5_I4_O)        0.124    21.994 r  livt_onnx_flant5_flant5application_i/model_instance/weights_instance/fixed_instance/math_instance/primitive_instance/ctor_result[31]_i_2/O
                         net (fo=1, routed)           0.735    22.729    livt_onnx_flant5_flant5application_i/model_instance/weights_instance/fixed_instance/math_instance/primitive_instance/ctor_result[31]_i_2_n_0
    SLICE_X32Y11         LUT6 (Prop_lut6_I0_O)        0.124    22.853 r  livt_onnx_flant5_flant5application_i/model_instance/weights_instance/fixed_instance/math_instance/primitive_instance/ctor_result[31]_i_1/O
                         net (fo=1, routed)           0.000    22.853    livt_onnx_flant5_flant5application_i/model_instance/weights_instance/fixed_instance/math_instance/primitive_instance/ctor_result[31]_i_1_n_0
    SLICE_X32Y11         FDRE                                         r  livt_onnx_flant5_flant5application_i/model_instance/weights_instance/fixed_instance/math_instance/primitive_instance/ctor_result_reg[31]/D
  -------------------------------------------------------------------    -------------------

                         (clock app_clock rise edge)
                                                     20.000    20.000 r  <hidden>
                                                      0.000    20.000 r  Clk
                         net (fo=102028, unset)       1.983    21.983    livt_onnx_flant5_flant5application_i/model_instance/weights_instance/fixed_instance/math_instance/primitive_instance/Clk
    SLICE_X32Y11         FDRE                                         r  livt_onnx_flant5_flant5application_i/model_instance/weights_instance/fixed_instance/math_instance/primitive_instance/ctor_result_reg[31]/C
                         clock pessimism              0.096    22.079    <hidden>
                         clock uncertainty           -0.035    22.044    <hidden>
    SLICE_X32Y11         FDRE (Setup_fdre_C_D)        0.031    22.075    livt_onnx_flant5_flant5application_i/model_instance/weights_instance/fixed_instance/math_instance/primitive_instance/ctor_result_reg[31]
  -------------------------------------------------------------------
                         required time                         22.075    <hidden>
                         arrival time                         -22.853    <hidden>
  -------------------------------------------------------------------
                         slack                                 -0.778    <hidden>

Slack (VIOLATED) :        -0.769ns  (required time - arrival time)
  Source:                 livt_onnx_flant5_flant5application_i/model_instance/weights_instance/fixed_instance/math_instance/primitive_instance/ARG__11/CLK
                            (rising edge-triggered cell DSP48E1 clocked by app_clock  {rise@0.000ns fall@10.000ns period=20.000ns})
  Destination:            livt_onnx_flant5_flant5application_i/model_instance/weights_instance/fixed_instance/math_instance/primitive_instance/ctor_result_reg[18]/D
                            (rising edge-triggered cell FDRE clocked by app_clock  {rise@0.000ns fall@10.000ns period=20.000ns})
  Path Group:             app_clock
  Path Type:              Setup (Max at Slow Process Corner)
  Requirement:            20.000ns  (app_clock rise@20.000ns - app_clock rise@0.000ns)
  Data Path Delay:        20.719ns  (logic 14.391ns (69.457%)  route 6.328ns (30.543%))
  Logic Levels:           32  (CARRY4=23 DSP48E1=3 LUT3=1 LUT4=2 LUT6=3)
  Clock Path Skew:        -0.044ns (DCD - SCD + CPR)
    Destination Clock Delay (DCD):    1.982ns = ( 21.982 - 20.000 ) 
    Source Clock Delay      (SCD):    2.122ns
    Clock Pessimism Removal (CPR):    0.096ns
  Clock Uncertainty:      0.035ns  ((TSJ^2 + TIJ^2)^1/2 + DJ) / 2 + PE
    Total System Jitter     (TSJ):    0.071ns
    Total Input Jitter      (TIJ):    0.000ns
    Discrete Jitter          (DJ):    0.000ns
    Phase Error              (PE):    0.000ns

    Location             Delay type                Incr(ns)  Path(ns)    Netlist Resource(s)
  -------------------------------------------------------------------    -------------------
                         (clock app_clock rise edge)
                                                      0.000     0.000 r  <hidden>
                                                      0.000     0.000 r  Clk
                         net (fo=102028, unset)       2.122     2.122    livt_onnx_flant5_flant5application_i/model_instance/weights_instance/fixed_instance/math_instance/primitive_instance/Clk
    DSP48_X2Y0           DSP48E1                                      r  livt_onnx_flant5_flant5application_i/model_instance/weights_instance/fixed_instance/math_instance/primitive_instance/ARG__11/CLK
  -------------------------------------------------------------------    -------------------
    DSP48_X2Y0           DSP48E1 (Prop_dsp48e1_CLK_PCOUT[47])
                                                      4.206     6.328 r  livt_onnx_flant5_flant5application_i/model_instance/weights_instance/fixed_instance/math_instance/primitive_instance/ARG__11/PCOUT[47]
                         net (fo=1, routed)           0.002     6.330    livt_onnx_flant5_flant5application_i/model_instance/weights_instance/fixed_instance/math_instance/primitive_instance/ARG__11_n_106
    DSP48_X2Y1           DSP48E1 (Prop_dsp48e1_PCIN[47]_PCOUT[47])
                                                      1.713     8.043 r  livt_onnx_flant5_flant5application_i/model_instance/weights_instance/fixed_instance/math_instance/primitive_instance/ARG__12/PCOUT[47]
                         net (fo=1, routed)           0.002     8.045    livt_onnx_flant5_flant5application_i/model_instance/weights_instance/fixed_instance/math_instance/primitive_instance/ARG__12_n_106
    DSP48_X2Y2           DSP48E1 (Prop_dsp48e1_PCIN[47]_PCOUT[47])
                                                      1.713     9.758 r  livt_onnx_flant5_flant5application_i/model_instance/weights_instance/fixed_instance/math_instance/primitive_instance/ARG__13/PCOUT[47]
                         net (fo=1, routed)           0.002     9.760    livt_onnx_flant5_flant5application_i/model_instance/weights_instance/fixed_instance/math_instance/primitive_instance/ARG__13_n_106
    DSP48_X2Y3           DSP48E1 (Prop_dsp48e1_PCIN[47]_P[26])
                                                      1.518    11.278 r  livt_onnx_flant5_flant5application_i/model_instance/weights_instance/fixed_instance/math_instance/primitive_instance/ARG__14/P[26]
                         net (fo=2, routed)           1.265    12.542    livt_onnx_flant5_flant5application_i/model_instance/weights_instance/fixed_instance/math_instance/primitive_instance/p_3_in[60]
    SLICE_X46Y16         LUT3 (Prop_lut3_I1_O)        0.150    12.692 r  livt_onnx_flant5_flant5application_i/model_instance/weights_instance/fixed_instance/math_instance/primitive_instance/ctor_result[62]_i_12/O
                         net (fo=2, routed)           0.816    13.508    livt_onnx_flant5_flant5application_i/model_instance/weights_instance/fixed_instance/math_instance/primitive_instance/ctor_result[62]_i_12_n_0
    SLICE_X46Y17         LUT4 (Prop_lut4_I3_O)        0.355    13.863 r  livt_onnx_flant5_flant5application_i/model_instance/weights_instance/fixed_instance/math_instance/primitive_instance/ctor_result[62]_i_16/O
                         net (fo=1, routed)           0.000    13.863    livt_onnx_flant5_flant5application_i/model_instance/weights_instance/fixed_instance/math_instance/primitive_instance/ctor_result[62]_i_16_n_0
    SLICE_X46Y17         CARRY4 (Prop_carry4_S[0]_CO[3])
                                                      0.513    14.376 r  livt_onnx_flant5_flant5application_i/model_instance/weights_instance/fixed_instance/math_instance/primitive_instance/ctor_result_reg[62]_i_3/CO[3]
                         net (fo=1, routed)           0.000    14.376    livt_onnx_flant5_flant5application_i/model_instance/weights_instance/fixed_instance/math_instance/primitive_instance/ctor_result_reg[62]_i_3_n_0
    SLICE_X46Y18         CARRY4 (Prop_carry4_CI_CO[3])
                                                      0.117    14.493 r  livt_onnx_flant5_flant5application_i/model_instance/weights_instance/fixed_instance/math_instance/primitive_instance/ctor_result_reg[62]_i_130/CO[3]
                         net (fo=1, routed)           0.000    14.493    livt_onnx_flant5_flant5application_i/model_instance/weights_instance/fixed_instance/math_instance/primitive_instance/ctor_result_reg[62]_i_130_n_0
    SLICE_X46Y19         CARRY4 (Prop_carry4_CI_CO[3])
                                                      0.117    14.610 r  livt_onnx_flant5_flant5application_i/model_instance/weights_instance/fixed_instance/math_instance/primitive_instance/ctor_result_reg[62]_i_132/CO[3]
                         net (fo=1, routed)           0.000    14.610    livt_onnx_flant5_flant5application_i/model_instance/weights_instance/fixed_instance/math_instance/primitive_instance/ctor_result_reg[62]_i_132_n_0
    SLICE_X46Y20         CARRY4 (Prop_carry4_CI_CO[3])
                                                      0.117    14.727 r  livt_onnx_flant5_flant5application_i/model_instance/weights_instance/fixed_instance/math_instance/primitive_instance/ctor_result_reg[62]_i_131/CO[3]
                         net (fo=1, routed)           0.000    14.727    livt_onnx_flant5_flant5application_i/model_instance/weights_instance/fixed_instance/math_instance/primitive_instance/ctor_result_reg[62]_i_131_n_0
    SLICE_X46Y21         CARRY4 (Prop_carry4_CI_CO[3])
                                                      0.117    14.844 r  livt_onnx_flant5_flant5application_i/model_instance/weights_instance/fixed_instance/math_instance/primitive_instance/ctor_result_reg[62]_i_105/CO[3]
                         net (fo=1, routed)           0.000    14.844    livt_onnx_flant5_flant5application_i/model_instance/weights_instance/fixed_instance/math_instance/primitive_instance/ctor_result_reg[62]_i_105_n_0
    SLICE_X46Y22         CARRY4 (Prop_carry4_CI_CO[3])
                                                      0.117    14.961 r  livt_onnx_flant5_flant5application_i/model_instance/weights_instance/fixed_instance/math_instance/primitive_instance/ctor_result_reg[62]_i_104/CO[3]
                         net (fo=1, routed)           0.000    14.961    livt_onnx_flant5_flant5application_i/model_instance/weights_instance/fixed_instance/math_instance/primitive_instance/ctor_result_reg[62]_i_104_n_0
    SLICE_X46Y23         CARRY4 (Prop_carry4_CI_CO[3])
                                                      0.117    15.078 r  livt_onnx_flant5_flant5application_i/model_instance/weights_instance/fixed_instance/math_instance/primitive_instance/ctor_result_reg[62]_i_103/CO[3]
                         net (fo=1, routed)           0.000    15.078    livt_onnx_flant5_flant5application_i/model_instance/weights_instance/fixed_instance/math_instance/primitive_instance/ctor_result_reg[62]_i_103_n_0
    SLICE_X46Y24         CARRY4 (Prop_carry4_CI_CO[3])
                                                      0.117    15.195 r  livt_onnx_flant5_flant5application_i/model_instance/weights_instance/fixed_instance/math_instance/primitive_instance/ctor_result_reg[62]_i_73/CO[3]
                         net (fo=1, routed)           0.009    15.204    livt_onnx_flant5_flant5application_i/model_instance/weights_instance/fixed_instance/math_instance/primitive_instance/ctor_result_reg[62]_i_73_n_0
    SLICE_X46Y25         CARRY4 (Prop_carry4_CI_CO[3])
                                                      0.117    15.321 r  livt_onnx_flant5_flant5application_i/model_instance/weights_instance/fixed_instance/math_instance/primitive_instance/ctor_result_reg[62]_i_72/CO[3]
                         net (fo=1, routed)           0.000    15.321    livt_onnx_flant5_flant5application_i/model_instance/weights_instance/fixed_instance/math_instance/primitive_instance/ctor_result_reg[62]_i_72_n_0
    SLICE_X46Y26         CARRY4 (Prop_carry4_CI_CO[3])
                                                      0.117    15.438 r  livt_onnx_flant5_flant5application_i/model_instance/weights_instance/fixed_instance/math_instance/primitive_instance/ctor_result_reg[62]_i_71/CO[3]
                         net (fo=1, routed)           0.000    15.438    livt_onnx_flant5_flant5application_i/model_instance/weights_instance/fixed_instance/math_instance/primitive_instance/ctor_result_reg[62]_i_71_n_0
    SLICE_X46Y27         CARRY4 (Prop_carry4_CI_CO[3])
                                                      0.117    15.555 r  livt_onnx_flant5_flant5application_i/model_instance/weights_instance/fixed_instance/math_instance/primitive_instance/ctor_result_reg[62]_i_49/CO[3]
                         net (fo=1, routed)           0.000    15.555    livt_onnx_flant5_flant5application_i/model_instance/weights_instance/fixed_instance/math_instance/primitive_instance/ctor_result_reg[62]_i_49_n_0
    SLICE_X46Y28         CARRY4 (Prop_carry4_CI_CO[3])
                                                      0.117    15.672 r  livt_onnx_flant5_flant5application_i/model_instance/weights_instance/fixed_instance/math_instance/primitive_instance/ctor_result_reg[62]_i_48/CO[3]
                         net (fo=1, routed)           0.000    15.672    livt_onnx_flant5_flant5application_i/model_instance/weights_instance/fixed_instance/math_instance/primitive_instance/ctor_result_reg[62]_i_48_n_0
    SLICE_X46Y29         CARRY4 (Prop_carry4_CI_CO[3])
                                                      0.117    15.789 r  livt_onnx_flant5_flant5application_i/model_instance/weights_instance/fixed_instance/math_instance/primitive_instance/ctor_result_reg[62]_i_47/CO[3]
                         net (fo=1, routed)           0.000    15.789    livt_onnx_flant5_flant5application_i/model_instance/weights_instance/fixed_instance/math_instance/primitive_instance/ctor_result_reg[62]_i_47_n_0
    SLICE_X46Y30         CARRY4 (Prop_carry4_CI_CO[3])
                                                      0.117    15.906 r  livt_onnx_flant5_flant5application_i/model_instance/weights_instance/fixed_instance/math_instance/primitive_instance/ctor_result_reg[62]_i_38/CO[3]
                         net (fo=1, routed)           0.000    15.906    livt_onnx_flant5_flant5application_i/model_instance/weights_instance/fixed_instance/math_instance/primitive_instance/ctor_result_reg[62]_i_38_n_0
    SLICE_X46Y31         CARRY4 (Prop_carry4_CI_CO[3])
                                                      0.117    16.023 r  livt_onnx_flant5_flant5application_i/model_instance/weights_instance/fixed_instance/math_instance/primitive_instance/ctor_result_reg[62]_i_37/CO[3]
                         net (fo=1, routed)           0.000    16.023    livt_onnx_flant5_flant5application_i/model_instance/weights_instance/fixed_instance/math_instance/primitive_instance/ctor_result_reg[62]_i_37_n_0
    SLICE_X46Y32         CARRY4 (Prop_carry4_CI_CO[3])
                                                      0.117    16.140 r  livt_onnx_flant5_flant5application_i/model_instance/weights_instance/fixed_instance/math_instance/primitive_instance/ctor_result_reg[62]_i_36/CO[3]
                         net (fo=1, routed)           0.000    16.140    livt_onnx_flant5_flant5application_i/model_instance/weights_instance/fixed_instance/math_instance/primitive_instance/ctor_result_reg[62]_i_36_n_0
    SLICE_X46Y33         CARRY4 (Prop_carry4_CI_O[2])
                                                      0.239    16.379 r  livt_onnx_flant5_flant5application_i/model_instance/weights_instance/fixed_instance/math_instance/primitive_instance/ctor_result_reg[62]_i_30/O[2]
                         net (fo=22, routed)          0.924    17.303    livt_onnx_flant5_flant5application_i/model_instance/weights_instance/fixed_instance/math_instance/primitive_instance/RESIZE[63]
    SLICE_X47Y22         LUT4 (Prop_lut4_I1_O)        0.301    17.604 r  livt_onnx_flant5_flant5application_i/model_instance/weights_instance/fixed_instance/math_instance/primitive_instance/ctor_result[62]_i_98/O
                         net (fo=1, routed)           0.330    17.934    livt_onnx_flant5_flant5application_i/model_instance/weights_instance/fixed_instance/math_instance/primitive_instance/ctor_result[62]_i_98_n_0
    SLICE_X47Y23         CARRY4 (Prop_carry4_CYINIT_CO[3])
                                                      0.580    18.514 r  livt_onnx_flant5_flant5application_i/model_instance/weights_instance/fixed_instance/math_instance/primitive_instance/ctor_result_reg[62]_i_66/CO[3]
                         net (fo=1, routed)           0.000    18.514    livt_onnx_flant5_flant5application_i/model_instance/weights_instance/fixed_instance/math_instance/primitive_instance/ctor_result_reg[62]_i_66_n_0
    SLICE_X47Y24         CARRY4 (Prop_carry4_CI_CO[3])
                                                      0.114    18.628 r  livt_onnx_flant5_flant5application_i/model_instance/weights_instance/fixed_instance/math_instance/primitive_instance/ctor_result_reg[62]_i_42/CO[3]
                         net (fo=1, routed)           0.009    18.637    livt_onnx_flant5_flant5application_i/model_instance/weights_instance/fixed_instance/math_instance/primitive_instance/ctor_result_reg[62]_i_42_n_0
    SLICE_X47Y25         CARRY4 (Prop_carry4_CI_CO[3])
                                                      0.114    18.751 r  livt_onnx_flant5_flant5application_i/model_instance/weights_instance/fixed_instance/math_instance/primitive_instance/ctor_result_reg[62]_i_31/CO[3]
                         net (fo=1, routed)           0.000    18.751    livt_onnx_flant5_flant5application_i/model_instance/weights_instance/fixed_instance/math_instance/primitive_instance/ctor_result_reg[62]_i_31_n_0
    SLICE_X47Y26         CARRY4 (Prop_carry4_CI_CO[3])
                                                      0.114    18.865 r  livt_onnx_flant5_flant5application_i/model_instance/weights_instance/fixed_instance/math_instance/primitive_instance/ctor_result_reg[62]_i_25/CO[3]
                         net (fo=1, routed)           0.000    18.865    livt_onnx_flant5_flant5application_i/model_instance/weights_instance/fixed_instance/math_instance/primitive_instance/ctor_result_reg[62]_i_25_n_0
    SLICE_X47Y27         CARRY4 (Prop_carry4_CI_CO[3])
                                                      0.114    18.979 r  livt_onnx_flant5_flant5application_i/model_instance/weights_instance/fixed_instance/math_instance/primitive_instance/ctor_result_reg[62]_i_23/CO[3]
                         net (fo=1, routed)           0.000    18.979    livt_onnx_flant5_flant5application_i/model_instance/weights_instance/fixed_instance/math_instance/primitive_instance/ctor_result_reg[62]_i_23_n_0
    SLICE_X47Y28         CARRY4 (Prop_carry4_CI_CO[0])
                                                      0.271    19.250 f  livt_onnx_flant5_flant5application_i/model_instance/weights_instance/fixed_instance/math_instance/primitive_instance/ctor_result_reg[62]_i_8/CO[0]
                         net (fo=1, routed)           0.772    20.021    livt_onnx_flant5_flant5application_i/model_instance/weights_instance/fixed_instance/math_instance/primitive_instance/data0
    SLICE_X41Y24         LUT6 (Prop_lut6_I4_O)        0.373    20.394 f  livt_onnx_flant5_flant5application_i/model_instance/weights_instance/fixed_instance/math_instance/primitive_instance/ctor_result[62]_i_2/O
                         net (fo=64, routed)          1.658    22.053    livt_onnx_flant5_flant5application_i/model_instance/weights_instance/fixed_instance/math_instance/primitive_instance/ctor_result[62]_i_2_n_0
    SLICE_X30Y13         LUT6 (Prop_lut6_I5_O)        0.124    22.177 r  livt_onnx_flant5_flant5application_i/model_instance/weights_instance/fixed_instance/math_instance/primitive_instance/ctor_result[18]_i_2/O
                         net (fo=1, routed)           0.540    22.717    livt_onnx_flant5_flant5application_i/model_instance/weights_instance/fixed_instance/math_instance/primitive_instance/ctor_result[18]_i_2_n_0
    SLICE_X30Y14         LUT6 (Prop_lut6_I2_O)        0.124    22.841 r  livt_onnx_flant5_flant5application_i/model_instance/weights_instance/fixed_instance/math_instance/primitive_instance/ctor_result[18]_i_1/O
                         net (fo=1, routed)           0.000    22.841    livt_onnx_flant5_flant5application_i/model_instance/weights_instance/fixed_instance/math_instance/primitive_instance/ctor_result[18]_i_1_n_0
    SLICE_X30Y14         FDRE                                         r  livt_onnx_flant5_flant5application_i/model_instance/weights_instance/fixed_instance/math_instance/primitive_instance/ctor_result_reg[18]/D
  -------------------------------------------------------------------    -------------------

                         (clock app_clock rise edge)
                                                     20.000    20.000 r  <hidden>
                                                      0.000    20.000 r  Clk
                         net (fo=102028, unset)       1.982    21.982    livt_onnx_flant5_flant5application_i/model_instance/weights_instance/fixed_instance/math_instance/primitive_instance/Clk
    SLICE_X30Y14         FDRE                                         r  livt_onnx_flant5_flant5application_i/model_instance/weights_instance/fixed_instance/math_instance/primitive_instance/ctor_result_reg[18]/C
                         clock pessimism              0.096    22.078    <hidden>
                         clock uncertainty           -0.035    22.043    <hidden>
    SLICE_X30Y14         FDRE (Setup_fdre_C_D)        0.029    22.072    livt_onnx_flant5_flant5application_i/model_instance/weights_instance/fixed_instance/math_instance/primitive_instance/ctor_result_reg[18]
  -------------------------------------------------------------------
                         required time                         22.072    <hidden>
                         arrival time                         -22.841    <hidden>
  -------------------------------------------------------------------
                         slack                                 -0.769    <hidden>

Slack (VIOLATED) :        -0.769ns  (required time - arrival time)
  Source:                 livt_onnx_flant5_flant5application_i/model_instance/weights_instance/fixed_instance/math_instance/primitive_instance/ARG__11/CLK
                            (rising edge-triggered cell DSP48E1 clocked by app_clock  {rise@0.000ns fall@10.000ns period=20.000ns})
  Destination:            livt_onnx_flant5_flant5application_i/model_instance/weights_instance/fixed_instance/math_instance/primitive_instance/ctor_result_reg[14]/D
                            (rising edge-triggered cell FDRE clocked by app_clock  {rise@0.000ns fall@10.000ns period=20.000ns})
  Path Group:             app_clock
  Path Type:              Setup (Max at Slow Process Corner)
  Requirement:            20.000ns  (app_clock rise@20.000ns - app_clock rise@0.000ns)
  Data Path Delay:        20.717ns  (logic 14.391ns (69.465%)  route 6.326ns (30.535%))
  Logic Levels:           32  (CARRY4=23 DSP48E1=3 LUT3=1 LUT4=2 LUT6=3)
  Clock Path Skew:        -0.046ns (DCD - SCD + CPR)
    Destination Clock Delay (DCD):    1.980ns = ( 21.980 - 20.000 ) 
    Source Clock Delay      (SCD):    2.122ns
    Clock Pessimism Removal (CPR):    0.096ns
  Clock Uncertainty:      0.035ns  ((TSJ^2 + TIJ^2)^1/2 + DJ) / 2 + PE
    Total System Jitter     (TSJ):    0.071ns
    Total Input Jitter      (TIJ):    0.000ns
    Discrete Jitter          (DJ):    0.000ns
    Phase Error              (PE):    0.000ns

    Location             Delay type                Incr(ns)  Path(ns)    Netlist Resource(s)
  -------------------------------------------------------------------    -------------------
                         (clock app_clock rise edge)
                                                      0.000     0.000 r  <hidden>
                                                      0.000     0.000 r  Clk
                         net (fo=102028, unset)       2.122     2.122    livt_onnx_flant5_flant5application_i/model_instance/weights_instance/fixed_instance/math_instance/primitive_instance/Clk
    DSP48_X2Y0           DSP48E1                                      r  livt_onnx_flant5_flant5application_i/model_instance/weights_instance/fixed_instance/math_instance/primitive_instance/ARG__11/CLK
  -------------------------------------------------------------------    -------------------
    DSP48_X2Y0           DSP48E1 (Prop_dsp48e1_CLK_PCOUT[47])
                                                      4.206     6.328 r  livt_onnx_flant5_flant5application_i/model_instance/weights_instance/fixed_instance/math_instance/primitive_instance/ARG__11/PCOUT[47]
                         net (fo=1, routed)           0.002     6.330    livt_onnx_flant5_flant5application_i/model_instance/weights_instance/fixed_instance/math_instance/primitive_instance/ARG__11_n_106
    DSP48_X2Y1           DSP48E1 (Prop_dsp48e1_PCIN[47]_PCOUT[47])
                                                      1.713     8.043 r  livt_onnx_flant5_flant5application_i/model_instance/weights_instance/fixed_instance/math_instance/primitive_instance/ARG__12/PCOUT[47]
                         net (fo=1, routed)           0.002     8.045    livt_onnx_flant5_flant5application_i/model_instance/weights_instance/fixed_instance/math_instance/primitive_instance/ARG__12_n_106
    DSP48_X2Y2           DSP48E1 (Prop_dsp48e1_PCIN[47]_PCOUT[47])
                                                      1.713     9.758 r  livt_onnx_flant5_flant5application_i/model_instance/weights_instance/fixed_instance/math_instance/primitive_instance/ARG__13/PCOUT[47]
                         net (fo=1, routed)           0.002     9.760    livt_onnx_flant5_flant5application_i/model_instance/weights_instance/fixed_instance/math_instance/primitive_instance/ARG__13_n_106
    DSP48_X2Y3           DSP48E1 (Prop_dsp48e1_PCIN[47]_P[26])
                                                      1.518    11.278 r  livt_onnx_flant5_flant5application_i/model_instance/weights_instance/fixed_instance/math_instance/primitive_instance/ARG__14/P[26]
                         net (fo=2, routed)           1.265    12.542    livt_onnx_flant5_flant5application_i/model_instance/weights_instance/fixed_instance/math_instance/primitive_instance/p_3_in[60]
    SLICE_X46Y16         LUT3 (Prop_lut3_I1_O)        0.150    12.692 r  livt_onnx_flant5_flant5application_i/model_instance/weights_instance/fixed_instance/math_instance/primitive_instance/ctor_result[62]_i_12/O
                         net (fo=2, routed)           0.816    13.508    livt_onnx_flant5_flant5application_i/model_instance/weights_instance/fixed_instance/math_instance/primitive_instance/ctor_result[62]_i_12_n_0
    SLICE_X46Y17         LUT4 (Prop_lut4_I3_O)        0.355    13.863 r  livt_onnx_flant5_flant5application_i/model_instance/weights_instance/fixed_instance/math_instance/primitive_instance/ctor_result[62]_i_16/O
                         net (fo=1, routed)           0.000    13.863    livt_onnx_flant5_flant5application_i/model_instance/weights_instance/fixed_instance/math_instance/primitive_instance/ctor_result[62]_i_16_n_0
    SLICE_X46Y17         CARRY4 (Prop_carry4_S[0]_CO[3])
                                                      0.513    14.376 r  livt_onnx_flant5_flant5application_i/model_instance/weights_instance/fixed_instance/math_instance/primitive_instance/ctor_result_reg[62]_i_3/CO[3]
                         net (fo=1, routed)           0.000    14.376    livt_onnx_flant5_flant5application_i/model_instance/weights_instance/fixed_instance/math_instance/primitive_instance/ctor_result_reg[62]_i_3_n_0
    SLICE_X46Y18         CARRY4 (Prop_carry4_CI_CO[3])
                                                      0.117    14.493 r  livt_onnx_flant5_flant5application_i/model_instance/weights_instance/fixed_instance/math_instance/primitive_instance/ctor_result_reg[62]_i_130/CO[3]
                         net (fo=1, routed)           0.000    14.493    livt_onnx_flant5_flant5application_i/model_instance/weights_instance/fixed_instance/math_instance/primitive_instance/ctor_result_reg[62]_i_130_n_0
    SLICE_X46Y19         CARRY4 (Prop_carry4_CI_CO[3])
                                                      0.117    14.610 r  livt_onnx_flant5_flant5application_i/model_instance/weights_instance/fixed_instance/math_instance/primitive_instance/ctor_result_reg[62]_i_132/CO[3]
                         net (fo=1, routed)           0.000    14.610    livt_onnx_flant5_flant5application_i/model_instance/weights_instance/fixed_instance/math_instance/primitive_instance/ctor_result_reg[62]_i_132_n_0
    SLICE_X46Y20         CARRY4 (Prop_carry4_CI_CO[3])
                                                      0.117    14.727 r  livt_onnx_flant5_flant5application_i/model_instance/weights_instance/fixed_instance/math_instance/primitive_instance/ctor_result_reg[62]_i_131/CO[3]
                         net (fo=1, routed)           0.000    14.727    livt_onnx_flant5_flant5application_i/model_instance/weights_instance/fixed_instance/math_instance/primitive_instance/ctor_result_reg[62]_i_131_n_0
    SLICE_X46Y21         CARRY4 (Prop_carry4_CI_CO[3])
                                                      0.117    14.844 r  livt_onnx_flant5_flant5application_i/model_instance/weights_instance/fixed_instance/math_instance/primitive_instance/ctor_result_reg[62]_i_105/CO[3]
                         net (fo=1, routed)           0.000    14.844    livt_onnx_flant5_flant5application_i/model_instance/weights_instance/fixed_instance/math_instance/primitive_instance/ctor_result_reg[62]_i_105_n_0
    SLICE_X46Y22         CARRY4 (Prop_carry4_CI_CO[3])
                                                      0.117    14.961 r  livt_onnx_flant5_flant5application_i/model_instance/weights_instance/fixed_instance/math_instance/primitive_instance/ctor_result_reg[62]_i_104/CO[3]
                         net (fo=1, routed)           0.000    14.961    livt_onnx_flant5_flant5application_i/model_instance/weights_instance/fixed_instance/math_instance/primitive_instance/ctor_result_reg[62]_i_104_n_0
    SLICE_X46Y23         CARRY4 (Prop_carry4_CI_CO[3])
                                                      0.117    15.078 r  livt_onnx_flant5_flant5application_i/model_instance/weights_instance/fixed_instance/math_instance/primitive_instance/ctor_result_reg[62]_i_103/CO[3]
                         net (fo=1, routed)           0.000    15.078    livt_onnx_flant5_flant5application_i/model_instance/weights_instance/fixed_instance/math_instance/primitive_instance/ctor_result_reg[62]_i_103_n_0
    SLICE_X46Y24         CARRY4 (Prop_carry4_CI_CO[3])
                                                      0.117    15.195 r  livt_onnx_flant5_flant5application_i/model_instance/weights_instance/fixed_instance/math_instance/primitive_instance/ctor_result_reg[62]_i_73/CO[3]
                         net (fo=1, routed)           0.009    15.204    livt_onnx_flant5_flant5application_i/model_instance/weights_instance/fixed_instance/math_instance/primitive_instance/ctor_result_reg[62]_i_73_n_0
    SLICE_X46Y25         CARRY4 (Prop_carry4_CI_CO[3])
                                                      0.117    15.321 r  livt_onnx_flant5_flant5application_i/model_instance/weights_instance/fixed_instance/math_instance/primitive_instance/ctor_result_reg[62]_i_72/CO[3]
                         net (fo=1, routed)           0.000    15.321    livt_onnx_flant5_flant5application_i/model_instance/weights_instance/fixed_instance/math_instance/primitive_instance/ctor_result_reg[62]_i_72_n_0
    SLICE_X46Y26         CARRY4 (Prop_carry4_CI_CO[3])
                                                      0.117    15.438 r  livt_onnx_flant5_flant5application_i/model_instance/weights_instance/fixed_instance/math_instance/primitive_instance/ctor_result_reg[62]_i_71/CO[3]
                         net (fo=1, routed)           0.000    15.438    livt_onnx_flant5_flant5application_i/model_instance/weights_instance/fixed_instance/math_instance/primitive_instance/ctor_result_reg[62]_i_71_n_0
    SLICE_X46Y27         CARRY4 (Prop_carry4_CI_CO[3])
                                                      0.117    15.555 r  livt_onnx_flant5_flant5application_i/model_instance/weights_instance/fixed_instance/math_instance/primitive_instance/ctor_result_reg[62]_i_49/CO[3]
                         net (fo=1, routed)           0.000    15.555    livt_onnx_flant5_flant5application_i/model_instance/weights_instance/fixed_instance/math_instance/primitive_instance/ctor_result_reg[62]_i_49_n_0
    SLICE_X46Y28         CARRY4 (Prop_carry4_CI_CO[3])
                                                      0.117    15.672 r  livt_onnx_flant5_flant5application_i/model_instance/weights_instance/fixed_instance/math_instance/primitive_instance/ctor_result_reg[62]_i_48/CO[3]
                         net (fo=1, routed)           0.000    15.672    livt_onnx_flant5_flant5application_i/model_instance/weights_instance/fixed_instance/math_instance/primitive_instance/ctor_result_reg[62]_i_48_n_0
    SLICE_X46Y29         CARRY4 (Prop_carry4_CI_CO[3])
                                                      0.117    15.789 r  livt_onnx_flant5_flant5application_i/model_instance/weights_instance/fixed_instance/math_instance/primitive_instance/ctor_result_reg[62]_i_47/CO[3]
                         net (fo=1, routed)           0.000    15.789    livt_onnx_flant5_flant5application_i/model_instance/weights_instance/fixed_instance/math_instance/primitive_instance/ctor_result_reg[62]_i_47_n_0
    SLICE_X46Y30         CARRY4 (Prop_carry4_CI_CO[3])
                                                      0.117    15.906 r  livt_onnx_flant5_flant5application_i/model_instance/weights_instance/fixed_instance/math_instance/primitive_instance/ctor_result_reg[62]_i_38/CO[3]
                         net (fo=1, routed)           0.000    15.906    livt_onnx_flant5_flant5application_i/model_instance/weights_instance/fixed_instance/math_instance/primitive_instance/ctor_result_reg[62]_i_38_n_0
    SLICE_X46Y31         CARRY4 (Prop_carry4_CI_CO[3])
                                                      0.117    16.023 r  livt_onnx_flant5_flant5application_i/model_instance/weights_instance/fixed_instance/math_instance/primitive_instance/ctor_result_reg[62]_i_37/CO[3]
                         net (fo=1, routed)           0.000    16.023    livt_onnx_flant5_flant5application_i/model_instance/weights_instance/fixed_instance/math_instance/primitive_instance/ctor_result_reg[62]_i_37_n_0
    SLICE_X46Y32         CARRY4 (Prop_carry4_CI_CO[3])
                                                      0.117    16.140 r  livt_onnx_flant5_flant5application_i/model_instance/weights_instance/fixed_instance/math_instance/primitive_instance/ctor_result_reg[62]_i_36/CO[3]
                         net (fo=1, routed)           0.000    16.140    livt_onnx_flant5_flant5application_i/model_instance/weights_instance/fixed_instance/math_instance/primitive_instance/ctor_result_reg[62]_i_36_n_0
    SLICE_X46Y33         CARRY4 (Prop_carry4_CI_O[2])
                                                      0.239    16.379 r  livt_onnx_flant5_flant5application_i/model_instance/weights_instance/fixed_instance/math_instance/primitive_instance/ctor_result_reg[62]_i_30/O[2]
                         net (fo=22, routed)          0.924    17.303    livt_onnx_flant5_flant5application_i/model_instance/weights_instance/fixed_instance/math_instance/primitive_instance/RESIZE[63]
    SLICE_X47Y22         LUT4 (Prop_lut4_I1_O)        0.301    17.604 r  livt_onnx_flant5_flant5application_i/model_instance/weights_instance/fixed_instance/math_instance/primitive_instance/ctor_result[62]_i_98/O
                         net (fo=1, routed)           0.330    17.934    livt_onnx_flant5_flant5application_i/model_instance/weights_instance/fixed_instance/math_instance/primitive_instance/ctor_result[62]_i_98_n_0
    SLICE_X47Y23         CARRY4 (Prop_carry4_CYINIT_CO[3])
                                                      0.580    18.514 r  livt_onnx_flant5_flant5application_i/model_instance/weights_instance/fixed_instance/math_instance/primitive_instance/ctor_result_reg[62]_i_66/CO[3]
                         net (fo=1, routed)           0.000    18.514    livt_onnx_flant5_flant5application_i/model_instance/weights_instance/fixed_instance/math_instance/primitive_instance/ctor_result_reg[62]_i_66_n_0
    SLICE_X47Y24         CARRY4 (Prop_carry4_CI_CO[3])
                                                      0.114    18.628 r  livt_onnx_flant5_flant5application_i/model_instance/weights_instance/fixed_instance/math_instance/primitive_instance/ctor_result_reg[62]_i_42/CO[3]
                         net (fo=1, routed)           0.009    18.637    livt_onnx_flant5_flant5application_i/model_instance/weights_instance/fixed_instance/math_instance/primitive_instance/ctor_result_reg[62]_i_42_n_0
    SLICE_X47Y25         CARRY4 (Prop_carry4_CI_CO[3])
                                                      0.114    18.751 r  livt_onnx_flant5_flant5application_i/model_instance/weights_instance/fixed_instance/math_instance/primitive_instance/ctor_result_reg[62]_i_31/CO[3]
                         net (fo=1, routed)           0.000    18.751    livt_onnx_flant5_flant5application_i/model_instance/weights_instance/fixed_instance/math_instance/primitive_instance/ctor_result_reg[62]_i_31_n_0
    SLICE_X47Y26         CARRY4 (Prop_carry4_CI_CO[3])
                                                      0.114    18.865 r  livt_onnx_flant5_flant5application_i/model_instance/weights_instance/fixed_instance/math_instance/primitive_instance/ctor_result_reg[62]_i_25/CO[3]
                         net (fo=1, routed)           0.000    18.865    livt_onnx_flant5_flant5application_i/model_instance/weights_instance/fixed_instance/math_instance/primitive_instance/ctor_result_reg[62]_i_25_n_0
    SLICE_X47Y27         CARRY4 (Prop_carry4_CI_CO[3])
                                                      0.114    18.979 r  livt_onnx_flant5_flant5application_i/model_instance/weights_instance/fixed_instance/math_instance/primitive_instance/ctor_result_reg[62]_i_23/CO[3]
                         net (fo=1, routed)           0.000    18.979    livt_onnx_flant5_flant5application_i/model_instance/weights_instance/fixed_instance/math_instance/primitive_instance/ctor_result_reg[62]_i_23_n_0
    SLICE_X47Y28         CARRY4 (Prop_carry4_CI_CO[0])
                                                      0.271    19.250 f  livt_onnx_flant5_flant5application_i/model_instance/weights_instance/fixed_instance/math_instance/primitive_instance/ctor_result_reg[62]_i_8/CO[0]
                         net (fo=1, routed)           0.772    20.021    livt_onnx_flant5_flant5application_i/model_instance/weights_instance/fixed_instance/math_instance/primitive_instance/data0
    SLICE_X41Y24         LUT6 (Prop_lut6_I4_O)        0.373    20.394 f  livt_onnx_flant5_flant5application_i/model_instance/weights_instance/fixed_instance/math_instance/primitive_instance/ctor_result[62]_i_2/O
                         net (fo=64, routed)          1.311    21.705    livt_onnx_flant5_flant5application_i/model_instance/weights_instance/fixed_instance/math_instance/primitive_instance/ctor_result[62]_i_2_n_0
    SLICE_X32Y18         LUT6 (Prop_lut6_I2_O)        0.124    21.829 r  livt_onnx_flant5_flant5application_i/model_instance/weights_instance/fixed_instance/math_instance/primitive_instance/ctor_result[14]_i_2/O
                         net (fo=1, routed)           0.885    22.715    livt_onnx_flant5_flant5application_i/model_instance/weights_instance/fixed_instance/math_instance/primitive_instance/ctor_result[14]_i_2_n_0
    SLICE_X29Y16         LUT6 (Prop_lut6_I4_O)        0.124    22.839 r  livt_onnx_flant5_flant5application_i/model_instance/weights_instance/fixed_instance/math_instance/primitive_instance/ctor_result[14]_i_1/O
                         net (fo=1, routed)           0.000    22.839    livt_onnx_flant5_flant5application_i/model_instance/weights_instance/fixed_instance/math_instance/primitive_instance/ctor_result[14]_i_1_n_0
    SLICE_X29Y16         FDRE                                         r  livt_onnx_flant5_flant5application_i/model_instance/weights_instance/fixed_instance/math_instance/primitive_instance/ctor_result_reg[14]/D
  -------------------------------------------------------------------    -------------------

                         (clock app_clock rise edge)
                                                     20.000    20.000 r  <hidden>
                                                      0.000    20.000 r  Clk
                         net (fo=102028, unset)       1.980    21.980    livt_onnx_flant5_flant5application_i/model_instance/weights_instance/fixed_instance/math_instance/primitive_instance/Clk
    SLICE_X29Y16         FDRE                                         r  livt_onnx_flant5_flant5application_i/model_instance/weights_instance/fixed_instance/math_instance/primitive_instance/ctor_result_reg[14]/C
                         clock pessimism              0.096    22.076    <hidden>
                         clock uncertainty           -0.035    22.041    <hidden>
    SLICE_X29Y16         FDRE (Setup_fdre_C_D)        0.029    22.070    livt_onnx_flant5_flant5application_i/model_instance/weights_instance/fixed_instance/math_instance/primitive_instance/ctor_result_reg[14]
  -------------------------------------------------------------------
                         required time                         22.070    <hidden>
                         arrival time                         -22.839    <hidden>
  -------------------------------------------------------------------
                         slack                                 -0.769    <hidden>

Slack (VIOLATED) :        -0.758ns  (required time - arrival time)
  Source:                 livt_onnx_flant5_flant5application_i/model_instance/weights_instance/fixed_instance/math_instance/primitive_instance/ARG__11/CLK
                            (rising edge-triggered cell DSP48E1 clocked by app_clock  {rise@0.000ns fall@10.000ns period=20.000ns})
  Destination:            livt_onnx_flant5_flant5application_i/model_instance/weights_instance/fixed_instance/math_instance/primitive_instance/ctor_result_reg[5]/D
                            (rising edge-triggered cell FDRE clocked by app_clock  {rise@0.000ns fall@10.000ns period=20.000ns})
  Path Group:             app_clock
  Path Type:              Setup (Max at Slow Process Corner)
  Requirement:            20.000ns  (app_clock rise@20.000ns - app_clock rise@0.000ns)
  Data Path Delay:        20.711ns  (logic 14.391ns (69.485%)  route 6.320ns (30.515%))
  Logic Levels:           32  (CARRY4=23 DSP48E1=3 LUT3=1 LUT4=2 LUT6=3)
  Clock Path Skew:        -0.043ns (DCD - SCD + CPR)
    Destination Clock Delay (DCD):    1.983ns = ( 21.983 - 20.000 ) 
    Source Clock Delay      (SCD):    2.122ns
    Clock Pessimism Removal (CPR):    0.096ns
  Clock Uncertainty:      0.035ns  ((TSJ^2 + TIJ^2)^1/2 + DJ) / 2 + PE
    Total System Jitter     (TSJ):    0.071ns
    Total Input Jitter      (TIJ):    0.000ns
    Discrete Jitter          (DJ):    0.000ns
    Phase Error              (PE):    0.000ns

    Location             Delay type                Incr(ns)  Path(ns)    Netlist Resource(s)
  -------------------------------------------------------------------    -------------------
                         (clock app_clock rise edge)
                                                      0.000     0.000 r  <hidden>
                                                      0.000     0.000 r  Clk
                         net (fo=102028, unset)       2.122     2.122    livt_onnx_flant5_flant5application_i/model_instance/weights_instance/fixed_instance/math_instance/primitive_instance/Clk
    DSP48_X2Y0           DSP48E1                                      r  livt_onnx_flant5_flant5application_i/model_instance/weights_instance/fixed_instance/math_instance/primitive_instance/ARG__11/CLK
  -------------------------------------------------------------------    -------------------
    DSP48_X2Y0           DSP48E1 (Prop_dsp48e1_CLK_PCOUT[47])
                                                      4.206     6.328 r  livt_onnx_flant5_flant5application_i/model_instance/weights_instance/fixed_instance/math_instance/primitive_instance/ARG__11/PCOUT[47]
                         net (fo=1, routed)           0.002     6.330    livt_onnx_flant5_flant5application_i/model_instance/weights_instance/fixed_instance/math_instance/primitive_instance/ARG__11_n_106
    DSP48_X2Y1           DSP48E1 (Prop_dsp48e1_PCIN[47]_PCOUT[47])
                                                      1.713     8.043 r  livt_onnx_flant5_flant5application_i/model_instance/weights_instance/fixed_instance/math_instance/primitive_instance/ARG__12/PCOUT[47]
                         net (fo=1, routed)           0.002     8.045    livt_onnx_flant5_flant5application_i/model_instance/weights_instance/fixed_instance/math_instance/primitive_instance/ARG__12_n_106
    DSP48_X2Y2           DSP48E1 (Prop_dsp48e1_PCIN[47]_PCOUT[47])
                                                      1.713     9.758 r  livt_onnx_flant5_flant5application_i/model_instance/weights_instance/fixed_instance/math_instance/primitive_instance/ARG__13/PCOUT[47]
                         net (fo=1, routed)           0.002     9.760    livt_onnx_flant5_flant5application_i/model_instance/weights_instance/fixed_instance/math_instance/primitive_instance/ARG__13_n_106
    DSP48_X2Y3           DSP48E1 (Prop_dsp48e1_PCIN[47]_P[26])
                                                      1.518    11.278 r  livt_onnx_flant5_flant5application_i/model_instance/weights_instance/fixed_instance/math_instance/primitive_instance/ARG__14/P[26]
                         net (fo=2, routed)           1.265    12.542    livt_onnx_flant5_flant5application_i/model_instance/weights_instance/fixed_instance/math_instance/primitive_instance/p_3_in[60]
    SLICE_X46Y16         LUT3 (Prop_lut3_I1_O)        0.150    12.692 r  livt_onnx_flant5_flant5application_i/model_instance/weights_instance/fixed_instance/math_instance/primitive_instance/ctor_result[62]_i_12/O
                         net (fo=2, routed)           0.816    13.508    livt_onnx_flant5_flant5application_i/model_instance/weights_instance/fixed_instance/math_instance/primitive_instance/ctor_result[62]_i_12_n_0
    SLICE_X46Y17         LUT4 (Prop_lut4_I3_O)        0.355    13.863 r  livt_onnx_flant5_flant5application_i/model_instance/weights_instance/fixed_instance/math_instance/primitive_instance/ctor_result[62]_i_16/O
                         net (fo=1, routed)           0.000    13.863    livt_onnx_flant5_flant5application_i/model_instance/weights_instance/fixed_instance/math_instance/primitive_instance/ctor_result[62]_i_16_n_0
    SLICE_X46Y17         CARRY4 (Prop_carry4_S[0]_CO[3])
                                                      0.513    14.376 r  livt_onnx_flant5_flant5application_i/model_instance/weights_instance/fixed_instance/math_instance/primitive_instance/ctor_result_reg[62]_i_3/CO[3]
                         net (fo=1, routed)           0.000    14.376    livt_onnx_flant5_flant5application_i/model_instance/weights_instance/fixed_instance/math_instance/primitive_instance/ctor_result_reg[62]_i_3_n_0
    SLICE_X46Y18         CARRY4 (Prop_carry4_CI_CO[3])
                                                      0.117    14.493 r  livt_onnx_flant5_flant5application_i/model_instance/weights_instance/fixed_instance/math_instance/primitive_instance/ctor_result_reg[62]_i_130/CO[3]
                         net (fo=1, routed)           0.000    14.493    livt_onnx_flant5_flant5application_i/model_instance/weights_instance/fixed_instance/math_instance/primitive_instance/ctor_result_reg[62]_i_130_n_0
    SLICE_X46Y19         CARRY4 (Prop_carry4_CI_CO[3])
                                                      0.117    14.610 r  livt_onnx_flant5_flant5application_i/model_instance/weights_instance/fixed_instance/math_instance/primitive_instance/ctor_result_reg[62]_i_132/CO[3]
                         net (fo=1, routed)           0.000    14.610    livt_onnx_flant5_flant5application_i/model_instance/weights_instance/fixed_instance/math_instance/primitive_instance/ctor_result_reg[62]_i_132_n_0
    SLICE_X46Y20         CARRY4 (Prop_carry4_CI_CO[3])
                                                      0.117    14.727 r  livt_onnx_flant5_flant5application_i/model_instance/weights_instance/fixed_instance/math_instance/primitive_instance/ctor_result_reg[62]_i_131/CO[3]
                         net (fo=1, routed)           0.000    14.727    livt_onnx_flant5_flant5application_i/model_instance/weights_instance/fixed_instance/math_instance/primitive_instance/ctor_result_reg[62]_i_131_n_0
    SLICE_X46Y21         CARRY4 (Prop_carry4_CI_CO[3])
                                                      0.117    14.844 r  livt_onnx_flant5_flant5application_i/model_instance/weights_instance/fixed_instance/math_instance/primitive_instance/ctor_result_reg[62]_i_105/CO[3]
                         net (fo=1, routed)           0.000    14.844    livt_onnx_flant5_flant5application_i/model_instance/weights_instance/fixed_instance/math_instance/primitive_instance/ctor_result_reg[62]_i_105_n_0
    SLICE_X46Y22         CARRY4 (Prop_carry4_CI_CO[3])
                                                      0.117    14.961 r  livt_onnx_flant5_flant5application_i/model_instance/weights_instance/fixed_instance/math_instance/primitive_instance/ctor_result_reg[62]_i_104/CO[3]
                         net (fo=1, routed)           0.000    14.961    livt_onnx_flant5_flant5application_i/model_instance/weights_instance/fixed_instance/math_instance/primitive_instance/ctor_result_reg[62]_i_104_n_0
    SLICE_X46Y23         CARRY4 (Prop_carry4_CI_CO[3])
                                                      0.117    15.078 r  livt_onnx_flant5_flant5application_i/model_instance/weights_instance/fixed_instance/math_instance/primitive_instance/ctor_result_reg[62]_i_103/CO[3]
                         net (fo=1, routed)           0.000    15.078    livt_onnx_flant5_flant5application_i/model_instance/weights_instance/fixed_instance/math_instance/primitive_instance/ctor_result_reg[62]_i_103_n_0
    SLICE_X46Y24         CARRY4 (Prop_carry4_CI_CO[3])
                                                      0.117    15.195 r  livt_onnx_flant5_flant5application_i/model_instance/weights_instance/fixed_instance/math_instance/primitive_instance/ctor_result_reg[62]_i_73/CO[3]
                         net (fo=1, routed)           0.009    15.204    livt_onnx_flant5_flant5application_i/model_instance/weights_instance/fixed_instance/math_instance/primitive_instance/ctor_result_reg[62]_i_73_n_0
    SLICE_X46Y25         CARRY4 (Prop_carry4_CI_CO[3])
                                                      0.117    15.321 r  livt_onnx_flant5_flant5application_i/model_instance/weights_instance/fixed_instance/math_instance/primitive_instance/ctor_result_reg[62]_i_72/CO[3]
                         net (fo=1, routed)           0.000    15.321    livt_onnx_flant5_flant5application_i/model_instance/weights_instance/fixed_instance/math_instance/primitive_instance/ctor_result_reg[62]_i_72_n_0
    SLICE_X46Y26         CARRY4 (Prop_carry4_CI_CO[3])
                                                      0.117    15.438 r  livt_onnx_flant5_flant5application_i/model_instance/weights_instance/fixed_instance/math_instance/primitive_instance/ctor_result_reg[62]_i_71/CO[3]
                         net (fo=1, routed)           0.000    15.438    livt_onnx_flant5_flant5application_i/model_instance/weights_instance/fixed_instance/math_instance/primitive_instance/ctor_result_reg[62]_i_71_n_0
    SLICE_X46Y27         CARRY4 (Prop_carry4_CI_CO[3])
                                                      0.117    15.555 r  livt_onnx_flant5_flant5application_i/model_instance/weights_instance/fixed_instance/math_instance/primitive_instance/ctor_result_reg[62]_i_49/CO[3]
                         net (fo=1, routed)           0.000    15.555    livt_onnx_flant5_flant5application_i/model_instance/weights_instance/fixed_instance/math_instance/primitive_instance/ctor_result_reg[62]_i_49_n_0
    SLICE_X46Y28         CARRY4 (Prop_carry4_CI_CO[3])
                                                      0.117    15.672 r  livt_onnx_flant5_flant5application_i/model_instance/weights_instance/fixed_instance/math_instance/primitive_instance/ctor_result_reg[62]_i_48/CO[3]
                         net (fo=1, routed)           0.000    15.672    livt_onnx_flant5_flant5application_i/model_instance/weights_instance/fixed_instance/math_instance/primitive_instance/ctor_result_reg[62]_i_48_n_0
    SLICE_X46Y29         CARRY4 (Prop_carry4_CI_CO[3])
                                                      0.117    15.789 r  livt_onnx_flant5_flant5application_i/model_instance/weights_instance/fixed_instance/math_instance/primitive_instance/ctor_result_reg[62]_i_47/CO[3]
                         net (fo=1, routed)           0.000    15.789    livt_onnx_flant5_flant5application_i/model_instance/weights_instance/fixed_instance/math_instance/primitive_instance/ctor_result_reg[62]_i_47_n_0
    SLICE_X46Y30         CARRY4 (Prop_carry4_CI_CO[3])
                                                      0.117    15.906 r  livt_onnx_flant5_flant5application_i/model_instance/weights_instance/fixed_instance/math_instance/primitive_instance/ctor_result_reg[62]_i_38/CO[3]
                         net (fo=1, routed)           0.000    15.906    livt_onnx_flant5_flant5application_i/model_instance/weights_instance/fixed_instance/math_instance/primitive_instance/ctor_result_reg[62]_i_38_n_0
    SLICE_X46Y31         CARRY4 (Prop_carry4_CI_CO[3])
                                                      0.117    16.023 r  livt_onnx_flant5_flant5application_i/model_instance/weights_instance/fixed_instance/math_instance/primitive_instance/ctor_result_reg[62]_i_37/CO[3]
                         net (fo=1, routed)           0.000    16.023    livt_onnx_flant5_flant5application_i/model_instance/weights_instance/fixed_instance/math_instance/primitive_instance/ctor_result_reg[62]_i_37_n_0
    SLICE_X46Y32         CARRY4 (Prop_carry4_CI_CO[3])
                                                      0.117    16.140 r  livt_onnx_flant5_flant5application_i/model_instance/weights_instance/fixed_instance/math_instance/primitive_instance/ctor_result_reg[62]_i_36/CO[3]
                         net (fo=1, routed)           0.000    16.140    livt_onnx_flant5_flant5application_i/model_instance/weights_instance/fixed_instance/math_instance/primitive_instance/ctor_result_reg[62]_i_36_n_0
    SLICE_X46Y33         CARRY4 (Prop_carry4_CI_O[2])
                                                      0.239    16.379 r  livt_onnx_flant5_flant5application_i/model_instance/weights_instance/fixed_instance/math_instance/primitive_instance/ctor_result_reg[62]_i_30/O[2]
                         net (fo=22, routed)          0.924    17.303    livt_onnx_flant5_flant5application_i/model_instance/weights_instance/fixed_instance/math_instance/primitive_instance/RESIZE[63]
    SLICE_X47Y22         LUT4 (Prop_lut4_I1_O)        0.301    17.604 r  livt_onnx_flant5_flant5application_i/model_instance/weights_instance/fixed_instance/math_instance/primitive_instance/ctor_result[62]_i_98/O
                         net (fo=1, routed)           0.330    17.934    livt_onnx_flant5_flant5application_i/model_instance/weights_instance/fixed_instance/math_instance/primitive_instance/ctor_result[62]_i_98_n_0
    SLICE_X47Y23         CARRY4 (Prop_carry4_CYINIT_CO[3])
                                                      0.580    18.514 r  livt_onnx_flant5_flant5application_i/model_instance/weights_instance/fixed_instance/math_instance/primitive_instance/ctor_result_reg[62]_i_66/CO[3]
                         net (fo=1, routed)           0.000    18.514    livt_onnx_flant5_flant5application_i/model_instance/weights_instance/fixed_instance/math_instance/primitive_instance/ctor_result_reg[62]_i_66_n_0
    SLICE_X47Y24         CARRY4 (Prop_carry4_CI_CO[3])
                                                      0.114    18.628 r  livt_onnx_flant5_flant5application_i/model_instance/weights_instance/fixed_instance/math_instance/primitive_instance/ctor_result_reg[62]_i_42/CO[3]
                         net (fo=1, routed)           0.009    18.637    livt_onnx_flant5_flant5application_i/model_instance/weights_instance/fixed_instance/math_instance/primitive_instance/ctor_result_reg[62]_i_42_n_0
    SLICE_X47Y25         CARRY4 (Prop_carry4_CI_CO[3])
                                                      0.114    18.751 r  livt_onnx_flant5_flant5application_i/model_instance/weights_instance/fixed_instance/math_instance/primitive_instance/ctor_result_reg[62]_i_31/CO[3]
                         net (fo=1, routed)           0.000    18.751    livt_onnx_flant5_flant5application_i/model_instance/weights_instance/fixed_instance/math_instance/primitive_instance/ctor_result_reg[62]_i_31_n_0
    SLICE_X47Y26         CARRY4 (Prop_carry4_CI_CO[3])
                                                      0.114    18.865 r  livt_onnx_flant5_flant5application_i/model_instance/weights_instance/fixed_instance/math_instance/primitive_instance/ctor_result_reg[62]_i_25/CO[3]
                         net (fo=1, routed)           0.000    18.865    livt_onnx_flant5_flant5application_i/model_instance/weights_instance/fixed_instance/math_instance/primitive_instance/ctor_result_reg[62]_i_25_n_0
    SLICE_X47Y27         CARRY4 (Prop_carry4_CI_CO[3])
                                                      0.114    18.979 r  livt_onnx_flant5_flant5application_i/model_instance/weights_instance/fixed_instance/math_instance/primitive_instance/ctor_result_reg[62]_i_23/CO[3]
                         net (fo=1, routed)           0.000    18.979    livt_onnx_flant5_flant5application_i/model_instance/weights_instance/fixed_instance/math_instance/primitive_instance/ctor_result_reg[62]_i_23_n_0
    SLICE_X47Y28         CARRY4 (Prop_carry4_CI_CO[0])
                                                      0.271    19.250 f  livt_onnx_flant5_flant5application_i/model_instance/weights_instance/fixed_instance/math_instance/primitive_instance/ctor_result_reg[62]_i_8/CO[0]
                         net (fo=1, routed)           0.772    20.021    livt_onnx_flant5_flant5application_i/model_instance/weights_instance/fixed_instance/math_instance/primitive_instance/data0
    SLICE_X41Y24         LUT6 (Prop_lut6_I4_O)        0.373    20.394 f  livt_onnx_flant5_flant5application_i/model_instance/weights_instance/fixed_instance/math_instance/primitive_instance/ctor_result[62]_i_2/O
                         net (fo=64, routed)          1.709    22.104    livt_onnx_flant5_flant5application_i/model_instance/weights_instance/fixed_instance/math_instance/primitive_instance/ctor_result[62]_i_2_n_0
    SLICE_X29Y12         LUT6 (Prop_lut6_I3_O)        0.124    22.228 r  livt_onnx_flant5_flant5application_i/model_instance/weights_instance/fixed_instance/math_instance/primitive_instance/ctor_result[5]_i_2/O
                         net (fo=1, routed)           0.481    22.709    livt_onnx_flant5_flant5application_i/model_instance/weights_instance/fixed_instance/math_instance/primitive_instance/ctor_result[5]_i_2_n_0
    SLICE_X29Y12         LUT6 (Prop_lut6_I4_O)        0.124    22.833 r  livt_onnx_flant5_flant5application_i/model_instance/weights_instance/fixed_instance/math_instance/primitive_instance/ctor_result[5]_i_1/O
                         net (fo=1, routed)           0.000    22.833    livt_onnx_flant5_flant5application_i/model_instance/weights_instance/fixed_instance/math_instance/primitive_instance/ctor_result[5]_i_1_n_0
    SLICE_X29Y12         FDRE                                         r  livt_onnx_flant5_flant5application_i/model_instance/weights_instance/fixed_instance/math_instance/primitive_instance/ctor_result_reg[5]/D
  -------------------------------------------------------------------    -------------------

                         (clock app_clock rise edge)
                                                     20.000    20.000 r  <hidden>
                                                      0.000    20.000 r  Clk
                         net (fo=102028, unset)       1.983    21.983    livt_onnx_flant5_flant5application_i/model_instance/weights_instance/fixed_instance/math_instance/primitive_instance/Clk
    SLICE_X29Y12         FDRE                                         r  livt_onnx_flant5_flant5application_i/model_instance/weights_instance/fixed_instance/math_instance/primitive_instance/ctor_result_reg[5]/C
                         clock pessimism              0.096    22.079    <hidden>
                         clock uncertainty           -0.035    22.044    <hidden>
    SLICE_X29Y12         FDRE (Setup_fdre_C_D)        0.031    22.075    livt_onnx_flant5_flant5application_i/model_instance/weights_instance/fixed_instance/math_instance/primitive_instance/ctor_result_reg[5]
  -------------------------------------------------------------------
                         required time                         22.075    <hidden>
                         arrival time                         -22.833    <hidden>
  -------------------------------------------------------------------
                         slack                                 -0.758    <hidden>

Slack (VIOLATED) :        -0.755ns  (required time - arrival time)
  Source:                 livt_onnx_flant5_flant5application_i/model_instance/weights_instance/fixed_instance/math_instance/primitive_instance/ARG__11/CLK
                            (rising edge-triggered cell DSP48E1 clocked by app_clock  {rise@0.000ns fall@10.000ns period=20.000ns})
  Destination:            livt_onnx_flant5_flant5application_i/model_instance/weights_instance/fixed_instance/math_instance/primitive_instance/ctor_result_reg[24]/D
                            (rising edge-triggered cell FDRE clocked by app_clock  {rise@0.000ns fall@10.000ns period=20.000ns})
  Path Group:             app_clock
  Path Type:              Setup (Max at Slow Process Corner)
  Requirement:            20.000ns  (app_clock rise@20.000ns - app_clock rise@0.000ns)
  Data Path Delay:        20.702ns  (logic 14.391ns (69.515%)  route 6.311ns (30.485%))
  Logic Levels:           32  (CARRY4=23 DSP48E1=3 LUT3=1 LUT4=2 LUT5=1 LUT6=2)
  Clock Path Skew:        -0.047ns (DCD - SCD + CPR)
    Destination Clock Delay (DCD):    1.979ns = ( 21.979 - 20.000 ) 
    Source Clock Delay      (SCD):    2.122ns
    Clock Pessimism Removal (CPR):    0.096ns
  Clock Uncertainty:      0.035ns  ((TSJ^2 + TIJ^2)^1/2 + DJ) / 2 + PE
    Total System Jitter     (TSJ):    0.071ns
    Total Input Jitter      (TIJ):    0.000ns
    Discrete Jitter          (DJ):    0.000ns
    Phase Error              (PE):    0.000ns

    Location             Delay type                Incr(ns)  Path(ns)    Netlist Resource(s)
  -------------------------------------------------------------------    -------------------
                         (clock app_clock rise edge)
                                                      0.000     0.000 r  <hidden>
                                                      0.000     0.000 r  Clk
                         net (fo=102028, unset)       2.122     2.122    livt_onnx_flant5_flant5application_i/model_instance/weights_instance/fixed_instance/math_instance/primitive_instance/Clk
    DSP48_X2Y0           DSP48E1                                      r  livt_onnx_flant5_flant5application_i/model_instance/weights_instance/fixed_instance/math_instance/primitive_instance/ARG__11/CLK
  -------------------------------------------------------------------    -------------------
    DSP48_X2Y0           DSP48E1 (Prop_dsp48e1_CLK_PCOUT[47])
                                                      4.206     6.328 r  livt_onnx_flant5_flant5application_i/model_instance/weights_instance/fixed_instance/math_instance/primitive_instance/ARG__11/PCOUT[47]
                         net (fo=1, routed)           0.002     6.330    livt_onnx_flant5_flant5application_i/model_instance/weights_instance/fixed_instance/math_instance/primitive_instance/ARG__11_n_106
    DSP48_X2Y1           DSP48E1 (Prop_dsp48e1_PCIN[47]_PCOUT[47])
                                                      1.713     8.043 r  livt_onnx_flant5_flant5application_i/model_instance/weights_instance/fixed_instance/math_instance/primitive_instance/ARG__12/PCOUT[47]
                         net (fo=1, routed)           0.002     8.045    livt_onnx_flant5_flant5application_i/model_instance/weights_instance/fixed_instance/math_instance/primitive_instance/ARG__12_n_106
    DSP48_X2Y2           DSP48E1 (Prop_dsp48e1_PCIN[47]_PCOUT[47])
                                                      1.713     9.758 r  livt_onnx_flant5_flant5application_i/model_instance/weights_instance/fixed_instance/math_instance/primitive_instance/ARG__13/PCOUT[47]
                         net (fo=1, routed)           0.002     9.760    livt_onnx_flant5_flant5application_i/model_instance/weights_instance/fixed_instance/math_instance/primitive_instance/ARG__13_n_106
    DSP48_X2Y3           DSP48E1 (Prop_dsp48e1_PCIN[47]_P[26])
                                                      1.518    11.278 r  livt_onnx_flant5_flant5application_i/model_instance/weights_instance/fixed_instance/math_instance/primitive_instance/ARG__14/P[26]
                         net (fo=2, routed)           1.265    12.542    livt_onnx_flant5_flant5application_i/model_instance/weights_instance/fixed_instance/math_instance/primitive_instance/p_3_in[60]
    SLICE_X46Y16         LUT3 (Prop_lut3_I1_O)        0.150    12.692 r  livt_onnx_flant5_flant5application_i/model_instance/weights_instance/fixed_instance/math_instance/primitive_instance/ctor_result[62]_i_12/O
                         net (fo=2, routed)           0.816    13.508    livt_onnx_flant5_flant5application_i/model_instance/weights_instance/fixed_instance/math_instance/primitive_instance/ctor_result[62]_i_12_n_0
    SLICE_X46Y17         LUT4 (Prop_lut4_I3_O)        0.355    13.863 r  livt_onnx_flant5_flant5application_i/model_instance/weights_instance/fixed_instance/math_instance/primitive_instance/ctor_result[62]_i_16/O
                         net (fo=1, routed)           0.000    13.863    livt_onnx_flant5_flant5application_i/model_instance/weights_instance/fixed_instance/math_instance/primitive_instance/ctor_result[62]_i_16_n_0
    SLICE_X46Y17         CARRY4 (Prop_carry4_S[0]_CO[3])
                                                      0.513    14.376 r  livt_onnx_flant5_flant5application_i/model_instance/weights_instance/fixed_instance/math_instance/primitive_instance/ctor_result_reg[62]_i_3/CO[3]
                         net (fo=1, routed)           0.000    14.376    livt_onnx_flant5_flant5application_i/model_instance/weights_instance/fixed_instance/math_instance/primitive_instance/ctor_result_reg[62]_i_3_n_0
    SLICE_X46Y18         CARRY4 (Prop_carry4_CI_CO[3])
                                                      0.117    14.493 r  livt_onnx_flant5_flant5application_i/model_instance/weights_instance/fixed_instance/math_instance/primitive_instance/ctor_result_reg[62]_i_130/CO[3]
                         net (fo=1, routed)           0.000    14.493    livt_onnx_flant5_flant5application_i/model_instance/weights_instance/fixed_instance/math_instance/primitive_instance/ctor_result_reg[62]_i_130_n_0
    SLICE_X46Y19         CARRY4 (Prop_carry4_CI_CO[3])
                                                      0.117    14.610 r  livt_onnx_flant5_flant5application_i/model_instance/weights_instance/fixed_instance/math_instance/primitive_instance/ctor_result_reg[62]_i_132/CO[3]
                         net (fo=1, routed)           0.000    14.610    livt_onnx_flant5_flant5application_i/model_instance/weights_instance/fixed_instance/math_instance/primitive_instance/ctor_result_reg[62]_i_132_n_0
    SLICE_X46Y20         CARRY4 (Prop_carry4_CI_CO[3])
                                                      0.117    14.727 r  livt_onnx_flant5_flant5application_i/model_instance/weights_instance/fixed_instance/math_instance/primitive_instance/ctor_result_reg[62]_i_131/CO[3]
                         net (fo=1, routed)           0.000    14.727    livt_onnx_flant5_flant5application_i/model_instance/weights_instance/fixed_instance/math_instance/primitive_instance/ctor_result_reg[62]_i_131_n_0
    SLICE_X46Y21         CARRY4 (Prop_carry4_CI_CO[3])
                                                      0.117    14.844 r  livt_onnx_flant5_flant5application_i/model_instance/weights_instance/fixed_instance/math_instance/primitive_instance/ctor_result_reg[62]_i_105/CO[3]
                         net (fo=1, routed)           0.000    14.844    livt_onnx_flant5_flant5application_i/model_instance/weights_instance/fixed_instance/math_instance/primitive_instance/ctor_result_reg[62]_i_105_n_0
    SLICE_X46Y22         CARRY4 (Prop_carry4_CI_CO[3])
                                                      0.117    14.961 r  livt_onnx_flant5_flant5application_i/model_instance/weights_instance/fixed_instance/math_instance/primitive_instance/ctor_result_reg[62]_i_104/CO[3]
                         net (fo=1, routed)           0.000    14.961    livt_onnx_flant5_flant5application_i/model_instance/weights_instance/fixed_instance/math_instance/primitive_instance/ctor_result_reg[62]_i_104_n_0
    SLICE_X46Y23         CARRY4 (Prop_carry4_CI_CO[3])
                                                      0.117    15.078 r  livt_onnx_flant5_flant5application_i/model_instance/weights_instance/fixed_instance/math_instance/primitive_instance/ctor_result_reg[62]_i_103/CO[3]
                         net (fo=1, routed)           0.000    15.078    livt_onnx_flant5_flant5application_i/model_instance/weights_instance/fixed_instance/math_instance/primitive_instance/ctor_result_reg[62]_i_103_n_0
    SLICE_X46Y24         CARRY4 (Prop_carry4_CI_CO[3])
                                                      0.117    15.195 r  livt_onnx_flant5_flant5application_i/model_instance/weights_instance/fixed_instance/math_instance/primitive_instance/ctor_result_reg[62]_i_73/CO[3]
                         net (fo=1, routed)           0.009    15.204    livt_onnx_flant5_flant5application_i/model_instance/weights_instance/fixed_instance/math_instance/primitive_instance/ctor_result_reg[62]_i_73_n_0
    SLICE_X46Y25         CARRY4 (Prop_carry4_CI_CO[3])
                                                      0.117    15.321 r  livt_onnx_flant5_flant5application_i/model_instance/weights_instance/fixed_instance/math_instance/primitive_instance/ctor_result_reg[62]_i_72/CO[3]
                         net (fo=1, routed)           0.000    15.321    livt_onnx_flant5_flant5application_i/model_instance/weights_instance/fixed_instance/math_instance/primitive_instance/ctor_result_reg[62]_i_72_n_0
    SLICE_X46Y26         CARRY4 (Prop_carry4_CI_CO[3])
                                                      0.117    15.438 r  livt_onnx_flant5_flant5application_i/model_instance/weights_instance/fixed_instance/math_instance/primitive_instance/ctor_result_reg[62]_i_71/CO[3]
                         net (fo=1, routed)           0.000    15.438    livt_onnx_flant5_flant5application_i/model_instance/weights_instance/fixed_instance/math_instance/primitive_instance/ctor_result_reg[62]_i_71_n_0
    SLICE_X46Y27         CARRY4 (Prop_carry4_CI_CO[3])
                                                      0.117    15.555 r  livt_onnx_flant5_flant5application_i/model_instance/weights_instance/fixed_instance/math_instance/primitive_instance/ctor_result_reg[62]_i_49/CO[3]
                         net (fo=1, routed)           0.000    15.555    livt_onnx_flant5_flant5application_i/model_instance/weights_instance/fixed_instance/math_instance/primitive_instance/ctor_result_reg[62]_i_49_n_0
    SLICE_X46Y28         CARRY4 (Prop_carry4_CI_CO[3])
                                                      0.117    15.672 r  livt_onnx_flant5_flant5application_i/model_instance/weights_instance/fixed_instance/math_instance/primitive_instance/ctor_result_reg[62]_i_48/CO[3]
                         net (fo=1, routed)           0.000    15.672    livt_onnx_flant5_flant5application_i/model_instance/weights_instance/fixed_instance/math_instance/primitive_instance/ctor_result_reg[62]_i_48_n_0
    SLICE_X46Y29         CARRY4 (Prop_carry4_CI_CO[3])
                                                      0.117    15.789 r  livt_onnx_flant5_flant5application_i/model_instance/weights_instance/fixed_instance/math_instance/primitive_instance/ctor_result_reg[62]_i_47/CO[3]
                         net (fo=1, routed)           0.000    15.789    livt_onnx_flant5_flant5application_i/model_instance/weights_instance/fixed_instance/math_instance/primitive_instance/ctor_result_reg[62]_i_47_n_0
    SLICE_X46Y30         CARRY4 (Prop_carry4_CI_CO[3])
                                                      0.117    15.906 r  livt_onnx_flant5_flant5application_i/model_instance/weights_instance/fixed_instance/math_instance/primitive_instance/ctor_result_reg[62]_i_38/CO[3]
                         net (fo=1, routed)           0.000    15.906    livt_onnx_flant5_flant5application_i/model_instance/weights_instance/fixed_instance/math_instance/primitive_instance/ctor_result_reg[62]_i_38_n_0
    SLICE_X46Y31         CARRY4 (Prop_carry4_CI_CO[3])
                                                      0.117    16.023 r  livt_onnx_flant5_flant5application_i/model_instance/weights_instance/fixed_instance/math_instance/primitive_instance/ctor_result_reg[62]_i_37/CO[3]
                         net (fo=1, routed)           0.000    16.023    livt_onnx_flant5_flant5application_i/model_instance/weights_instance/fixed_instance/math_instance/primitive_instance/ctor_result_reg[62]_i_37_n_0
    SLICE_X46Y32         CARRY4 (Prop_carry4_CI_CO[3])
                                                      0.117    16.140 r  livt_onnx_flant5_flant5application_i/model_instance/weights_instance/fixed_instance/math_instance/primitive_instance/ctor_result_reg[62]_i_36/CO[3]
                         net (fo=1, routed)           0.000    16.140    livt_onnx_flant5_flant5application_i/model_instance/weights_instance/fixed_instance/math_instance/primitive_instance/ctor_result_reg[62]_i_36_n_0
    SLICE_X46Y33         CARRY4 (Prop_carry4_CI_O[2])
                                                      0.239    16.379 r  livt_onnx_flant5_flant5application_i/model_instance/weights_instance/fixed_instance/math_instance/primitive_instance/ctor_result_reg[62]_i_30/O[2]
                         net (fo=22, routed)          0.924    17.303    livt_onnx_flant5_flant5application_i/model_instance/weights_instance/fixed_instance/math_instance/primitive_instance/RESIZE[63]
    SLICE_X47Y22         LUT4 (Prop_lut4_I1_O)        0.301    17.604 r  livt_onnx_flant5_flant5application_i/model_instance/weights_instance/fixed_instance/math_instance/primitive_instance/ctor_result[62]_i_98/O
                         net (fo=1, routed)           0.330    17.934    livt_onnx_flant5_flant5application_i/model_instance/weights_instance/fixed_instance/math_instance/primitive_instance/ctor_result[62]_i_98_n_0
    SLICE_X47Y23         CARRY4 (Prop_carry4_CYINIT_CO[3])
                                                      0.580    18.514 r  livt_onnx_flant5_flant5application_i/model_instance/weights_instance/fixed_instance/math_instance/primitive_instance/ctor_result_reg[62]_i_66/CO[3]
                         net (fo=1, routed)           0.000    18.514    livt_onnx_flant5_flant5application_i/model_instance/weights_instance/fixed_instance/math_instance/primitive_instance/ctor_result_reg[62]_i_66_n_0
    SLICE_X47Y24         CARRY4 (Prop_carry4_CI_CO[3])
                                                      0.114    18.628 r  livt_onnx_flant5_flant5application_i/model_instance/weights_instance/fixed_instance/math_instance/primitive_instance/ctor_result_reg[62]_i_42/CO[3]
                         net (fo=1, routed)           0.009    18.637    livt_onnx_flant5_flant5application_i/model_instance/weights_instance/fixed_instance/math_instance/primitive_instance/ctor_result_reg[62]_i_42_n_0
    SLICE_X47Y25         CARRY4 (Prop_carry4_CI_CO[3])
                                                      0.114    18.751 r  livt_onnx_flant5_flant5application_i/model_instance/weights_instance/fixed_instance/math_instance/primitive_instance/ctor_result_reg[62]_i_31/CO[3]
                         net (fo=1, routed)           0.000    18.751    livt_onnx_flant5_flant5application_i/model_instance/weights_instance/fixed_instance/math_instance/primitive_instance/ctor_result_reg[62]_i_31_n_0
    SLICE_X47Y26         CARRY4 (Prop_carry4_CI_CO[3])
                                                      0.114    18.865 r  livt_onnx_flant5_flant5application_i/model_instance/weights_instance/fixed_instance/math_instance/primitive_instance/ctor_result_reg[62]_i_25/CO[3]
                         net (fo=1, routed)           0.000    18.865    livt_onnx_flant5_flant5application_i/model_instance/weights_instance/fixed_instance/math_instance/primitive_instance/ctor_result_reg[62]_i_25_n_0
    SLICE_X47Y27         CARRY4 (Prop_carry4_CI_CO[3])
                                                      0.114    18.979 r  livt_onnx_flant5_flant5application_i/model_instance/weights_instance/fixed_instance/math_instance/primitive_instance/ctor_result_reg[62]_i_23/CO[3]
                         net (fo=1, routed)           0.000    18.979    livt_onnx_flant5_flant5application_i/model_instance/weights_instance/fixed_instance/math_instance/primitive_instance/ctor_result_reg[62]_i_23_n_0
    SLICE_X47Y28         CARRY4 (Prop_carry4_CI_CO[0])
                                                      0.271    19.250 f  livt_onnx_flant5_flant5application_i/model_instance/weights_instance/fixed_instance/math_instance/primitive_instance/ctor_result_reg[62]_i_8/CO[0]
                         net (fo=1, routed)           0.772    20.021    livt_onnx_flant5_flant5application_i/model_instance/weights_instance/fixed_instance/math_instance/primitive_instance/data0
    SLICE_X41Y24         LUT6 (Prop_lut6_I4_O)        0.373    20.394 f  livt_onnx_flant5_flant5application_i/model_instance/weights_instance/fixed_instance/math_instance/primitive_instance/ctor_result[62]_i_2/O
                         net (fo=64, routed)          1.417    21.811    livt_onnx_flant5_flant5application_i/model_instance/weights_instance/fixed_instance/math_instance/primitive_instance/ctor_result[62]_i_2_n_0
    SLICE_X35Y15         LUT5 (Prop_lut5_I4_O)        0.124    21.935 r  livt_onnx_flant5_flant5application_i/model_instance/weights_instance/fixed_instance/math_instance/primitive_instance/ctor_result[24]_i_2/O
                         net (fo=1, routed)           0.764    22.700    livt_onnx_flant5_flant5application_i/model_instance/weights_instance/fixed_instance/math_instance/primitive_instance/ctor_result[24]_i_2_n_0
    SLICE_X32Y16         LUT6 (Prop_lut6_I0_O)        0.124    22.824 r  livt_onnx_flant5_flant5application_i/model_instance/weights_instance/fixed_instance/math_instance/primitive_instance/ctor_result[24]_i_1/O
                         net (fo=1, routed)           0.000    22.824    livt_onnx_flant5_flant5application_i/model_instance/weights_instance/fixed_instance/math_instance/primitive_instance/ctor_result[24]_i_1_n_0
    SLICE_X32Y16         FDRE                                         r  livt_onnx_flant5_flant5application_i/model_instance/weights_instance/fixed_instance/math_instance/primitive_instance/ctor_result_reg[24]/D
  -------------------------------------------------------------------    -------------------

                         (clock app_clock rise edge)
                                                     20.000    20.000 r  <hidden>
                                                      0.000    20.000 r  Clk
                         net (fo=102028, unset)       1.979    21.979    livt_onnx_flant5_flant5application_i/model_instance/weights_instance/fixed_instance/math_instance/primitive_instance/Clk
    SLICE_X32Y16         FDRE                                         r  livt_onnx_flant5_flant5application_i/model_instance/weights_instance/fixed_instance/math_instance/primitive_instance/ctor_result_reg[24]/C
                         clock pessimism              0.096    22.075    <hidden>
                         clock uncertainty           -0.035    22.040    <hidden>
    SLICE_X32Y16         FDRE (Setup_fdre_C_D)        0.029    22.069    livt_onnx_flant5_flant5application_i/model_instance/weights_instance/fixed_instance/math_instance/primitive_instance/ctor_result_reg[24]
  -------------------------------------------------------------------
                         required time                         22.069    <hidden>
                         arrival time                         -22.824    <hidden>
  -------------------------------------------------------------------
                         slack                                 -0.755    <hidden>




